ISO-10303-21;
HEADER;
/* Generated by software containing ST-Developer
 * from STEP Tools, Inc. (www.steptools.com) 
 */
/* OPTION: using custom renumber hook */

FILE_DESCRIPTION(
/* description */ ('STEP AP242 Edition 2',
'CAx-IF Rec.Pracs.---Representation and Presentation of Product Manufa
cturing Information (PMI)---4.0---2014-10-13',
'CAx-IF Rec.Pracs.---3D Tessellated Geometry---0.4---2014-09-14','2;1',
'CAx-IF Rec.Pracs.---User Defined Attributes---1.5---2016-08-15'),
/* implementation_level */ '2;1');

FILE_NAME(
/* name */ '6a32d771fc247f6640c6b17a',
/* time_stamp */ '2026-06-17T17:20:50Z',
/* author */ (''),
/* organization */ (''),
/* preprocessor_version */ 'ST-DEVELOPER v20',
/* originating_system */ 'ONSHAPE BY PTC INC, 1.216',
/* authorisation */ '  ');

FILE_SCHEMA (('AP242_MANAGED_MODEL_BASED_3D_ENGINEERING_MIM_LF { 1 0 10303 442 3 1 4 }'));
ENDSEC;

DATA;
#10=CONTEXT_DEPENDENT_SHAPE_REPRESENTATION(#12,#14028);
#11=NEXT_ASSEMBLY_USAGE_OCCURRENCE('NAUO1','Part 1','Part 1',#14029,#14030,
'');
#12=(
REPRESENTATION_RELATIONSHIP(' ',' ',#8645,#8644)
REPRESENTATION_RELATIONSHIP_WITH_TRANSFORMATION(#13)
SHAPE_REPRESENTATION_RELATIONSHIP()
);
#13=ITEM_DEFINED_TRANSFORMATION(' ',' ',#8646,#9223);
#14=SHAPE_REPRESENTATION_RELATIONSHIP('','',#8645,#15);
#15=ADVANCED_BREP_SHAPE_REPRESENTATION('',(#8641),#14020);
#16=(
BOUNDED_SURFACE()
B_SPLINE_SURFACE(3,2,((#13858,#13859,#13860),(#13861,#13862,#13863),(#13864,
#13865,#13866),(#13867,#13868,#13869)),.UNSPECIFIED.,.F.,.F.,.F.)
B_SPLINE_SURFACE_WITH_KNOTS((4,4),(3,3),(4.15249432061948E-17,0.000681264866299537),
(0.,1.),.PIECEWISE_BEZIER_KNOTS.)
GEOMETRIC_REPRESENTATION_ITEM()
RATIONAL_B_SPLINE_SURFACE(((1.,0.707106781186548,1.),(1.,0.707106781186548,
1.),(1.,0.707106781186548,1.),(1.,0.707106781186548,1.)))
REPRESENTATION_ITEM('')
SURFACE()
);
#17=(
BOUNDED_SURFACE()
B_SPLINE_SURFACE(3,2,((#13875,#13876,#13877),(#13878,#13879,#13880),(#13881,
#13882,#13883),(#13884,#13885,#13886)),.UNSPECIFIED.,.F.,.F.,.F.)
B_SPLINE_SURFACE_WITH_KNOTS((4,4),(3,3),(-4.98732999343332E-18,0.00110161985797432),
(0.,1.),.PIECEWISE_BEZIER_KNOTS.)
GEOMETRIC_REPRESENTATION_ITEM()
RATIONAL_B_SPLINE_SURFACE(((1.,0.707106781186555,1.),(1.,0.707106781186555,
1.),(1.,0.707106781186548,1.),(1.,0.707106781186548,1.)))
REPRESENTATION_ITEM('')
SURFACE()
);
#18=(
BOUNDED_SURFACE()
B_SPLINE_SURFACE(3,2,((#13894,#13895,#13896),(#13897,#13898,#13899),(#13900,
#13901,#13902),(#13903,#13904,#13905)),.UNSPECIFIED.,.F.,.F.,.F.)
B_SPLINE_SURFACE_WITH_KNOTS((4,4),(3,3),(7.26415455565288E-18,0.00123074818073478),
(0.,1.),.PIECEWISE_BEZIER_KNOTS.)
GEOMETRIC_REPRESENTATION_ITEM()
RATIONAL_B_SPLINE_SURFACE(((1.,0.707106781186548,1.),(1.,0.707106781186548,
1.),(1.,0.707106781186555,1.),(1.,0.707106781186555,1.)))
REPRESENTATION_ITEM('')
SURFACE()
);
#19=(
BOUNDED_SURFACE()
B_SPLINE_SURFACE(3,2,((#13920,#13921,#13922),(#13923,#13924,#13925),(#13926,
#13927,#13928),(#13929,#13930,#13931)),.UNSPECIFIED.,.F.,.F.,.F.)
B_SPLINE_SURFACE_WITH_KNOTS((4,4),(3,3),(-2.80266261587503E-17,0.000865780923078918),
(0.,1.),.PIECEWISE_BEZIER_KNOTS.)
GEOMETRIC_REPRESENTATION_ITEM()
RATIONAL_B_SPLINE_SURFACE(((1.,0.707106781186548,1.),(1.,0.707106781186548,
1.),(1.,0.707106781186548,1.),(1.,0.707106781186548,1.)))
REPRESENTATION_ITEM('')
SURFACE()
);
#20=(
BOUNDED_SURFACE()
B_SPLINE_SURFACE(3,2,((#13933,#13934,#13935),(#13936,#13937,#13938),(#13939,
#13940,#13941),(#13942,#13943,#13944),(#13945,#13946,#13947)),
 .UNSPECIFIED.,.F.,.F.,.F.)
B_SPLINE_SURFACE_WITH_KNOTS((4,1,4),(3,3),(2.45029690981724E-17,0.000309509874665512,
0.000619019749331),(0.,1.),.UNSPECIFIED.)
GEOMETRIC_REPRESENTATION_ITEM()
RATIONAL_B_SPLINE_SURFACE(((1.,0.707106781186548,1.),(1.,0.707106781186548,
1.),(1.,0.707106781186548,1.),(1.,0.707106781186548,1.),(1.,0.707106781186548,
1.)))
REPRESENTATION_ITEM('')
SURFACE()
);
#21=(
BOUNDED_SURFACE()
B_SPLINE_SURFACE(3,2,((#13949,#13950,#13951),(#13952,#13953,#13954),(#13955,
#13956,#13957),(#13958,#13959,#13960)),.UNSPECIFIED.,.F.,.F.,.F.)
B_SPLINE_SURFACE_WITH_KNOTS((4,4),(3,3),(-2.21719344273286E-17,0.000862728056926897),
(0.,1.),.PIECEWISE_BEZIER_KNOTS.)
GEOMETRIC_REPRESENTATION_ITEM()
RATIONAL_B_SPLINE_SURFACE(((1.,0.707106781186548,1.),(1.,0.707106781186548,
1.),(1.,0.707106781186548,1.),(1.,0.707106781186548,1.)))
REPRESENTATION_ITEM('')
SURFACE()
);
#22=(
BOUNDED_SURFACE()
B_SPLINE_SURFACE(3,2,((#13962,#13963,#13964),(#13965,#13966,#13967),(#13968,
#13969,#13970),(#13971,#13972,#13973)),.UNSPECIFIED.,.F.,.F.,.F.)
B_SPLINE_SURFACE_WITH_KNOTS((4,4),(3,3),(1.36880524276295E-17,0.000622797722707117),
(0.,1.),.PIECEWISE_BEZIER_KNOTS.)
GEOMETRIC_REPRESENTATION_ITEM()
RATIONAL_B_SPLINE_SURFACE(((1.,0.707106781186548,1.),(1.,0.707106781186548,
1.),(1.,0.707106781186548,1.),(1.,0.707106781186548,1.)))
REPRESENTATION_ITEM('')
SURFACE()
);
#23=(
BOUNDED_SURFACE()
B_SPLINE_SURFACE(3,2,((#13979,#13980,#13981),(#13982,#13983,#13984),(#13985,
#13986,#13987),(#13988,#13989,#13990)),.UNSPECIFIED.,.F.,.F.,.F.)
B_SPLINE_SURFACE_WITH_KNOTS((4,4),(3,3),(-4.55364912443912E-18,0.000931376597455881),
(0.,1.),.PIECEWISE_BEZIER_KNOTS.)
GEOMETRIC_REPRESENTATION_ITEM()
RATIONAL_B_SPLINE_SURFACE(((1.,0.707106781186548,1.),(1.,0.707106781186548,
1.),(1.,0.707106781186548,1.),(1.,0.707106781186548,1.)))
REPRESENTATION_ITEM('')
SURFACE()
);
#24=(
BOUNDED_SURFACE()
B_SPLINE_SURFACE(3,2,((#13994,#13995,#13996),(#13997,#13998,#13999),(#14000,
#14001,#14002),(#14003,#14004,#14005),(#14006,#14007,#14008)),
 .UNSPECIFIED.,.F.,.F.,.F.)
B_SPLINE_SURFACE_WITH_KNOTS((4,1,4),(3,3),(-1.34441069388203E-17,0.000471134891488439,
0.000942269782976891),(0.,1.),.UNSPECIFIED.)
GEOMETRIC_REPRESENTATION_ITEM()
RATIONAL_B_SPLINE_SURFACE(((1.,0.707106781186548,1.),(1.,0.707106781186548,
1.),(1.,0.707106781186548,1.),(1.,0.707106781186548,1.),(1.,0.707106781186548,
1.)))
REPRESENTATION_ITEM('')
SURFACE()
);
#25=B_SPLINE_SURFACE_WITH_KNOTS('',3,1,((#13549,#13550),(#13551,#13552),
(#13553,#13554),(#13555,#13556)),.SURF_OF_LINEAR_EXTRUSION.,.F.,.F.,.F.,
(4,4),(2,2),(0.,1.),(0.,1.),.PIECEWISE_BEZIER_KNOTS.);
#26=B_SPLINE_SURFACE_WITH_KNOTS('',3,1,((#13567,#13568),(#13569,#13570),
(#13571,#13572),(#13573,#13574)),.SURF_OF_LINEAR_EXTRUSION.,.F.,.F.,.F.,
(4,4),(2,2),(0.,1.),(0.,1.),.PIECEWISE_BEZIER_KNOTS.);
#27=B_SPLINE_SURFACE_WITH_KNOTS('',3,1,((#13585,#13586),(#13587,#13588),
(#13589,#13590),(#13591,#13592)),.SURF_OF_LINEAR_EXTRUSION.,.F.,.F.,.F.,
(4,4),(2,2),(0.,1.),(0.,1.),.PIECEWISE_BEZIER_KNOTS.);
#28=B_SPLINE_SURFACE_WITH_KNOTS('',3,1,((#13603,#13604),(#13605,#13606),
(#13607,#13608),(#13609,#13610)),.SURF_OF_LINEAR_EXTRUSION.,.F.,.F.,.F.,
(4,4),(2,2),(0.,1.),(0.,1.),.PIECEWISE_BEZIER_KNOTS.);
#29=B_SPLINE_SURFACE_WITH_KNOTS('',3,1,((#13691,#13692),(#13693,#13694),
(#13695,#13696),(#13697,#13698)),.SURF_OF_LINEAR_EXTRUSION.,.F.,.F.,.F.,
(4,4),(2,2),(0.,1.),(0.,1.),.PIECEWISE_BEZIER_KNOTS.);
#30=B_SPLINE_SURFACE_WITH_KNOTS('',3,1,((#13709,#13710),(#13711,#13712),
(#13713,#13714),(#13715,#13716)),.SURF_OF_LINEAR_EXTRUSION.,.F.,.F.,.F.,
(4,4),(2,2),(0.,1.),(0.,1.),.PIECEWISE_BEZIER_KNOTS.);
#31=B_SPLINE_SURFACE_WITH_KNOTS('',3,1,((#13727,#13728),(#13729,#13730),
(#13731,#13732),(#13733,#13734)),.SURF_OF_LINEAR_EXTRUSION.,.F.,.F.,.F.,
(4,4),(2,2),(0.,1.),(0.,1.),.PIECEWISE_BEZIER_KNOTS.);
#32=VERTEX_LOOP('',#6528);
#33=CONICAL_SURFACE('',#9136,0.0017,1.02974425867665);
#34=SPHERICAL_SURFACE('',#9095,0.001);
#35=SPHERICAL_SURFACE('',#9106,0.001);
#36=SPHERICAL_SURFACE('',#9108,0.001);
#37=SPHERICAL_SURFACE('',#9114,0.001);
#38=SPHERICAL_SURFACE('',#9158,0.001);
#39=SPHERICAL_SURFACE('',#9165,0.001);
#40=SPHERICAL_SURFACE('',#9167,0.001);
#41=SPHERICAL_SURFACE('',#9173,0.001);
#42=SPHERICAL_SURFACE('',#9181,0.0002);
#43=SPHERICAL_SURFACE('',#9183,0.0002);
#44=SPHERICAL_SURFACE('',#9193,0.0002);
#45=SPHERICAL_SURFACE('',#9195,0.0002);
#46=SPHERICAL_SURFACE('',#9213,0.0002);
#47=SPHERICAL_SURFACE('',#9220,0.0002);
#48=ELLIPSE('',#9069,0.00141421356237309,0.001);
#49=ELLIPSE('',#9070,0.00141421356237309,0.001);
#50=ELLIPSE('',#9072,0.00141421356237309,0.001);
#51=ELLIPSE('',#9073,0.00141421356237309,0.001);
#52=ELLIPSE('',#9076,0.00141421356237309,0.001);
#53=ELLIPSE('',#9077,0.00141421356237309,0.001);
#54=ELLIPSE('',#9079,0.00141421356237309,0.001);
#55=ELLIPSE('',#9081,0.00141421356237309,0.001);
#56=ELLIPSE('',#9083,0.00141421356237309,0.001);
#57=ELLIPSE('',#9084,0.00141421356237309,0.001);
#58=ELLIPSE('',#9086,0.00141421356237309,0.001);
#59=ELLIPSE('',#9087,0.00141421356237309,0.001);
#60=ELLIPSE('',#9089,0.00141421356237309,0.001);
#61=ELLIPSE('',#9091,0.00141421356237309,0.001);
#62=ELLIPSE('',#9122,0.00141421356237309,0.001);
#63=ELLIPSE('',#9123,0.00141421356237309,0.001);
#64=ELLIPSE('',#9125,0.00141421356237309,0.001);
#65=ELLIPSE('',#9127,0.00141421356237309,0.001);
#66=ELLIPSE('',#9131,0.00141421356237309,0.001);
#67=ELLIPSE('',#9133,0.00141421356237309,0.001);
#68=CYLINDRICAL_SURFACE('',#8731,0.0027);
#69=CYLINDRICAL_SURFACE('',#8733,0.0027);
#70=CYLINDRICAL_SURFACE('',#8739,0.0017);
#71=CYLINDRICAL_SURFACE('',#8745,0.0017);
#72=CYLINDRICAL_SURFACE('',#8747,0.0065);
#73=CYLINDRICAL_SURFACE('',#8751,0.0065);
#74=CYLINDRICAL_SURFACE('',#8755,0.0064999999999999);
#75=CYLINDRICAL_SURFACE('',#8758,0.00649999999999948);
#76=CYLINDRICAL_SURFACE('',#8766,0.00650000000000491);
#77=CYLINDRICAL_SURFACE('',#8769,0.00649999999999948);
#78=CYLINDRICAL_SURFACE('',#8773,0.00650000000000232);
#79=CYLINDRICAL_SURFACE('',#8781,0.0065);
#80=CYLINDRICAL_SURFACE('',#8808,0.00650000000000065);
#81=CYLINDRICAL_SURFACE('',#8821,0.00649999999999991);
#82=CYLINDRICAL_SURFACE('',#8825,0.0065);
#83=CYLINDRICAL_SURFACE('',#8836,0.00650000000000062);
#84=CYLINDRICAL_SURFACE('',#8840,0.00649999999999986);
#85=CYLINDRICAL_SURFACE('',#8865,0.00650000000000919);
#86=CYLINDRICAL_SURFACE('',#8871,0.00649999999997731);
#87=CYLINDRICAL_SURFACE('',#8876,0.00649999999999798);
#88=CYLINDRICAL_SURFACE('',#8897,0.00649999999999954);
#89=CYLINDRICAL_SURFACE('',#8907,0.00649999999999905);
#90=CYLINDRICAL_SURFACE('',#8911,0.00650000000003521);
#91=CYLINDRICAL_SURFACE('',#9009,0.00649999999859661);
#92=CYLINDRICAL_SURFACE('',#9034,0.00075);
#93=CYLINDRICAL_SURFACE('',#9037,0.00075);
#94=CYLINDRICAL_SURFACE('',#9040,0.00075);
#95=CYLINDRICAL_SURFACE('',#9043,0.00075);
#96=CYLINDRICAL_SURFACE('',#9046,0.00075);
#97=CYLINDRICAL_SURFACE('',#9049,0.00075);
#98=CYLINDRICAL_SURFACE('',#9052,0.00075);
#99=CYLINDRICAL_SURFACE('',#9055,0.00075);
#100=CYLINDRICAL_SURFACE('',#9058,0.00075);
#101=CYLINDRICAL_SURFACE('',#9061,0.00075);
#102=CYLINDRICAL_SURFACE('',#9068,0.001);
#103=CYLINDRICAL_SURFACE('',#9071,0.001);
#104=CYLINDRICAL_SURFACE('',#9074,0.001);
#105=CYLINDRICAL_SURFACE('',#9075,0.001);
#106=CYLINDRICAL_SURFACE('',#9078,0.001);
#107=CYLINDRICAL_SURFACE('',#9080,0.001);
#108=CYLINDRICAL_SURFACE('',#9082,0.001);
#109=CYLINDRICAL_SURFACE('',#9085,0.001);
#110=CYLINDRICAL_SURFACE('',#9088,0.001);
#111=CYLINDRICAL_SURFACE('',#9090,0.001);
#112=CYLINDRICAL_SURFACE('',#9092,0.001);
#113=CYLINDRICAL_SURFACE('',#9093,0.001);
#114=CYLINDRICAL_SURFACE('',#9098,0.001);
#115=CYLINDRICAL_SURFACE('',#9100,0.001);
#116=CYLINDRICAL_SURFACE('',#9102,0.001);
#117=CYLINDRICAL_SURFACE('',#9104,0.001);
#118=CYLINDRICAL_SURFACE('',#9110,0.001);
#119=CYLINDRICAL_SURFACE('',#9112,0.001);
#120=CYLINDRICAL_SURFACE('',#9116,0.001);
#121=CYLINDRICAL_SURFACE('',#9121,0.001);
#122=CYLINDRICAL_SURFACE('',#9124,0.001);
#123=CYLINDRICAL_SURFACE('',#9126,0.001);
#124=CYLINDRICAL_SURFACE('',#9128,0.001);
#125=CYLINDRICAL_SURFACE('',#9129,0.001);
#126=CYLINDRICAL_SURFACE('',#9130,0.001);
#127=CYLINDRICAL_SURFACE('',#9132,0.001);
#128=CYLINDRICAL_SURFACE('',#9134,0.001);
#129=CYLINDRICAL_SURFACE('',#9135,0.001);
#130=CYLINDRICAL_SURFACE('',#9146,0.00351161573438106);
#131=CYLINDRICAL_SURFACE('',#9149,0.00113363265758287);
#132=CYLINDRICAL_SURFACE('',#9161,0.001);
#133=CYLINDRICAL_SURFACE('',#9163,0.001);
#134=CYLINDRICAL_SURFACE('',#9169,0.001);
#135=CYLINDRICAL_SURFACE('',#9171,0.001);
#136=CYLINDRICAL_SURFACE('',#9174,0.0002);
#137=CYLINDRICAL_SURFACE('',#9176,0.0002);
#138=CYLINDRICAL_SURFACE('',#9178,0.0002);
#139=CYLINDRICAL_SURFACE('',#9185,0.0002);
#140=CYLINDRICAL_SURFACE('',#9187,0.0002);
#141=CYLINDRICAL_SURFACE('',#9189,0.0002);
#142=CYLINDRICAL_SURFACE('',#9191,0.0002);
#143=CYLINDRICAL_SURFACE('',#9197,0.0002);
#144=CYLINDRICAL_SURFACE('',#9199,0.0002);
#145=CYLINDRICAL_SURFACE('',#9203,0.0002);
#146=CYLINDRICAL_SURFACE('',#9208,0.0002);
#147=CYLINDRICAL_SURFACE('',#9210,0.0002);
#148=CYLINDRICAL_SURFACE('',#9216,0.0002);
#149=CYLINDRICAL_SURFACE('',#9218,0.0002);
#150=CYLINDRICAL_SURFACE('',#9222,0.0002);
#151=CIRCLE('',#8649,0.00649999999859661);
#152=CIRCLE('',#8650,0.00650000000003521);
#153=CIRCLE('',#8651,0.00649999999999954);
#154=CIRCLE('',#8652,0.00649999999999798);
#155=CIRCLE('',#8653,0.00649999999997731);
#156=CIRCLE('',#8654,0.0065);
#157=CIRCLE('',#8655,0.00649999999999991);
#158=CIRCLE('',#8656,0.0065);
#159=CIRCLE('',#8657,0.00650000000000232);
#160=CIRCLE('',#8658,0.00649999999999948);
#161=CIRCLE('',#8659,0.00650000000000491);
#162=CIRCLE('',#8660,0.00649999999999948);
#163=CIRCLE('',#8661,0.0064999999999999);
#164=CIRCLE('',#8662,0.0065);
#165=CIRCLE('',#8663,0.0065);
#166=CIRCLE('',#8664,0.00650000000000065);
#167=CIRCLE('',#8665,0.00650000000000062);
#168=CIRCLE('',#8666,0.00649999999999986);
#169=CIRCLE('',#8667,0.00650000000000919);
#170=CIRCLE('',#8668,0.00649999999999905);
#171=CIRCLE('',#8669,0.001);
#172=CIRCLE('',#8670,0.001);
#173=CIRCLE('',#8671,0.001);
#174=CIRCLE('',#8672,0.001);
#175=CIRCLE('',#8676,0.00649999999859661);
#176=CIRCLE('',#8677,0.00649999999999798);
#177=CIRCLE('',#8678,0.00650000000000919);
#178=CIRCLE('',#8679,0.00649999999999991);
#179=CIRCLE('',#8680,0.00649999999999948);
#180=CIRCLE('',#8681,0.00649999999999948);
#181=CIRCLE('',#8682,0.0065);
#182=CIRCLE('',#8683,0.0027);
#183=CIRCLE('',#8684,0.0027);
#184=CIRCLE('',#8685,0.0065);
#185=CIRCLE('',#8686,0.0064999999999999);
#186=CIRCLE('',#8687,0.00650000000000491);
#187=CIRCLE('',#8688,0.00650000000000232);
#188=CIRCLE('',#8689,0.0065);
#189=CIRCLE('',#8690,0.00650000000000065);
#190=CIRCLE('',#8691,0.0065);
#191=CIRCLE('',#8692,0.00650000000000062);
#192=CIRCLE('',#8693,0.00649999999999986);
#193=CIRCLE('',#8694,0.00649999999997731);
#194=CIRCLE('',#8695,0.00649999999999954);
#195=CIRCLE('',#8696,0.00649999999999905);
#196=CIRCLE('',#8697,0.00650000000003521);
#197=CIRCLE('',#8699,0.00075);
#198=CIRCLE('',#8700,0.00075);
#199=CIRCLE('',#8701,0.00075);
#200=CIRCLE('',#8702,0.00075);
#201=CIRCLE('',#8703,0.00075);
#202=CIRCLE('',#8704,0.00075);
#203=CIRCLE('',#8705,0.00075);
#204=CIRCLE('',#8706,0.00075);
#205=CIRCLE('',#8707,0.00075);
#206=CIRCLE('',#8708,0.00075);
#207=CIRCLE('',#8709,0.001);
#208=CIRCLE('',#8710,0.001);
#209=CIRCLE('',#8711,0.001);
#210=CIRCLE('',#8712,0.001);
#211=CIRCLE('',#8732,0.0027);
#212=CIRCLE('',#8734,0.0027);
#213=CIRCLE('',#8736,0.0017);
#214=CIRCLE('',#8738,0.0017);
#215=CIRCLE('',#8741,0.0017);
#216=CIRCLE('',#8743,3.57205176494821E-5);
#217=CIRCLE('',#8744,0.0017);
#218=CIRCLE('',#9035,0.00075);
#219=CIRCLE('',#9038,0.00075);
#220=CIRCLE('',#9041,0.00075);
#221=CIRCLE('',#9044,0.00075);
#222=CIRCLE('',#9047,0.00075);
#223=CIRCLE('',#9050,0.00075);
#224=CIRCLE('',#9053,0.00075);
#225=CIRCLE('',#9056,0.00075);
#226=CIRCLE('',#9059,0.00075);
#227=CIRCLE('',#9062,0.00075);
#228=CIRCLE('',#9094,0.001);
#229=CIRCLE('',#9096,0.001);
#230=CIRCLE('',#9097,0.001);
#231=CIRCLE('',#9099,0.001);
#232=CIRCLE('',#9101,0.001);
#233=CIRCLE('',#9103,0.001);
#234=CIRCLE('',#9105,0.001);
#235=CIRCLE('',#9107,0.001);
#236=CIRCLE('',#9109,0.001);
#237=CIRCLE('',#9111,0.001);
#238=CIRCLE('',#9113,0.001);
#239=CIRCLE('',#9115,0.001);
#240=CIRCLE('',#9142,0.001);
#241=CIRCLE('',#9145,0.001);
#242=CIRCLE('',#9147,0.00351161573438106);
#243=CIRCLE('',#9150,0.00113363265758287);
#244=CIRCLE('',#9153,0.0002);
#245=CIRCLE('',#9154,0.0002);
#246=CIRCLE('',#9155,0.0002);
#247=CIRCLE('',#9156,0.0002);
#248=CIRCLE('',#9159,0.001);
#249=CIRCLE('',#9160,0.001);
#250=CIRCLE('',#9162,0.001);
#251=CIRCLE('',#9164,0.001);
#252=CIRCLE('',#9166,0.001);
#253=CIRCLE('',#9168,0.001);
#254=CIRCLE('',#9170,0.001);
#255=CIRCLE('',#9172,0.001);
#256=CIRCLE('',#9175,0.0002);
#257=CIRCLE('',#9177,0.0002);
#258=CIRCLE('',#9179,0.0002);
#259=CIRCLE('',#9180,0.0002);
#260=CIRCLE('',#9182,0.0002);
#261=CIRCLE('',#9184,0.0002);
#262=CIRCLE('',#9186,0.0002);
#263=CIRCLE('',#9188,0.0002);
#264=CIRCLE('',#9190,0.0002);
#265=CIRCLE('',#9192,0.0002);
#266=CIRCLE('',#9194,0.0002);
#267=CIRCLE('',#9196,0.0002);
#268=CIRCLE('',#9198,0.0002);
#269=CIRCLE('',#9200,0.0002);
#270=CIRCLE('',#9201,0.0002);
#271=CIRCLE('',#9202,0.0002);
#272=CIRCLE('',#9204,0.0002);
#273=CIRCLE('',#9205,0.0002);
#274=CIRCLE('',#9206,0.0002);
#275=CIRCLE('',#9207,0.0002);
#276=CIRCLE('',#9209,0.0002);
#277=CIRCLE('',#9211,0.0002);
#278=CIRCLE('',#9212,0.0002);
#279=CIRCLE('',#9214,0.0002);
#280=CIRCLE('',#9215,0.0002);
#281=CIRCLE('',#9217,0.0002);
#282=CIRCLE('',#9219,0.0002);
#283=CIRCLE('',#9221,0.0002);
#284=LINE('',#11384,#1280);
#285=LINE('',#11391,#1281);
#286=LINE('',#11393,#1282);
#287=LINE('',#11395,#1283);
#288=LINE('',#11397,#1284);
#289=LINE('',#11399,#1285);
#290=LINE('',#11401,#1286);
#291=LINE('',#11404,#1287);
#292=LINE('',#11406,#1288);
#293=LINE('',#11408,#1289);
#294=LINE('',#11409,#1290);
#295=LINE('',#11412,#1291);
#296=LINE('',#11414,#1292);
#297=LINE('',#11416,#1293);
#298=LINE('',#11417,#1294);
#299=LINE('',#11420,#1295);
#300=LINE('',#11422,#1296);
#301=LINE('',#11424,#1297);
#302=LINE('',#11425,#1298);
#303=LINE('',#11428,#1299);
#304=LINE('',#11430,#1300);
#305=LINE('',#11432,#1301);
#306=LINE('',#11433,#1302);
#307=LINE('',#11436,#1303);
#308=LINE('',#11438,#1304);
#309=LINE('',#11440,#1305);
#310=LINE('',#11441,#1306);
#311=LINE('',#11444,#1307);
#312=LINE('',#11448,#1308);
#313=LINE('',#11450,#1309);
#314=LINE('',#11451,#1310);
#315=LINE('',#11454,#1311);
#316=LINE('',#11456,#1312);
#317=LINE('',#11458,#1313);
#318=LINE('',#11459,#1314);
#319=LINE('',#11462,#1315);
#320=LINE('',#11464,#1316);
#321=LINE('',#11466,#1317);
#322=LINE('',#11467,#1318);
#323=LINE('',#11470,#1319);
#324=LINE('',#11472,#1320);
#325=LINE('',#11474,#1321);
#326=LINE('',#11475,#1322);
#327=LINE('',#11478,#1323);
#328=LINE('',#11480,#1324);
#329=LINE('',#11482,#1325);
#330=LINE('',#11483,#1326);
#331=LINE('',#11486,#1327);
#332=LINE('',#11488,#1328);
#333=LINE('',#11490,#1329);
#334=LINE('',#11491,#1330);
#335=LINE('',#11494,#1331);
#336=LINE('',#11496,#1332);
#337=LINE('',#11498,#1333);
#338=LINE('',#11499,#1334);
#339=LINE('',#11502,#1335);
#340=LINE('',#11504,#1336);
#341=LINE('',#11506,#1337);
#342=LINE('',#11507,#1338);
#343=LINE('',#11510,#1339);
#344=LINE('',#11512,#1340);
#345=LINE('',#11514,#1341);
#346=LINE('',#11515,#1342);
#347=LINE('',#11518,#1343);
#348=LINE('',#11520,#1344);
#349=LINE('',#11522,#1345);
#350=LINE('',#11523,#1346);
#351=LINE('',#11526,#1347);
#352=LINE('',#11528,#1348);
#353=LINE('',#11530,#1349);
#354=LINE('',#11531,#1350);
#355=LINE('',#11534,#1351);
#356=LINE('',#11536,#1352);
#357=LINE('',#11538,#1353);
#358=LINE('',#11539,#1354);
#359=LINE('',#11542,#1355);
#360=LINE('',#11544,#1356);
#361=LINE('',#11546,#1357);
#362=LINE('',#11547,#1358);
#363=LINE('',#11550,#1359);
#364=LINE('',#11552,#1360);
#365=LINE('',#11554,#1361);
#366=LINE('',#11555,#1362);
#367=LINE('',#11558,#1363);
#368=LINE('',#11560,#1364);
#369=LINE('',#11562,#1365);
#370=LINE('',#11563,#1366);
#371=LINE('',#11566,#1367);
#372=LINE('',#11568,#1368);
#373=LINE('',#11570,#1369);
#374=LINE('',#11571,#1370);
#375=LINE('',#11574,#1371);
#376=LINE('',#11576,#1372);
#377=LINE('',#11578,#1373);
#378=LINE('',#11579,#1374);
#379=LINE('',#11582,#1375);
#380=LINE('',#11584,#1376);
#381=LINE('',#11586,#1377);
#382=LINE('',#11587,#1378);
#383=LINE('',#11590,#1379);
#384=LINE('',#11592,#1380);
#385=LINE('',#11594,#1381);
#386=LINE('',#11595,#1382);
#387=LINE('',#11598,#1383);
#388=LINE('',#11600,#1384);
#389=LINE('',#11602,#1385);
#390=LINE('',#11603,#1386);
#391=LINE('',#11606,#1387);
#392=LINE('',#11608,#1388);
#393=LINE('',#11610,#1389);
#394=LINE('',#11611,#1390);
#395=LINE('',#11614,#1391);
#396=LINE('',#11616,#1392);
#397=LINE('',#11618,#1393);
#398=LINE('',#11619,#1394);
#399=LINE('',#11622,#1395);
#400=LINE('',#11624,#1396);
#401=LINE('',#11626,#1397);
#402=LINE('',#11627,#1398);
#403=LINE('',#11630,#1399);
#404=LINE('',#11632,#1400);
#405=LINE('',#11634,#1401);
#406=LINE('',#11635,#1402);
#407=LINE('',#11638,#1403);
#408=LINE('',#11640,#1404);
#409=LINE('',#11642,#1405);
#410=LINE('',#11646,#1406);
#411=LINE('',#11648,#1407);
#412=LINE('',#11650,#1408);
#413=LINE('',#11652,#1409);
#414=LINE('',#11653,#1410);
#415=LINE('',#11656,#1411);
#416=LINE('',#11658,#1412);
#417=LINE('',#11660,#1413);
#418=LINE('',#11664,#1414);
#419=LINE('',#11666,#1415);
#420=LINE('',#11668,#1416);
#421=LINE('',#11669,#1417);
#422=LINE('',#11672,#1418);
#423=LINE('',#11674,#1419);
#424=LINE('',#11676,#1420);
#425=LINE('',#11677,#1421);
#426=LINE('',#11680,#1422);
#427=LINE('',#11682,#1423);
#428=LINE('',#11684,#1424);
#429=LINE('',#11685,#1425);
#430=LINE('',#11688,#1426);
#431=LINE('',#11690,#1427);
#432=LINE('',#11692,#1428);
#433=LINE('',#11693,#1429);
#434=LINE('',#11696,#1430);
#435=LINE('',#11698,#1431);
#436=LINE('',#11700,#1432);
#437=LINE('',#11701,#1433);
#438=LINE('',#11704,#1434);
#439=LINE('',#11706,#1435);
#440=LINE('',#11708,#1436);
#441=LINE('',#11711,#1437);
#442=LINE('',#11714,#1438);
#443=LINE('',#11716,#1439);
#444=LINE('',#11718,#1440);
#445=LINE('',#11721,#1441);
#446=LINE('',#11724,#1442);
#447=LINE('',#11726,#1443);
#448=LINE('',#11728,#1444);
#449=LINE('',#11729,#1445);
#450=LINE('',#11732,#1446);
#451=LINE('',#11734,#1447);
#452=LINE('',#11736,#1448);
#453=LINE('',#11737,#1449);
#454=LINE('',#11740,#1450);
#455=LINE('',#11742,#1451);
#456=LINE('',#11744,#1452);
#457=LINE('',#11745,#1453);
#458=LINE('',#11748,#1454);
#459=LINE('',#11750,#1455);
#460=LINE('',#11752,#1456);
#461=LINE('',#11753,#1457);
#462=LINE('',#11756,#1458);
#463=LINE('',#11758,#1459);
#464=LINE('',#11760,#1460);
#465=LINE('',#11761,#1461);
#466=LINE('',#11764,#1462);
#467=LINE('',#11766,#1463);
#468=LINE('',#11768,#1464);
#469=LINE('',#11769,#1465);
#470=LINE('',#11772,#1466);
#471=LINE('',#11774,#1467);
#472=LINE('',#11776,#1468);
#473=LINE('',#11777,#1469);
#474=LINE('',#11780,#1470);
#475=LINE('',#11784,#1471);
#476=LINE('',#11785,#1472);
#477=LINE('',#11788,#1473);
#478=LINE('',#11792,#1474);
#479=LINE('',#11793,#1475);
#480=LINE('',#11796,#1476);
#481=LINE('',#11798,#1477);
#482=LINE('',#11800,#1478);
#483=LINE('',#11801,#1479);
#484=LINE('',#11804,#1480);
#485=LINE('',#11806,#1481);
#486=LINE('',#11808,#1482);
#487=LINE('',#11809,#1483);
#488=LINE('',#11812,#1484);
#489=LINE('',#11814,#1485);
#490=LINE('',#11816,#1486);
#491=LINE('',#11817,#1487);
#492=LINE('',#11820,#1488);
#493=LINE('',#11822,#1489);
#494=LINE('',#11824,#1490);
#495=LINE('',#11825,#1491);
#496=LINE('',#11828,#1492);
#497=LINE('',#11830,#1493);
#498=LINE('',#11832,#1494);
#499=LINE('',#11833,#1495);
#500=LINE('',#11836,#1496);
#501=LINE('',#11838,#1497);
#502=LINE('',#11840,#1498);
#503=LINE('',#11841,#1499);
#504=LINE('',#11844,#1500);
#505=LINE('',#11846,#1501);
#506=LINE('',#11848,#1502);
#507=LINE('',#11849,#1503);
#508=LINE('',#11852,#1504);
#509=LINE('',#11854,#1505);
#510=LINE('',#11856,#1506);
#511=LINE('',#11857,#1507);
#512=LINE('',#11860,#1508);
#513=LINE('',#11864,#1509);
#514=LINE('',#11865,#1510);
#515=LINE('',#11868,#1511);
#516=LINE('',#11870,#1512);
#517=LINE('',#11872,#1513);
#518=LINE('',#11873,#1514);
#519=LINE('',#11876,#1515);
#520=LINE('',#11878,#1516);
#521=LINE('',#11880,#1517);
#522=LINE('',#11886,#1518);
#523=LINE('',#11888,#1519);
#524=LINE('',#11890,#1520);
#525=LINE('',#11894,#1521);
#526=LINE('',#11896,#1522);
#527=LINE('',#11898,#1523);
#528=LINE('',#11900,#1524);
#529=LINE('',#11901,#1525);
#530=LINE('',#11904,#1526);
#531=LINE('',#11908,#1527);
#532=LINE('',#11910,#1528);
#533=LINE('',#11914,#1529);
#534=LINE('',#11916,#1530);
#535=LINE('',#11918,#1531);
#536=LINE('',#11922,#1532);
#537=LINE('',#11924,#1533);
#538=LINE('',#11926,#1534);
#539=LINE('',#11930,#1535);
#540=LINE('',#11932,#1536);
#541=LINE('',#11934,#1537);
#542=LINE('',#11938,#1538);
#543=LINE('',#11940,#1539);
#544=LINE('',#11942,#1540);
#545=LINE('',#11946,#1541);
#546=LINE('',#11948,#1542);
#547=LINE('',#11950,#1543);
#548=LINE('',#11954,#1544);
#549=LINE('',#11956,#1545);
#550=LINE('',#11958,#1546);
#551=LINE('',#11962,#1547);
#552=LINE('',#11964,#1548);
#553=LINE('',#11966,#1549);
#554=LINE('',#11968,#1550);
#555=LINE('',#11972,#1551);
#556=LINE('',#11974,#1552);
#557=LINE('',#11976,#1553);
#558=LINE('',#11977,#1554);
#559=LINE('',#11980,#1555);
#560=LINE('',#11982,#1556);
#561=LINE('',#11984,#1557);
#562=LINE('',#11985,#1558);
#563=LINE('',#11988,#1559);
#564=LINE('',#11990,#1560);
#565=LINE('',#11992,#1561);
#566=LINE('',#11993,#1562);
#567=LINE('',#11996,#1563);
#568=LINE('',#11998,#1564);
#569=LINE('',#12000,#1565);
#570=LINE('',#12001,#1566);
#571=LINE('',#12004,#1567);
#572=LINE('',#12006,#1568);
#573=LINE('',#12008,#1569);
#574=LINE('',#12009,#1570);
#575=LINE('',#12012,#1571);
#576=LINE('',#12014,#1572);
#577=LINE('',#12016,#1573);
#578=LINE('',#12017,#1574);
#579=LINE('',#12022,#1575);
#580=LINE('',#12026,#1576);
#581=LINE('',#12030,#1577);
#582=LINE('',#12034,#1578);
#583=LINE('',#12037,#1579);
#584=LINE('',#12039,#1580);
#585=LINE('',#12041,#1581);
#586=LINE('',#12042,#1582);
#587=LINE('',#12045,#1583);
#588=LINE('',#12047,#1584);
#589=LINE('',#12049,#1585);
#590=LINE('',#12051,#1586);
#591=LINE('',#12054,#1587);
#592=LINE('',#12056,#1588);
#593=LINE('',#12058,#1589);
#594=LINE('',#12059,#1590);
#595=LINE('',#12062,#1591);
#596=LINE('',#12064,#1592);
#597=LINE('',#12066,#1593);
#598=LINE('',#12068,#1594);
#599=LINE('',#12071,#1595);
#600=LINE('',#12073,#1596);
#601=LINE('',#12075,#1597);
#602=LINE('',#12076,#1598);
#603=LINE('',#12079,#1599);
#604=LINE('',#12081,#1600);
#605=LINE('',#12083,#1601);
#606=LINE('',#12084,#1602);
#607=LINE('',#12087,#1603);
#608=LINE('',#12089,#1604);
#609=LINE('',#12091,#1605);
#610=LINE('',#12092,#1606);
#611=LINE('',#12095,#1607);
#612=LINE('',#12097,#1608);
#613=LINE('',#12099,#1609);
#614=LINE('',#12100,#1610);
#615=LINE('',#12103,#1611);
#616=LINE('',#12105,#1612);
#617=LINE('',#12107,#1613);
#618=LINE('',#12108,#1614);
#619=LINE('',#12111,#1615);
#620=LINE('',#12113,#1616);
#621=LINE('',#12115,#1617);
#622=LINE('',#12118,#1618);
#623=LINE('',#12121,#1619);
#624=LINE('',#12123,#1620);
#625=LINE('',#12125,#1621);
#626=LINE('',#12126,#1622);
#627=LINE('',#12129,#1623);
#628=LINE('',#12131,#1624);
#629=LINE('',#12133,#1625);
#630=LINE('',#12134,#1626);
#631=LINE('',#12137,#1627);
#632=LINE('',#12139,#1628);
#633=LINE('',#12141,#1629);
#634=LINE('',#12142,#1630);
#635=LINE('',#12145,#1631);
#636=LINE('',#12147,#1632);
#637=LINE('',#12149,#1633);
#638=LINE('',#12150,#1634);
#639=LINE('',#12153,#1635);
#640=LINE('',#12155,#1636);
#641=LINE('',#12157,#1637);
#642=LINE('',#12158,#1638);
#643=LINE('',#12161,#1639);
#644=LINE('',#12163,#1640);
#645=LINE('',#12165,#1641);
#646=LINE('',#12166,#1642);
#647=LINE('',#12169,#1643);
#648=LINE('',#12171,#1644);
#649=LINE('',#12173,#1645);
#650=LINE('',#12174,#1646);
#651=LINE('',#12177,#1647);
#652=LINE('',#12179,#1648);
#653=LINE('',#12181,#1649);
#654=LINE('',#12182,#1650);
#655=LINE('',#12185,#1651);
#656=LINE('',#12187,#1652);
#657=LINE('',#12189,#1653);
#658=LINE('',#12190,#1654);
#659=LINE('',#12193,#1655);
#660=LINE('',#12195,#1656);
#661=LINE('',#12197,#1657);
#662=LINE('',#12198,#1658);
#663=LINE('',#12201,#1659);
#664=LINE('',#12203,#1660);
#665=LINE('',#12205,#1661);
#666=LINE('',#12206,#1662);
#667=LINE('',#12209,#1663);
#668=LINE('',#12211,#1664);
#669=LINE('',#12213,#1665);
#670=LINE('',#12214,#1666);
#671=LINE('',#12217,#1667);
#672=LINE('',#12219,#1668);
#673=LINE('',#12221,#1669);
#674=LINE('',#12222,#1670);
#675=LINE('',#12225,#1671);
#676=LINE('',#12227,#1672);
#677=LINE('',#12229,#1673);
#678=LINE('',#12230,#1674);
#679=LINE('',#12233,#1675);
#680=LINE('',#12235,#1676);
#681=LINE('',#12237,#1677);
#682=LINE('',#12238,#1678);
#683=LINE('',#12241,#1679);
#684=LINE('',#12245,#1680);
#685=LINE('',#12247,#1681);
#686=LINE('',#12248,#1682);
#687=LINE('',#12251,#1683);
#688=LINE('',#12253,#1684);
#689=LINE('',#12255,#1685);
#690=LINE('',#12256,#1686);
#691=LINE('',#12261,#1687);
#692=LINE('',#12263,#1688);
#693=LINE('',#12265,#1689);
#694=LINE('',#12266,#1690);
#695=LINE('',#12269,#1691);
#696=LINE('',#12271,#1692);
#697=LINE('',#12273,#1693);
#698=LINE('',#12274,#1694);
#699=LINE('',#12277,#1695);
#700=LINE('',#12279,#1696);
#701=LINE('',#12281,#1697);
#702=LINE('',#12282,#1698);
#703=LINE('',#12285,#1699);
#704=LINE('',#12287,#1700);
#705=LINE('',#12289,#1701);
#706=LINE('',#12290,#1702);
#707=LINE('',#12293,#1703);
#708=LINE('',#12295,#1704);
#709=LINE('',#12298,#1705);
#710=LINE('',#12301,#1706);
#711=LINE('',#12303,#1707);
#712=LINE('',#12305,#1708);
#713=LINE('',#12306,#1709);
#714=LINE('',#12309,#1710);
#715=LINE('',#12311,#1711);
#716=LINE('',#12313,#1712);
#717=LINE('',#12314,#1713);
#718=LINE('',#12317,#1714);
#719=LINE('',#12319,#1715);
#720=LINE('',#12321,#1716);
#721=LINE('',#12322,#1717);
#722=LINE('',#12325,#1718);
#723=LINE('',#12327,#1719);
#724=LINE('',#12329,#1720);
#725=LINE('',#12330,#1721);
#726=LINE('',#12333,#1722);
#727=LINE('',#12335,#1723);
#728=LINE('',#12337,#1724);
#729=LINE('',#12338,#1725);
#730=LINE('',#12343,#1726);
#731=LINE('',#12345,#1727);
#732=LINE('',#12346,#1728);
#733=LINE('',#12349,#1729);
#734=LINE('',#12351,#1730);
#735=LINE('',#12353,#1731);
#736=LINE('',#12356,#1732);
#737=LINE('',#12361,#1733);
#738=LINE('',#12363,#1734);
#739=LINE('',#12364,#1735);
#740=LINE('',#12366,#1736);
#741=LINE('',#12368,#1737);
#742=LINE('',#12369,#1738);
#743=LINE('',#12372,#1739);
#744=LINE('',#12374,#1740);
#745=LINE('',#12376,#1741);
#746=LINE('',#12381,#1742);
#747=LINE('',#12386,#1743);
#748=LINE('',#12388,#1744);
#749=LINE('',#12389,#1745);
#750=LINE('',#12394,#1746);
#751=LINE('',#12396,#1747);
#752=LINE('',#12397,#1748);
#753=LINE('',#12402,#1749);
#754=LINE('',#12404,#1750);
#755=LINE('',#12406,#1751);
#756=LINE('',#12407,#1752);
#757=LINE('',#12410,#1753);
#758=LINE('',#12414,#1754);
#759=LINE('',#12416,#1755);
#760=LINE('',#12417,#1756);
#761=LINE('',#12420,#1757);
#762=LINE('',#12422,#1758);
#763=LINE('',#12425,#1759);
#764=LINE('',#12428,#1760);
#765=LINE('',#12430,#1761);
#766=LINE('',#12432,#1762);
#767=LINE('',#12433,#1763);
#768=LINE('',#12436,#1764);
#769=LINE('',#12438,#1765);
#770=LINE('',#12440,#1766);
#771=LINE('',#12441,#1767);
#772=LINE('',#12446,#1768);
#773=LINE('',#12448,#1769);
#774=LINE('',#12449,#1770);
#775=LINE('',#12452,#1771);
#776=LINE('',#12454,#1772);
#777=LINE('',#12456,#1773);
#778=LINE('',#12457,#1774);
#779=LINE('',#12460,#1775);
#780=LINE('',#12462,#1776);
#781=LINE('',#12464,#1777);
#782=LINE('',#12465,#1778);
#783=LINE('',#12468,#1779);
#784=LINE('',#12470,#1780);
#785=LINE('',#12473,#1781);
#786=LINE('',#12478,#1782);
#787=LINE('',#12480,#1783);
#788=LINE('',#12481,#1784);
#789=LINE('',#12486,#1785);
#790=LINE('',#12488,#1786);
#791=LINE('',#12489,#1787);
#792=LINE('',#12492,#1788);
#793=LINE('',#12494,#1789);
#794=LINE('',#12496,#1790);
#795=LINE('',#12497,#1791);
#796=LINE('',#12500,#1792);
#797=LINE('',#12502,#1793);
#798=LINE('',#12504,#1794);
#799=LINE('',#12505,#1795);
#800=LINE('',#12508,#1796);
#801=LINE('',#12510,#1797);
#802=LINE('',#12512,#1798);
#803=LINE('',#12513,#1799);
#804=LINE('',#12516,#1800);
#805=LINE('',#12520,#1801);
#806=LINE('',#12522,#1802);
#807=LINE('',#12523,#1803);
#808=LINE('',#12526,#1804);
#809=LINE('',#12528,#1805);
#810=LINE('',#12530,#1806);
#811=LINE('',#12531,#1807);
#812=LINE('',#12534,#1808);
#813=LINE('',#12536,#1809);
#814=LINE('',#12538,#1810);
#815=LINE('',#12539,#1811);
#816=LINE('',#12544,#1812);
#817=LINE('',#12546,#1813);
#818=LINE('',#12547,#1814);
#819=LINE('',#12552,#1815);
#820=LINE('',#12554,#1816);
#821=LINE('',#12555,#1817);
#822=LINE('',#12560,#1818);
#823=LINE('',#12562,#1819);
#824=LINE('',#12564,#1820);
#825=LINE('',#12565,#1821);
#826=LINE('',#12568,#1822);
#827=LINE('',#12570,#1823);
#828=LINE('',#12572,#1824);
#829=LINE('',#12573,#1825);
#830=LINE('',#12576,#1826);
#831=LINE('',#12578,#1827);
#832=LINE('',#12580,#1828);
#833=LINE('',#12581,#1829);
#834=LINE('',#12584,#1830);
#835=LINE('',#12586,#1831);
#836=LINE('',#12588,#1832);
#837=LINE('',#12589,#1833);
#838=LINE('',#12592,#1834);
#839=LINE('',#12594,#1835);
#840=LINE('',#12596,#1836);
#841=LINE('',#12597,#1837);
#842=LINE('',#12600,#1838);
#843=LINE('',#12602,#1839);
#844=LINE('',#12604,#1840);
#845=LINE('',#12605,#1841);
#846=LINE('',#12608,#1842);
#847=LINE('',#12610,#1843);
#848=LINE('',#12612,#1844);
#849=LINE('',#12613,#1845);
#850=LINE('',#12616,#1846);
#851=LINE('',#12618,#1847);
#852=LINE('',#12620,#1848);
#853=LINE('',#12621,#1849);
#854=LINE('',#12624,#1850);
#855=LINE('',#12626,#1851);
#856=LINE('',#12628,#1852);
#857=LINE('',#12629,#1853);
#858=LINE('',#12632,#1854);
#859=LINE('',#12634,#1855);
#860=LINE('',#12636,#1856);
#861=LINE('',#12637,#1857);
#862=LINE('',#12640,#1858);
#863=LINE('',#12642,#1859);
#864=LINE('',#12644,#1860);
#865=LINE('',#12645,#1861);
#866=LINE('',#12648,#1862);
#867=LINE('',#12650,#1863);
#868=LINE('',#12652,#1864);
#869=LINE('',#12653,#1865);
#870=LINE('',#12656,#1866);
#871=LINE('',#12658,#1867);
#872=LINE('',#12660,#1868);
#873=LINE('',#12661,#1869);
#874=LINE('',#12664,#1870);
#875=LINE('',#12666,#1871);
#876=LINE('',#12668,#1872);
#877=LINE('',#12669,#1873);
#878=LINE('',#12672,#1874);
#879=LINE('',#12674,#1875);
#880=LINE('',#12676,#1876);
#881=LINE('',#12677,#1877);
#882=LINE('',#12680,#1878);
#883=LINE('',#12682,#1879);
#884=LINE('',#12684,#1880);
#885=LINE('',#12708,#1881);
#886=LINE('',#12712,#1882);
#887=LINE('',#12716,#1883);
#888=LINE('',#12719,#1884);
#889=LINE('',#12721,#1885);
#890=LINE('',#12723,#1886);
#891=LINE('',#12725,#1887);
#892=LINE('',#12727,#1888);
#893=LINE('',#12729,#1889);
#894=LINE('',#12731,#1890);
#895=LINE('',#12733,#1891);
#896=LINE('',#12735,#1892);
#897=LINE('',#12737,#1893);
#898=LINE('',#12739,#1894);
#899=LINE('',#12741,#1895);
#900=LINE('',#12743,#1896);
#901=LINE('',#12745,#1897);
#902=LINE('',#12747,#1898);
#903=LINE('',#12749,#1899);
#904=LINE('',#12751,#1900);
#905=LINE('',#12753,#1901);
#906=LINE('',#12755,#1902);
#907=LINE('',#12757,#1903);
#908=LINE('',#12759,#1904);
#909=LINE('',#12761,#1905);
#910=LINE('',#12763,#1906);
#911=LINE('',#12765,#1907);
#912=LINE('',#12767,#1908);
#913=LINE('',#12769,#1909);
#914=LINE('',#12771,#1910);
#915=LINE('',#12773,#1911);
#916=LINE('',#12775,#1912);
#917=LINE('',#12777,#1913);
#918=LINE('',#12779,#1914);
#919=LINE('',#12781,#1915);
#920=LINE('',#12783,#1916);
#921=LINE('',#12785,#1917);
#922=LINE('',#12787,#1918);
#923=LINE('',#12789,#1919);
#924=LINE('',#12791,#1920);
#925=LINE('',#12793,#1921);
#926=LINE('',#12795,#1922);
#927=LINE('',#12797,#1923);
#928=LINE('',#12799,#1924);
#929=LINE('',#12801,#1925);
#930=LINE('',#12826,#1926);
#931=LINE('',#12827,#1927);
#932=LINE('',#12829,#1928);
#933=LINE('',#12831,#1929);
#934=LINE('',#12834,#1930);
#935=LINE('',#12835,#1931);
#936=LINE('',#12837,#1932);
#937=LINE('',#12839,#1933);
#938=LINE('',#12842,#1934);
#939=LINE('',#12843,#1935);
#940=LINE('',#12845,#1936);
#941=LINE('',#12847,#1937);
#942=LINE('',#12850,#1938);
#943=LINE('',#12851,#1939);
#944=LINE('',#12853,#1940);
#945=LINE('',#12855,#1941);
#946=LINE('',#12857,#1942);
#947=LINE('',#12860,#1943);
#948=LINE('',#12861,#1944);
#949=LINE('',#12863,#1945);
#950=LINE('',#12865,#1946);
#951=LINE('',#12867,#1947);
#952=LINE('',#12870,#1948);
#953=LINE('',#12871,#1949);
#954=LINE('',#12873,#1950);
#955=LINE('',#12875,#1951);
#956=LINE('',#12878,#1952);
#957=LINE('',#12879,#1953);
#958=LINE('',#12881,#1954);
#959=LINE('',#12883,#1955);
#960=LINE('',#12885,#1956);
#961=LINE('',#12888,#1957);
#962=LINE('',#12889,#1958);
#963=LINE('',#12891,#1959);
#964=LINE('',#12893,#1960);
#965=LINE('',#12896,#1961);
#966=LINE('',#12897,#1962);
#967=LINE('',#12899,#1963);
#968=LINE('',#12901,#1964);
#969=LINE('',#12904,#1965);
#970=LINE('',#12905,#1966);
#971=LINE('',#12907,#1967);
#972=LINE('',#12909,#1968);
#973=LINE('',#12912,#1969);
#974=LINE('',#12913,#1970);
#975=LINE('',#12915,#1971);
#976=LINE('',#12917,#1972);
#977=LINE('',#12920,#1973);
#978=LINE('',#12921,#1974);
#979=LINE('',#12923,#1975);
#980=LINE('',#12925,#1976);
#981=LINE('',#12928,#1977);
#982=LINE('',#12929,#1978);
#983=LINE('',#12931,#1979);
#984=LINE('',#12933,#1980);
#985=LINE('',#12936,#1981);
#986=LINE('',#12937,#1982);
#987=LINE('',#12939,#1983);
#988=LINE('',#12941,#1984);
#989=LINE('',#12944,#1985);
#990=LINE('',#12945,#1986);
#991=LINE('',#12947,#1987);
#992=LINE('',#12949,#1988);
#993=LINE('',#12952,#1989);
#994=LINE('',#12953,#1990);
#995=LINE('',#12955,#1991);
#996=LINE('',#12957,#1992);
#997=LINE('',#12960,#1993);
#998=LINE('',#12961,#1994);
#999=LINE('',#12963,#1995);
#1000=LINE('',#12965,#1996);
#1001=LINE('',#12968,#1997);
#1002=LINE('',#12969,#1998);
#1003=LINE('',#12971,#1999);
#1004=LINE('',#12973,#2000);
#1005=LINE('',#12976,#2001);
#1006=LINE('',#12977,#2002);
#1007=LINE('',#12979,#2003);
#1008=LINE('',#12981,#2004);
#1009=LINE('',#12984,#2005);
#1010=LINE('',#12985,#2006);
#1011=LINE('',#12987,#2007);
#1012=LINE('',#12989,#2008);
#1013=LINE('',#12992,#2009);
#1014=LINE('',#12993,#2010);
#1015=LINE('',#12995,#2011);
#1016=LINE('',#12997,#2012);
#1017=LINE('',#13000,#2013);
#1018=LINE('',#13001,#2014);
#1019=LINE('',#13003,#2015);
#1020=LINE('',#13005,#2016);
#1021=LINE('',#13008,#2017);
#1022=LINE('',#13009,#2018);
#1023=LINE('',#13011,#2019);
#1024=LINE('',#13013,#2020);
#1025=LINE('',#13016,#2021);
#1026=LINE('',#13017,#2022);
#1027=LINE('',#13019,#2023);
#1028=LINE('',#13021,#2024);
#1029=LINE('',#13024,#2025);
#1030=LINE('',#13025,#2026);
#1031=LINE('',#13027,#2027);
#1032=LINE('',#13029,#2028);
#1033=LINE('',#13032,#2029);
#1034=LINE('',#13033,#2030);
#1035=LINE('',#13035,#2031);
#1036=LINE('',#13037,#2032);
#1037=LINE('',#13040,#2033);
#1038=LINE('',#13041,#2034);
#1039=LINE('',#13043,#2035);
#1040=LINE('',#13045,#2036);
#1041=LINE('',#13048,#2037);
#1042=LINE('',#13049,#2038);
#1043=LINE('',#13051,#2039);
#1044=LINE('',#13053,#2040);
#1045=LINE('',#13056,#2041);
#1046=LINE('',#13057,#2042);
#1047=LINE('',#13059,#2043);
#1048=LINE('',#13061,#2044);
#1049=LINE('',#13063,#2045);
#1050=LINE('',#13066,#2046);
#1051=LINE('',#13067,#2047);
#1052=LINE('',#13069,#2048);
#1053=LINE('',#13071,#2049);
#1054=LINE('',#13074,#2050);
#1055=LINE('',#13075,#2051);
#1056=LINE('',#13077,#2052);
#1057=LINE('',#13079,#2053);
#1058=LINE('',#13081,#2054);
#1059=LINE('',#13084,#2055);
#1060=LINE('',#13085,#2056);
#1061=LINE('',#13087,#2057);
#1062=LINE('',#13089,#2058);
#1063=LINE('',#13091,#2059);
#1064=LINE('',#13094,#2060);
#1065=LINE('',#13095,#2061);
#1066=LINE('',#13097,#2062);
#1067=LINE('',#13099,#2063);
#1068=LINE('',#13102,#2064);
#1069=LINE('',#13103,#2065);
#1070=LINE('',#13105,#2066);
#1071=LINE('',#13107,#2067);
#1072=LINE('',#13110,#2068);
#1073=LINE('',#13111,#2069);
#1074=LINE('',#13113,#2070);
#1075=LINE('',#13115,#2071);
#1076=LINE('',#13118,#2072);
#1077=LINE('',#13119,#2073);
#1078=LINE('',#13121,#2074);
#1079=LINE('',#13123,#2075);
#1080=LINE('',#13126,#2076);
#1081=LINE('',#13127,#2077);
#1082=LINE('',#13129,#2078);
#1083=LINE('',#13131,#2079);
#1084=LINE('',#13134,#2080);
#1085=LINE('',#13135,#2081);
#1086=LINE('',#13137,#2082);
#1087=LINE('',#13139,#2083);
#1088=LINE('',#13142,#2084);
#1089=LINE('',#13143,#2085);
#1090=LINE('',#13145,#2086);
#1091=LINE('',#13147,#2087);
#1092=LINE('',#13150,#2088);
#1093=LINE('',#13151,#2089);
#1094=LINE('',#13153,#2090);
#1095=LINE('',#13155,#2091);
#1096=LINE('',#13157,#2092);
#1097=LINE('',#13160,#2093);
#1098=LINE('',#13161,#2094);
#1099=LINE('',#13163,#2095);
#1100=LINE('',#13165,#2096);
#1101=LINE('',#13168,#2097);
#1102=LINE('',#13169,#2098);
#1103=LINE('',#13171,#2099);
#1104=LINE('',#13173,#2100);
#1105=LINE('',#13176,#2101);
#1106=LINE('',#13177,#2102);
#1107=LINE('',#13179,#2103);
#1108=LINE('',#13181,#2104);
#1109=LINE('',#13184,#2105);
#1110=LINE('',#13185,#2106);
#1111=LINE('',#13187,#2107);
#1112=LINE('',#13189,#2108);
#1113=LINE('',#13192,#2109);
#1114=LINE('',#13193,#2110);
#1115=LINE('',#13195,#2111);
#1116=LINE('',#13197,#2112);
#1117=LINE('',#13200,#2113);
#1118=LINE('',#13201,#2114);
#1119=LINE('',#13203,#2115);
#1120=LINE('',#13205,#2116);
#1121=LINE('',#13208,#2117);
#1122=LINE('',#13209,#2118);
#1123=LINE('',#13211,#2119);
#1124=LINE('',#13213,#2120);
#1125=LINE('',#13216,#2121);
#1126=LINE('',#13217,#2122);
#1127=LINE('',#13219,#2123);
#1128=LINE('',#13221,#2124);
#1129=LINE('',#13224,#2125);
#1130=LINE('',#13225,#2126);
#1131=LINE('',#13227,#2127);
#1132=LINE('',#13229,#2128);
#1133=LINE('',#13232,#2129);
#1134=LINE('',#13233,#2130);
#1135=LINE('',#13235,#2131);
#1136=LINE('',#13237,#2132);
#1137=LINE('',#13240,#2133);
#1138=LINE('',#13241,#2134);
#1139=LINE('',#13243,#2135);
#1140=LINE('',#13245,#2136);
#1141=LINE('',#13248,#2137);
#1142=LINE('',#13249,#2138);
#1143=LINE('',#13251,#2139);
#1144=LINE('',#13253,#2140);
#1145=LINE('',#13256,#2141);
#1146=LINE('',#13257,#2142);
#1147=LINE('',#13259,#2143);
#1148=LINE('',#13261,#2144);
#1149=LINE('',#13264,#2145);
#1150=LINE('',#13265,#2146);
#1151=LINE('',#13267,#2147);
#1152=LINE('',#13269,#2148);
#1153=LINE('',#13272,#2149);
#1154=LINE('',#13273,#2150);
#1155=LINE('',#13275,#2151);
#1156=LINE('',#13277,#2152);
#1157=LINE('',#13280,#2153);
#1158=LINE('',#13281,#2154);
#1159=LINE('',#13283,#2155);
#1160=LINE('',#13285,#2156);
#1161=LINE('',#13288,#2157);
#1162=LINE('',#13289,#2158);
#1163=LINE('',#13291,#2159);
#1164=LINE('',#13293,#2160);
#1165=LINE('',#13296,#2161);
#1166=LINE('',#13297,#2162);
#1167=LINE('',#13299,#2163);
#1168=LINE('',#13301,#2164);
#1169=LINE('',#13304,#2165);
#1170=LINE('',#13305,#2166);
#1171=LINE('',#13307,#2167);
#1172=LINE('',#13309,#2168);
#1173=LINE('',#13312,#2169);
#1174=LINE('',#13313,#2170);
#1175=LINE('',#13315,#2171);
#1176=LINE('',#13317,#2172);
#1177=LINE('',#13320,#2173);
#1178=LINE('',#13321,#2174);
#1179=LINE('',#13323,#2175);
#1180=LINE('',#13325,#2176);
#1181=LINE('',#13328,#2177);
#1182=LINE('',#13329,#2178);
#1183=LINE('',#13331,#2179);
#1184=LINE('',#13333,#2180);
#1185=LINE('',#13336,#2181);
#1186=LINE('',#13337,#2182);
#1187=LINE('',#13339,#2183);
#1188=LINE('',#13341,#2184);
#1189=LINE('',#13344,#2185);
#1190=LINE('',#13345,#2186);
#1191=LINE('',#13347,#2187);
#1192=LINE('',#13349,#2188);
#1193=LINE('',#13352,#2189);
#1194=LINE('',#13353,#2190);
#1195=LINE('',#13355,#2191);
#1196=LINE('',#13357,#2192);
#1197=LINE('',#13359,#2193);
#1198=LINE('',#13362,#2194);
#1199=LINE('',#13363,#2195);
#1200=LINE('',#13365,#2196);
#1201=LINE('',#13367,#2197);
#1202=LINE('',#13370,#2198);
#1203=LINE('',#13371,#2199);
#1204=LINE('',#13373,#2200);
#1205=LINE('',#13375,#2201);
#1206=LINE('',#13378,#2202);
#1207=LINE('',#13379,#2203);
#1208=LINE('',#13381,#2204);
#1209=LINE('',#13383,#2205);
#1210=LINE('',#13386,#2206);
#1211=LINE('',#13387,#2207);
#1212=LINE('',#13389,#2208);
#1213=LINE('',#13391,#2209);
#1214=LINE('',#13394,#2210);
#1215=LINE('',#13395,#2211);
#1216=LINE('',#13397,#2212);
#1217=LINE('',#13399,#2213);
#1218=LINE('',#13442,#2214);
#1219=LINE('',#13444,#2215);
#1220=LINE('',#13446,#2216);
#1221=LINE('',#13448,#2217);
#1222=LINE('',#13450,#2218);
#1223=LINE('',#13452,#2219);
#1224=LINE('',#13454,#2220);
#1225=LINE('',#13456,#2221);
#1226=LINE('',#13507,#2222);
#1227=LINE('',#13509,#2223);
#1228=LINE('',#13511,#2224);
#1229=LINE('',#13513,#2225);
#1230=LINE('',#13532,#2226);
#1231=LINE('',#13535,#2227);
#1232=LINE('',#13537,#2228);
#1233=LINE('',#13539,#2229);
#1234=LINE('',#13541,#2230);
#1235=LINE('',#13544,#2231);
#1236=LINE('',#13546,#2232);
#1237=LINE('',#13548,#2233);
#1238=LINE('',#13562,#2234);
#1239=LINE('',#13580,#2235);
#1240=LINE('',#13598,#2236);
#1241=LINE('',#13616,#2237);
#1242=LINE('',#13622,#2238);
#1243=LINE('',#13624,#2239);
#1244=LINE('',#13626,#2240);
#1245=LINE('',#13628,#2241);
#1246=LINE('',#13631,#2242);
#1247=LINE('',#13633,#2243);
#1248=LINE('',#13635,#2244);
#1249=LINE('',#13637,#2245);
#1250=LINE('',#13640,#2246);
#1251=LINE('',#13642,#2247);
#1252=LINE('',#13644,#2248);
#1253=LINE('',#13648,#2249);
#1254=LINE('',#13651,#2250);
#1255=LINE('',#13653,#2251);
#1256=LINE('',#13655,#2252);
#1257=LINE('',#13657,#2253);
#1258=LINE('',#13660,#2254);
#1259=LINE('',#13662,#2255);
#1260=LINE('',#13664,#2256);
#1261=LINE('',#13673,#2257);
#1262=LINE('',#13677,#2258);
#1263=LINE('',#13679,#2259);
#1264=LINE('',#13681,#2260);
#1265=LINE('',#13688,#2261);
#1266=LINE('',#13704,#2262);
#1267=LINE('',#13722,#2263);
#1268=LINE('',#13740,#2264);
#1269=LINE('',#13746,#2265);
#1270=LINE('',#13748,#2266);
#1271=LINE('',#13750,#2267);
#1272=LINE('',#13752,#2268);
#1273=LINE('',#13755,#2269);
#1274=LINE('',#13760,#2270);
#1275=LINE('',#13762,#2271);
#1276=LINE('',#13764,#2272);
#1277=LINE('',#13766,#2273);
#1278=LINE('',#13769,#2274);
#1279=LINE('',#13771,#2275);
#1280=VECTOR('',#9228,1.);
#1281=VECTOR('',#9229,1.);
#1282=VECTOR('',#9230,1.);
#1283=VECTOR('',#9231,1.);
#1284=VECTOR('',#9232,1.);
#1285=VECTOR('',#9233,1.);
#1286=VECTOR('',#9236,1.);
#1287=VECTOR('',#9237,1.);
#1288=VECTOR('',#9238,1.);
#1289=VECTOR('',#9239,1.);
#1290=VECTOR('',#9240,1.);
#1291=VECTOR('',#9241,1.);
#1292=VECTOR('',#9242,1.);
#1293=VECTOR('',#9243,1.);
#1294=VECTOR('',#9244,1.);
#1295=VECTOR('',#9245,1.);
#1296=VECTOR('',#9246,1.);
#1297=VECTOR('',#9247,1.);
#1298=VECTOR('',#9248,1.);
#1299=VECTOR('',#9249,1.);
#1300=VECTOR('',#9250,1.);
#1301=VECTOR('',#9251,1.);
#1302=VECTOR('',#9252,1.);
#1303=VECTOR('',#9253,1.);
#1304=VECTOR('',#9254,1.);
#1305=VECTOR('',#9255,1.);
#1306=VECTOR('',#9256,1.);
#1307=VECTOR('',#9257,1.);
#1308=VECTOR('',#9260,1.);
#1309=VECTOR('',#9261,1.);
#1310=VECTOR('',#9262,1.);
#1311=VECTOR('',#9263,1.);
#1312=VECTOR('',#9264,1.);
#1313=VECTOR('',#9265,1.);
#1314=VECTOR('',#9266,1.);
#1315=VECTOR('',#9267,1.);
#1316=VECTOR('',#9268,1.);
#1317=VECTOR('',#9269,1.);
#1318=VECTOR('',#9270,1.);
#1319=VECTOR('',#9271,1.);
#1320=VECTOR('',#9272,1.);
#1321=VECTOR('',#9273,1.);
#1322=VECTOR('',#9274,1.);
#1323=VECTOR('',#9275,1.);
#1324=VECTOR('',#9276,1.);
#1325=VECTOR('',#9277,1.);
#1326=VECTOR('',#9278,1.);
#1327=VECTOR('',#9279,1.);
#1328=VECTOR('',#9280,1.);
#1329=VECTOR('',#9281,1.);
#1330=VECTOR('',#9282,1.);
#1331=VECTOR('',#9283,1.);
#1332=VECTOR('',#9284,1.);
#1333=VECTOR('',#9285,1.);
#1334=VECTOR('',#9286,1.);
#1335=VECTOR('',#9287,1.);
#1336=VECTOR('',#9288,1.);
#1337=VECTOR('',#9289,1.);
#1338=VECTOR('',#9290,1.);
#1339=VECTOR('',#9291,1.);
#1340=VECTOR('',#9292,1.);
#1341=VECTOR('',#9293,1.);
#1342=VECTOR('',#9294,1.);
#1343=VECTOR('',#9295,1.);
#1344=VECTOR('',#9296,1.);
#1345=VECTOR('',#9297,1.);
#1346=VECTOR('',#9298,1.);
#1347=VECTOR('',#9299,1.);
#1348=VECTOR('',#9300,1.);
#1349=VECTOR('',#9301,1.);
#1350=VECTOR('',#9302,1.);
#1351=VECTOR('',#9303,1.);
#1352=VECTOR('',#9304,1.);
#1353=VECTOR('',#9305,1.);
#1354=VECTOR('',#9306,1.);
#1355=VECTOR('',#9307,1.);
#1356=VECTOR('',#9308,1.);
#1357=VECTOR('',#9309,1.);
#1358=VECTOR('',#9310,1.);
#1359=VECTOR('',#9311,1.);
#1360=VECTOR('',#9312,1.);
#1361=VECTOR('',#9313,1.);
#1362=VECTOR('',#9314,1.);
#1363=VECTOR('',#9315,1.);
#1364=VECTOR('',#9316,1.);
#1365=VECTOR('',#9317,1.);
#1366=VECTOR('',#9318,1.);
#1367=VECTOR('',#9319,1.);
#1368=VECTOR('',#9320,1.);
#1369=VECTOR('',#9321,1.);
#1370=VECTOR('',#9322,1.);
#1371=VECTOR('',#9323,1.);
#1372=VECTOR('',#9324,1.);
#1373=VECTOR('',#9325,1.);
#1374=VECTOR('',#9326,1.);
#1375=VECTOR('',#9327,1.);
#1376=VECTOR('',#9328,1.);
#1377=VECTOR('',#9329,1.);
#1378=VECTOR('',#9330,1.);
#1379=VECTOR('',#9331,1.);
#1380=VECTOR('',#9332,1.);
#1381=VECTOR('',#9333,1.);
#1382=VECTOR('',#9334,1.);
#1383=VECTOR('',#9335,1.);
#1384=VECTOR('',#9336,1.);
#1385=VECTOR('',#9337,1.);
#1386=VECTOR('',#9338,1.);
#1387=VECTOR('',#9339,1.);
#1388=VECTOR('',#9340,1.);
#1389=VECTOR('',#9341,1.);
#1390=VECTOR('',#9342,1.);
#1391=VECTOR('',#9343,1.);
#1392=VECTOR('',#9344,1.);
#1393=VECTOR('',#9345,1.);
#1394=VECTOR('',#9346,1.);
#1395=VECTOR('',#9347,1.);
#1396=VECTOR('',#9348,1.);
#1397=VECTOR('',#9349,1.);
#1398=VECTOR('',#9350,1.);
#1399=VECTOR('',#9351,1.);
#1400=VECTOR('',#9352,1.);
#1401=VECTOR('',#9353,1.);
#1402=VECTOR('',#9354,1.);
#1403=VECTOR('',#9355,1.);
#1404=VECTOR('',#9356,1.);
#1405=VECTOR('',#9357,1.);
#1406=VECTOR('',#9360,1.);
#1407=VECTOR('',#9361,1.);
#1408=VECTOR('',#9362,1.);
#1409=VECTOR('',#9363,1.);
#1410=VECTOR('',#9364,1.);
#1411=VECTOR('',#9365,1.);
#1412=VECTOR('',#9366,1.);
#1413=VECTOR('',#9367,1.);
#1414=VECTOR('',#9370,1.);
#1415=VECTOR('',#9371,1.);
#1416=VECTOR('',#9372,1.);
#1417=VECTOR('',#9373,1.);
#1418=VECTOR('',#9374,1.);
#1419=VECTOR('',#9375,1.);
#1420=VECTOR('',#9376,1.);
#1421=VECTOR('',#9377,1.);
#1422=VECTOR('',#9378,1.);
#1423=VECTOR('',#9379,1.);
#1424=VECTOR('',#9380,1.);
#1425=VECTOR('',#9381,1.);
#1426=VECTOR('',#9382,1.);
#1427=VECTOR('',#9383,1.);
#1428=VECTOR('',#9384,1.);
#1429=VECTOR('',#9385,1.);
#1430=VECTOR('',#9386,1.);
#1431=VECTOR('',#9387,1.);
#1432=VECTOR('',#9388,1.);
#1433=VECTOR('',#9389,1.);
#1434=VECTOR('',#9390,1.);
#1435=VECTOR('',#9391,1.);
#1436=VECTOR('',#9392,1.);
#1437=VECTOR('',#9395,1.);
#1438=VECTOR('',#9396,1.);
#1439=VECTOR('',#9397,1.);
#1440=VECTOR('',#9398,1.);
#1441=VECTOR('',#9401,1.);
#1442=VECTOR('',#9402,1.);
#1443=VECTOR('',#9403,1.);
#1444=VECTOR('',#9404,1.);
#1445=VECTOR('',#9405,1.);
#1446=VECTOR('',#9406,1.);
#1447=VECTOR('',#9407,1.);
#1448=VECTOR('',#9408,1.);
#1449=VECTOR('',#9409,1.);
#1450=VECTOR('',#9410,1.);
#1451=VECTOR('',#9411,1.);
#1452=VECTOR('',#9412,1.);
#1453=VECTOR('',#9413,1.);
#1454=VECTOR('',#9414,1.);
#1455=VECTOR('',#9415,1.);
#1456=VECTOR('',#9416,1.);
#1457=VECTOR('',#9417,1.);
#1458=VECTOR('',#9418,1.);
#1459=VECTOR('',#9419,1.);
#1460=VECTOR('',#9420,1.);
#1461=VECTOR('',#9421,1.);
#1462=VECTOR('',#9422,1.);
#1463=VECTOR('',#9423,1.);
#1464=VECTOR('',#9424,1.);
#1465=VECTOR('',#9425,1.);
#1466=VECTOR('',#9426,1.);
#1467=VECTOR('',#9427,1.);
#1468=VECTOR('',#9428,1.);
#1469=VECTOR('',#9429,1.);
#1470=VECTOR('',#9430,1.);
#1471=VECTOR('',#9433,1.);
#1472=VECTOR('',#9434,1.);
#1473=VECTOR('',#9435,1.);
#1474=VECTOR('',#9438,1.);
#1475=VECTOR('',#9439,1.);
#1476=VECTOR('',#9440,1.);
#1477=VECTOR('',#9441,1.);
#1478=VECTOR('',#9442,1.);
#1479=VECTOR('',#9443,1.);
#1480=VECTOR('',#9444,1.);
#1481=VECTOR('',#9445,1.);
#1482=VECTOR('',#9446,1.);
#1483=VECTOR('',#9447,1.);
#1484=VECTOR('',#9448,1.);
#1485=VECTOR('',#9449,1.);
#1486=VECTOR('',#9450,1.);
#1487=VECTOR('',#9451,1.);
#1488=VECTOR('',#9452,1.);
#1489=VECTOR('',#9453,1.);
#1490=VECTOR('',#9454,1.);
#1491=VECTOR('',#9455,1.);
#1492=VECTOR('',#9456,1.);
#1493=VECTOR('',#9457,1.);
#1494=VECTOR('',#9458,1.);
#1495=VECTOR('',#9459,1.);
#1496=VECTOR('',#9460,1.);
#1497=VECTOR('',#9461,1.);
#1498=VECTOR('',#9462,1.);
#1499=VECTOR('',#9463,1.);
#1500=VECTOR('',#9464,1.);
#1501=VECTOR('',#9465,1.);
#1502=VECTOR('',#9466,1.);
#1503=VECTOR('',#9467,1.);
#1504=VECTOR('',#9468,1.);
#1505=VECTOR('',#9469,1.);
#1506=VECTOR('',#9470,1.);
#1507=VECTOR('',#9471,1.);
#1508=VECTOR('',#9472,1.);
#1509=VECTOR('',#9475,1.);
#1510=VECTOR('',#9476,1.);
#1511=VECTOR('',#9477,1.);
#1512=VECTOR('',#9478,1.);
#1513=VECTOR('',#9479,1.);
#1514=VECTOR('',#9480,1.);
#1515=VECTOR('',#9481,1.);
#1516=VECTOR('',#9482,1.);
#1517=VECTOR('',#9483,1.);
#1518=VECTOR('',#9488,1.);
#1519=VECTOR('',#9489,1.);
#1520=VECTOR('',#9490,1.);
#1521=VECTOR('',#9493,1.);
#1522=VECTOR('',#9494,1.);
#1523=VECTOR('',#9495,1.);
#1524=VECTOR('',#9496,1.);
#1525=VECTOR('',#9497,1.);
#1526=VECTOR('',#9498,1.);
#1527=VECTOR('',#9501,1.);
#1528=VECTOR('',#9502,1.);
#1529=VECTOR('',#9505,1.);
#1530=VECTOR('',#9506,1.);
#1531=VECTOR('',#9507,1.);
#1532=VECTOR('',#9510,1.);
#1533=VECTOR('',#9511,1.);
#1534=VECTOR('',#9512,1.);
#1535=VECTOR('',#9515,1.);
#1536=VECTOR('',#9516,1.);
#1537=VECTOR('',#9517,1.);
#1538=VECTOR('',#9520,1.);
#1539=VECTOR('',#9521,1.);
#1540=VECTOR('',#9522,1.);
#1541=VECTOR('',#9525,1.);
#1542=VECTOR('',#9526,1.);
#1543=VECTOR('',#9527,1.);
#1544=VECTOR('',#9530,1.);
#1545=VECTOR('',#9531,1.);
#1546=VECTOR('',#9532,1.);
#1547=VECTOR('',#9535,1.);
#1548=VECTOR('',#9536,1.);
#1549=VECTOR('',#9537,1.);
#1550=VECTOR('',#9538,1.);
#1551=VECTOR('',#9541,1.);
#1552=VECTOR('',#9542,1.);
#1553=VECTOR('',#9543,1.);
#1554=VECTOR('',#9544,1.);
#1555=VECTOR('',#9545,1.);
#1556=VECTOR('',#9546,1.);
#1557=VECTOR('',#9547,1.);
#1558=VECTOR('',#9548,1.);
#1559=VECTOR('',#9549,1.);
#1560=VECTOR('',#9550,1.);
#1561=VECTOR('',#9551,1.);
#1562=VECTOR('',#9552,1.);
#1563=VECTOR('',#9553,1.);
#1564=VECTOR('',#9554,1.);
#1565=VECTOR('',#9555,1.);
#1566=VECTOR('',#9556,1.);
#1567=VECTOR('',#9557,1.);
#1568=VECTOR('',#9558,1.);
#1569=VECTOR('',#9559,1.);
#1570=VECTOR('',#9560,1.);
#1571=VECTOR('',#9561,1.);
#1572=VECTOR('',#9562,1.);
#1573=VECTOR('',#9563,1.);
#1574=VECTOR('',#9564,1.);
#1575=VECTOR('',#9567,1.);
#1576=VECTOR('',#9570,1.);
#1577=VECTOR('',#9573,1.);
#1578=VECTOR('',#9578,1.);
#1579=VECTOR('',#9579,1.);
#1580=VECTOR('',#9580,1.);
#1581=VECTOR('',#9581,1.);
#1582=VECTOR('',#9582,1.);
#1583=VECTOR('',#9583,1.);
#1584=VECTOR('',#9584,1.);
#1585=VECTOR('',#9585,1.);
#1586=VECTOR('',#9588,1.);
#1587=VECTOR('',#9589,1.);
#1588=VECTOR('',#9590,1.);
#1589=VECTOR('',#9591,1.);
#1590=VECTOR('',#9592,1.);
#1591=VECTOR('',#9593,1.);
#1592=VECTOR('',#9594,1.);
#1593=VECTOR('',#9595,1.);
#1594=VECTOR('',#9598,1.);
#1595=VECTOR('',#9599,1.);
#1596=VECTOR('',#9600,1.);
#1597=VECTOR('',#9601,1.);
#1598=VECTOR('',#9602,1.);
#1599=VECTOR('',#9603,1.);
#1600=VECTOR('',#9604,1.);
#1601=VECTOR('',#9605,1.);
#1602=VECTOR('',#9606,1.);
#1603=VECTOR('',#9607,1.);
#1604=VECTOR('',#9608,1.);
#1605=VECTOR('',#9609,1.);
#1606=VECTOR('',#9610,1.);
#1607=VECTOR('',#9611,1.);
#1608=VECTOR('',#9612,1.);
#1609=VECTOR('',#9613,1.);
#1610=VECTOR('',#9614,1.);
#1611=VECTOR('',#9615,1.);
#1612=VECTOR('',#9616,1.);
#1613=VECTOR('',#9617,1.);
#1614=VECTOR('',#9618,1.);
#1615=VECTOR('',#9619,1.);
#1616=VECTOR('',#9620,1.);
#1617=VECTOR('',#9621,1.);
#1618=VECTOR('',#9624,1.);
#1619=VECTOR('',#9625,1.);
#1620=VECTOR('',#9626,1.);
#1621=VECTOR('',#9627,1.);
#1622=VECTOR('',#9628,1.);
#1623=VECTOR('',#9629,1.);
#1624=VECTOR('',#9630,1.);
#1625=VECTOR('',#9631,1.);
#1626=VECTOR('',#9632,1.);
#1627=VECTOR('',#9633,1.);
#1628=VECTOR('',#9634,1.);
#1629=VECTOR('',#9635,1.);
#1630=VECTOR('',#9636,1.);
#1631=VECTOR('',#9637,1.);
#1632=VECTOR('',#9638,1.);
#1633=VECTOR('',#9639,1.);
#1634=VECTOR('',#9640,1.);
#1635=VECTOR('',#9641,1.);
#1636=VECTOR('',#9642,1.);
#1637=VECTOR('',#9643,1.);
#1638=VECTOR('',#9644,1.);
#1639=VECTOR('',#9645,1.);
#1640=VECTOR('',#9646,1.);
#1641=VECTOR('',#9647,1.);
#1642=VECTOR('',#9648,1.);
#1643=VECTOR('',#9649,1.);
#1644=VECTOR('',#9650,1.);
#1645=VECTOR('',#9651,1.);
#1646=VECTOR('',#9652,1.);
#1647=VECTOR('',#9653,1.);
#1648=VECTOR('',#9654,1.);
#1649=VECTOR('',#9655,1.);
#1650=VECTOR('',#9656,1.);
#1651=VECTOR('',#9657,1.);
#1652=VECTOR('',#9658,1.);
#1653=VECTOR('',#9659,1.);
#1654=VECTOR('',#9660,1.);
#1655=VECTOR('',#9661,1.);
#1656=VECTOR('',#9662,1.);
#1657=VECTOR('',#9663,1.);
#1658=VECTOR('',#9664,1.);
#1659=VECTOR('',#9665,1.);
#1660=VECTOR('',#9666,1.);
#1661=VECTOR('',#9667,1.);
#1662=VECTOR('',#9668,1.);
#1663=VECTOR('',#9669,1.);
#1664=VECTOR('',#9670,1.);
#1665=VECTOR('',#9671,1.);
#1666=VECTOR('',#9672,1.);
#1667=VECTOR('',#9673,1.);
#1668=VECTOR('',#9674,1.);
#1669=VECTOR('',#9675,1.);
#1670=VECTOR('',#9676,1.);
#1671=VECTOR('',#9677,1.);
#1672=VECTOR('',#9678,1.);
#1673=VECTOR('',#9679,1.);
#1674=VECTOR('',#9680,1.);
#1675=VECTOR('',#9681,1.);
#1676=VECTOR('',#9682,1.);
#1677=VECTOR('',#9683,1.);
#1678=VECTOR('',#9684,1.);
#1679=VECTOR('',#9685,1.);
#1680=VECTOR('',#9688,1.);
#1681=VECTOR('',#9689,1.);
#1682=VECTOR('',#9690,1.);
#1683=VECTOR('',#9691,1.);
#1684=VECTOR('',#9692,1.);
#1685=VECTOR('',#9693,1.);
#1686=VECTOR('',#9694,1.);
#1687=VECTOR('',#9697,1.);
#1688=VECTOR('',#9698,1.);
#1689=VECTOR('',#9699,1.);
#1690=VECTOR('',#9700,1.);
#1691=VECTOR('',#9701,1.);
#1692=VECTOR('',#9702,1.);
#1693=VECTOR('',#9703,1.);
#1694=VECTOR('',#9704,1.);
#1695=VECTOR('',#9705,1.);
#1696=VECTOR('',#9706,1.);
#1697=VECTOR('',#9707,1.);
#1698=VECTOR('',#9708,1.);
#1699=VECTOR('',#9709,1.);
#1700=VECTOR('',#9710,1.);
#1701=VECTOR('',#9711,1.);
#1702=VECTOR('',#9712,1.);
#1703=VECTOR('',#9713,1.);
#1704=VECTOR('',#9714,1.);
#1705=VECTOR('',#9717,1.);
#1706=VECTOR('',#9718,1.);
#1707=VECTOR('',#9719,1.);
#1708=VECTOR('',#9720,1.);
#1709=VECTOR('',#9721,1.);
#1710=VECTOR('',#9722,1.);
#1711=VECTOR('',#9723,1.);
#1712=VECTOR('',#9724,1.);
#1713=VECTOR('',#9725,1.);
#1714=VECTOR('',#9726,1.);
#1715=VECTOR('',#9727,1.);
#1716=VECTOR('',#9728,1.);
#1717=VECTOR('',#9729,1.);
#1718=VECTOR('',#9730,1.);
#1719=VECTOR('',#9731,1.);
#1720=VECTOR('',#9732,1.);
#1721=VECTOR('',#9733,1.);
#1722=VECTOR('',#9734,1.);
#1723=VECTOR('',#9735,1.);
#1724=VECTOR('',#9736,1.);
#1725=VECTOR('',#9737,1.);
#1726=VECTOR('',#9740,1.);
#1727=VECTOR('',#9741,1.);
#1728=VECTOR('',#9742,1.);
#1729=VECTOR('',#9743,1.);
#1730=VECTOR('',#9744,1.);
#1731=VECTOR('',#9745,1.);
#1732=VECTOR('',#9748,1.);
#1733=VECTOR('',#9751,1.);
#1734=VECTOR('',#9752,1.);
#1735=VECTOR('',#9753,1.);
#1736=VECTOR('',#9754,1.);
#1737=VECTOR('',#9755,1.);
#1738=VECTOR('',#9756,1.);
#1739=VECTOR('',#9757,1.);
#1740=VECTOR('',#9758,1.);
#1741=VECTOR('',#9759,1.);
#1742=VECTOR('',#9764,1.);
#1743=VECTOR('',#9767,1.);
#1744=VECTOR('',#9768,1.);
#1745=VECTOR('',#9769,1.);
#1746=VECTOR('',#9772,1.);
#1747=VECTOR('',#9773,1.);
#1748=VECTOR('',#9774,1.);
#1749=VECTOR('',#9777,1.);
#1750=VECTOR('',#9778,1.);
#1751=VECTOR('',#9779,1.);
#1752=VECTOR('',#9780,1.);
#1753=VECTOR('',#9781,1.);
#1754=VECTOR('',#9784,1.);
#1755=VECTOR('',#9785,1.);
#1756=VECTOR('',#9786,1.);
#1757=VECTOR('',#9787,1.);
#1758=VECTOR('',#9788,1.);
#1759=VECTOR('',#9791,1.);
#1760=VECTOR('',#9792,1.);
#1761=VECTOR('',#9793,1.);
#1762=VECTOR('',#9794,1.);
#1763=VECTOR('',#9795,1.);
#1764=VECTOR('',#9796,1.);
#1765=VECTOR('',#9797,1.);
#1766=VECTOR('',#9798,1.);
#1767=VECTOR('',#9799,1.);
#1768=VECTOR('',#9802,1.);
#1769=VECTOR('',#9803,1.);
#1770=VECTOR('',#9804,1.);
#1771=VECTOR('',#9805,1.);
#1772=VECTOR('',#9806,1.);
#1773=VECTOR('',#9807,1.);
#1774=VECTOR('',#9808,1.);
#1775=VECTOR('',#9809,1.);
#1776=VECTOR('',#9810,1.);
#1777=VECTOR('',#9811,1.);
#1778=VECTOR('',#9812,1.);
#1779=VECTOR('',#9813,1.);
#1780=VECTOR('',#9814,1.);
#1781=VECTOR('',#9817,1.);
#1782=VECTOR('',#9820,1.);
#1783=VECTOR('',#9821,1.);
#1784=VECTOR('',#9822,1.);
#1785=VECTOR('',#9825,1.);
#1786=VECTOR('',#9826,1.);
#1787=VECTOR('',#9827,1.);
#1788=VECTOR('',#9828,1.);
#1789=VECTOR('',#9829,1.);
#1790=VECTOR('',#9830,1.);
#1791=VECTOR('',#9831,1.);
#1792=VECTOR('',#9832,1.);
#1793=VECTOR('',#9833,1.);
#1794=VECTOR('',#9834,1.);
#1795=VECTOR('',#9835,1.);
#1796=VECTOR('',#9836,1.);
#1797=VECTOR('',#9837,1.);
#1798=VECTOR('',#9838,1.);
#1799=VECTOR('',#9839,1.);
#1800=VECTOR('',#9840,1.);
#1801=VECTOR('',#9843,1.);
#1802=VECTOR('',#9844,1.);
#1803=VECTOR('',#9845,1.);
#1804=VECTOR('',#9846,1.);
#1805=VECTOR('',#9847,1.);
#1806=VECTOR('',#9848,1.);
#1807=VECTOR('',#9849,1.);
#1808=VECTOR('',#9850,1.);
#1809=VECTOR('',#9851,1.);
#1810=VECTOR('',#9852,1.);
#1811=VECTOR('',#9853,1.);
#1812=VECTOR('',#9856,1.);
#1813=VECTOR('',#9857,1.);
#1814=VECTOR('',#9858,1.);
#1815=VECTOR('',#9861,1.);
#1816=VECTOR('',#9862,1.);
#1817=VECTOR('',#9863,1.);
#1818=VECTOR('',#9866,1.);
#1819=VECTOR('',#9867,1.);
#1820=VECTOR('',#9868,1.);
#1821=VECTOR('',#9869,1.);
#1822=VECTOR('',#9870,1.);
#1823=VECTOR('',#9871,1.);
#1824=VECTOR('',#9872,1.);
#1825=VECTOR('',#9873,1.);
#1826=VECTOR('',#9874,1.);
#1827=VECTOR('',#9875,1.);
#1828=VECTOR('',#9876,1.);
#1829=VECTOR('',#9877,1.);
#1830=VECTOR('',#9878,1.);
#1831=VECTOR('',#9879,1.);
#1832=VECTOR('',#9880,1.);
#1833=VECTOR('',#9881,1.);
#1834=VECTOR('',#9882,1.);
#1835=VECTOR('',#9883,1.);
#1836=VECTOR('',#9884,1.);
#1837=VECTOR('',#9885,1.);
#1838=VECTOR('',#9886,1.);
#1839=VECTOR('',#9887,1.);
#1840=VECTOR('',#9888,1.);
#1841=VECTOR('',#9889,1.);
#1842=VECTOR('',#9890,1.);
#1843=VECTOR('',#9891,1.);
#1844=VECTOR('',#9892,1.);
#1845=VECTOR('',#9893,1.);
#1846=VECTOR('',#9894,1.);
#1847=VECTOR('',#9895,1.);
#1848=VECTOR('',#9896,1.);
#1849=VECTOR('',#9897,1.);
#1850=VECTOR('',#9898,1.);
#1851=VECTOR('',#9899,1.);
#1852=VECTOR('',#9900,1.);
#1853=VECTOR('',#9901,1.);
#1854=VECTOR('',#9902,1.);
#1855=VECTOR('',#9903,1.);
#1856=VECTOR('',#9904,1.);
#1857=VECTOR('',#9905,1.);
#1858=VECTOR('',#9906,1.);
#1859=VECTOR('',#9907,1.);
#1860=VECTOR('',#9908,1.);
#1861=VECTOR('',#9909,1.);
#1862=VECTOR('',#9910,1.);
#1863=VECTOR('',#9911,1.);
#1864=VECTOR('',#9912,1.);
#1865=VECTOR('',#9913,1.);
#1866=VECTOR('',#9914,1.);
#1867=VECTOR('',#9915,1.);
#1868=VECTOR('',#9916,1.);
#1869=VECTOR('',#9917,1.);
#1870=VECTOR('',#9918,1.);
#1871=VECTOR('',#9919,1.);
#1872=VECTOR('',#9920,1.);
#1873=VECTOR('',#9921,1.);
#1874=VECTOR('',#9922,1.);
#1875=VECTOR('',#9923,1.);
#1876=VECTOR('',#9924,1.);
#1877=VECTOR('',#9925,1.);
#1878=VECTOR('',#9926,1.);
#1879=VECTOR('',#9927,1.);
#1880=VECTOR('',#9928,1.);
#1881=VECTOR('',#9953,1.);
#1882=VECTOR('',#9956,1.);
#1883=VECTOR('',#9959,1.);
#1884=VECTOR('',#9962,1.);
#1885=VECTOR('',#9963,1.);
#1886=VECTOR('',#9964,1.);
#1887=VECTOR('',#9967,1.);
#1888=VECTOR('',#9968,1.);
#1889=VECTOR('',#9969,1.);
#1890=VECTOR('',#9972,1.);
#1891=VECTOR('',#9973,1.);
#1892=VECTOR('',#9976,1.);
#1893=VECTOR('',#9977,1.);
#1894=VECTOR('',#9980,1.);
#1895=VECTOR('',#9981,1.);
#1896=VECTOR('',#9982,1.);
#1897=VECTOR('',#9985,1.);
#1898=VECTOR('',#9986,1.);
#1899=VECTOR('',#9987,1.);
#1900=VECTOR('',#9990,1.);
#1901=VECTOR('',#9991,1.);
#1902=VECTOR('',#9994,1.);
#1903=VECTOR('',#9995,1.);
#1904=VECTOR('',#9998,1.);
#1905=VECTOR('',#9999,1.);
#1906=VECTOR('',#10000,1.);
#1907=VECTOR('',#10003,1.);
#1908=VECTOR('',#10004,1.);
#1909=VECTOR('',#10005,1.);
#1910=VECTOR('',#10008,1.);
#1911=VECTOR('',#10009,1.);
#1912=VECTOR('',#10012,1.);
#1913=VECTOR('',#10013,1.);
#1914=VECTOR('',#10014,1.);
#1915=VECTOR('',#10017,1.);
#1916=VECTOR('',#10018,1.);
#1917=VECTOR('',#10019,1.);
#1918=VECTOR('',#10022,1.);
#1919=VECTOR('',#10023,1.);
#1920=VECTOR('',#10026,1.);
#1921=VECTOR('',#10027,1.);
#1922=VECTOR('',#10028,1.);
#1923=VECTOR('',#10031,1.);
#1924=VECTOR('',#10034,1.);
#1925=VECTOR('',#10037,1.);
#1926=VECTOR('',#10072,1.);
#1927=VECTOR('',#10073,1.);
#1928=VECTOR('',#10076,1.);
#1929=VECTOR('',#10079,1.);
#1930=VECTOR('',#10084,1.);
#1931=VECTOR('',#10085,1.);
#1932=VECTOR('',#10088,1.);
#1933=VECTOR('',#10091,1.);
#1934=VECTOR('',#10096,1.);
#1935=VECTOR('',#10097,1.);
#1936=VECTOR('',#10100,1.);
#1937=VECTOR('',#10103,1.);
#1938=VECTOR('',#10108,1.);
#1939=VECTOR('',#10109,1.);
#1940=VECTOR('',#10112,1.);
#1941=VECTOR('',#10115,1.);
#1942=VECTOR('',#10118,1.);
#1943=VECTOR('',#10123,1.);
#1944=VECTOR('',#10124,1.);
#1945=VECTOR('',#10127,1.);
#1946=VECTOR('',#10130,1.);
#1947=VECTOR('',#10133,1.);
#1948=VECTOR('',#10138,1.);
#1949=VECTOR('',#10139,1.);
#1950=VECTOR('',#10142,1.);
#1951=VECTOR('',#10145,1.);
#1952=VECTOR('',#10150,1.);
#1953=VECTOR('',#10151,1.);
#1954=VECTOR('',#10154,1.);
#1955=VECTOR('',#10157,1.);
#1956=VECTOR('',#10160,1.);
#1957=VECTOR('',#10165,1.);
#1958=VECTOR('',#10166,1.);
#1959=VECTOR('',#10169,1.);
#1960=VECTOR('',#10172,1.);
#1961=VECTOR('',#10177,1.);
#1962=VECTOR('',#10178,1.);
#1963=VECTOR('',#10181,1.);
#1964=VECTOR('',#10184,1.);
#1965=VECTOR('',#10189,1.);
#1966=VECTOR('',#10190,1.);
#1967=VECTOR('',#10193,1.);
#1968=VECTOR('',#10196,1.);
#1969=VECTOR('',#10201,1.);
#1970=VECTOR('',#10202,1.);
#1971=VECTOR('',#10205,1.);
#1972=VECTOR('',#10208,1.);
#1973=VECTOR('',#10213,1.);
#1974=VECTOR('',#10214,1.);
#1975=VECTOR('',#10217,1.);
#1976=VECTOR('',#10220,1.);
#1977=VECTOR('',#10225,1.);
#1978=VECTOR('',#10226,1.);
#1979=VECTOR('',#10229,1.);
#1980=VECTOR('',#10232,1.);
#1981=VECTOR('',#10237,1.);
#1982=VECTOR('',#10238,1.);
#1983=VECTOR('',#10241,1.);
#1984=VECTOR('',#10244,1.);
#1985=VECTOR('',#10249,1.);
#1986=VECTOR('',#10250,1.);
#1987=VECTOR('',#10253,1.);
#1988=VECTOR('',#10256,1.);
#1989=VECTOR('',#10261,1.);
#1990=VECTOR('',#10262,1.);
#1991=VECTOR('',#10265,1.);
#1992=VECTOR('',#10268,1.);
#1993=VECTOR('',#10273,1.);
#1994=VECTOR('',#10274,1.);
#1995=VECTOR('',#10277,1.);
#1996=VECTOR('',#10280,1.);
#1997=VECTOR('',#10285,1.);
#1998=VECTOR('',#10286,1.);
#1999=VECTOR('',#10289,1.);
#2000=VECTOR('',#10292,1.);
#2001=VECTOR('',#10297,1.);
#2002=VECTOR('',#10298,1.);
#2003=VECTOR('',#10301,1.);
#2004=VECTOR('',#10304,1.);
#2005=VECTOR('',#10309,1.);
#2006=VECTOR('',#10310,1.);
#2007=VECTOR('',#10313,1.);
#2008=VECTOR('',#10316,1.);
#2009=VECTOR('',#10321,1.);
#2010=VECTOR('',#10322,1.);
#2011=VECTOR('',#10325,1.);
#2012=VECTOR('',#10328,1.);
#2013=VECTOR('',#10333,1.);
#2014=VECTOR('',#10334,1.);
#2015=VECTOR('',#10337,1.);
#2016=VECTOR('',#10340,1.);
#2017=VECTOR('',#10345,1.);
#2018=VECTOR('',#10346,1.);
#2019=VECTOR('',#10349,1.);
#2020=VECTOR('',#10352,1.);
#2021=VECTOR('',#10357,1.);
#2022=VECTOR('',#10358,1.);
#2023=VECTOR('',#10361,1.);
#2024=VECTOR('',#10364,1.);
#2025=VECTOR('',#10369,1.);
#2026=VECTOR('',#10370,1.);
#2027=VECTOR('',#10373,1.);
#2028=VECTOR('',#10376,1.);
#2029=VECTOR('',#10381,1.);
#2030=VECTOR('',#10382,1.);
#2031=VECTOR('',#10385,1.);
#2032=VECTOR('',#10388,1.);
#2033=VECTOR('',#10393,1.);
#2034=VECTOR('',#10394,1.);
#2035=VECTOR('',#10397,1.);
#2036=VECTOR('',#10400,1.);
#2037=VECTOR('',#10405,1.);
#2038=VECTOR('',#10406,1.);
#2039=VECTOR('',#10409,1.);
#2040=VECTOR('',#10412,1.);
#2041=VECTOR('',#10417,1.);
#2042=VECTOR('',#10418,1.);
#2043=VECTOR('',#10421,1.);
#2044=VECTOR('',#10424,1.);
#2045=VECTOR('',#10427,1.);
#2046=VECTOR('',#10432,1.);
#2047=VECTOR('',#10433,1.);
#2048=VECTOR('',#10436,1.);
#2049=VECTOR('',#10439,1.);
#2050=VECTOR('',#10444,1.);
#2051=VECTOR('',#10445,1.);
#2052=VECTOR('',#10448,1.);
#2053=VECTOR('',#10451,1.);
#2054=VECTOR('',#10454,1.);
#2055=VECTOR('',#10459,1.);
#2056=VECTOR('',#10460,1.);
#2057=VECTOR('',#10463,1.);
#2058=VECTOR('',#10466,1.);
#2059=VECTOR('',#10469,1.);
#2060=VECTOR('',#10474,1.);
#2061=VECTOR('',#10475,1.);
#2062=VECTOR('',#10478,1.);
#2063=VECTOR('',#10481,1.);
#2064=VECTOR('',#10486,1.);
#2065=VECTOR('',#10487,1.);
#2066=VECTOR('',#10490,1.);
#2067=VECTOR('',#10493,1.);
#2068=VECTOR('',#10498,1.);
#2069=VECTOR('',#10499,1.);
#2070=VECTOR('',#10502,1.);
#2071=VECTOR('',#10505,1.);
#2072=VECTOR('',#10510,1.);
#2073=VECTOR('',#10511,1.);
#2074=VECTOR('',#10514,1.);
#2075=VECTOR('',#10517,1.);
#2076=VECTOR('',#10522,1.);
#2077=VECTOR('',#10523,1.);
#2078=VECTOR('',#10526,1.);
#2079=VECTOR('',#10529,1.);
#2080=VECTOR('',#10534,1.);
#2081=VECTOR('',#10535,1.);
#2082=VECTOR('',#10538,1.);
#2083=VECTOR('',#10541,1.);
#2084=VECTOR('',#10546,1.);
#2085=VECTOR('',#10547,1.);
#2086=VECTOR('',#10550,1.);
#2087=VECTOR('',#10553,1.);
#2088=VECTOR('',#10558,1.);
#2089=VECTOR('',#10559,1.);
#2090=VECTOR('',#10562,1.);
#2091=VECTOR('',#10565,1.);
#2092=VECTOR('',#10568,1.);
#2093=VECTOR('',#10573,1.);
#2094=VECTOR('',#10574,1.);
#2095=VECTOR('',#10577,1.);
#2096=VECTOR('',#10580,1.);
#2097=VECTOR('',#10585,1.);
#2098=VECTOR('',#10586,1.);
#2099=VECTOR('',#10589,1.);
#2100=VECTOR('',#10592,1.);
#2101=VECTOR('',#10597,1.);
#2102=VECTOR('',#10598,1.);
#2103=VECTOR('',#10601,1.);
#2104=VECTOR('',#10604,1.);
#2105=VECTOR('',#10609,1.);
#2106=VECTOR('',#10610,1.);
#2107=VECTOR('',#10613,1.);
#2108=VECTOR('',#10616,1.);
#2109=VECTOR('',#10621,1.);
#2110=VECTOR('',#10622,1.);
#2111=VECTOR('',#10625,1.);
#2112=VECTOR('',#10628,1.);
#2113=VECTOR('',#10633,1.);
#2114=VECTOR('',#10634,1.);
#2115=VECTOR('',#10637,1.);
#2116=VECTOR('',#10640,1.);
#2117=VECTOR('',#10645,1.);
#2118=VECTOR('',#10646,1.);
#2119=VECTOR('',#10649,1.);
#2120=VECTOR('',#10652,1.);
#2121=VECTOR('',#10657,1.);
#2122=VECTOR('',#10658,1.);
#2123=VECTOR('',#10661,1.);
#2124=VECTOR('',#10664,1.);
#2125=VECTOR('',#10669,1.);
#2126=VECTOR('',#10670,1.);
#2127=VECTOR('',#10673,1.);
#2128=VECTOR('',#10676,1.);
#2129=VECTOR('',#10681,1.);
#2130=VECTOR('',#10682,1.);
#2131=VECTOR('',#10685,1.);
#2132=VECTOR('',#10688,1.);
#2133=VECTOR('',#10693,1.);
#2134=VECTOR('',#10694,1.);
#2135=VECTOR('',#10697,1.);
#2136=VECTOR('',#10700,1.);
#2137=VECTOR('',#10705,1.);
#2138=VECTOR('',#10706,1.);
#2139=VECTOR('',#10709,1.);
#2140=VECTOR('',#10712,1.);
#2141=VECTOR('',#10717,1.);
#2142=VECTOR('',#10718,1.);
#2143=VECTOR('',#10721,1.);
#2144=VECTOR('',#10724,1.);
#2145=VECTOR('',#10729,1.);
#2146=VECTOR('',#10730,1.);
#2147=VECTOR('',#10733,1.);
#2148=VECTOR('',#10736,1.);
#2149=VECTOR('',#10741,1.);
#2150=VECTOR('',#10742,1.);
#2151=VECTOR('',#10745,1.);
#2152=VECTOR('',#10748,1.);
#2153=VECTOR('',#10753,1.);
#2154=VECTOR('',#10754,1.);
#2155=VECTOR('',#10757,1.);
#2156=VECTOR('',#10760,1.);
#2157=VECTOR('',#10765,1.);
#2158=VECTOR('',#10766,1.);
#2159=VECTOR('',#10769,1.);
#2160=VECTOR('',#10772,1.);
#2161=VECTOR('',#10777,1.);
#2162=VECTOR('',#10778,1.);
#2163=VECTOR('',#10781,1.);
#2164=VECTOR('',#10784,1.);
#2165=VECTOR('',#10789,1.);
#2166=VECTOR('',#10790,1.);
#2167=VECTOR('',#10793,1.);
#2168=VECTOR('',#10796,1.);
#2169=VECTOR('',#10801,1.);
#2170=VECTOR('',#10802,1.);
#2171=VECTOR('',#10805,1.);
#2172=VECTOR('',#10808,1.);
#2173=VECTOR('',#10813,1.);
#2174=VECTOR('',#10814,1.);
#2175=VECTOR('',#10817,1.);
#2176=VECTOR('',#10820,1.);
#2177=VECTOR('',#10825,1.);
#2178=VECTOR('',#10826,1.);
#2179=VECTOR('',#10829,1.);
#2180=VECTOR('',#10832,1.);
#2181=VECTOR('',#10837,1.);
#2182=VECTOR('',#10838,1.);
#2183=VECTOR('',#10841,1.);
#2184=VECTOR('',#10844,1.);
#2185=VECTOR('',#10849,1.);
#2186=VECTOR('',#10850,1.);
#2187=VECTOR('',#10853,1.);
#2188=VECTOR('',#10856,1.);
#2189=VECTOR('',#10861,1.);
#2190=VECTOR('',#10862,1.);
#2191=VECTOR('',#10865,1.);
#2192=VECTOR('',#10868,1.);
#2193=VECTOR('',#10871,1.);
#2194=VECTOR('',#10876,1.);
#2195=VECTOR('',#10877,1.);
#2196=VECTOR('',#10880,1.);
#2197=VECTOR('',#10883,1.);
#2198=VECTOR('',#10888,1.);
#2199=VECTOR('',#10889,1.);
#2200=VECTOR('',#10892,1.);
#2201=VECTOR('',#10895,1.);
#2202=VECTOR('',#10900,1.);
#2203=VECTOR('',#10901,1.);
#2204=VECTOR('',#10904,1.);
#2205=VECTOR('',#10907,1.);
#2206=VECTOR('',#10912,1.);
#2207=VECTOR('',#10913,1.);
#2208=VECTOR('',#10916,1.);
#2209=VECTOR('',#10919,1.);
#2210=VECTOR('',#10924,1.);
#2211=VECTOR('',#10925,1.);
#2212=VECTOR('',#10928,1.);
#2213=VECTOR('',#10931,1.);
#2214=VECTOR('',#10996,1.);
#2215=VECTOR('',#10997,1.);
#2216=VECTOR('',#10998,1.);
#2217=VECTOR('',#11001,1.);
#2218=VECTOR('',#11002,1.);
#2219=VECTOR('',#11005,1.);
#2220=VECTOR('',#11006,1.);
#2221=VECTOR('',#11009,1.);
#2222=VECTOR('',#11110,1.);
#2223=VECTOR('',#11113,1.);
#2224=VECTOR('',#11116,1.);
#2225=VECTOR('',#11119,1.);
#2226=VECTOR('',#11154,1.);
#2227=VECTOR('',#11155,1.);
#2228=VECTOR('',#11156,1.);
#2229=VECTOR('',#11157,1.);
#2230=VECTOR('',#11160,1.);
#2231=VECTOR('',#11161,1.);
#2232=VECTOR('',#11162,1.);
#2233=VECTOR('',#11163,1.);
#2234=VECTOR('',#11164,1.);
#2235=VECTOR('',#11165,1.);
#2236=VECTOR('',#11166,1.);
#2237=VECTOR('',#11167,1.);
#2238=VECTOR('',#11170,1.);
#2239=VECTOR('',#11171,1.);
#2240=VECTOR('',#11172,1.);
#2241=VECTOR('',#11175,1.);
#2242=VECTOR('',#11176,1.);
#2243=VECTOR('',#11177,1.);
#2244=VECTOR('',#11178,1.);
#2245=VECTOR('',#11181,1.);
#2246=VECTOR('',#11182,1.);
#2247=VECTOR('',#11183,1.);
#2248=VECTOR('',#11184,1.);
#2249=VECTOR('',#11189,1.);
#2250=VECTOR('',#11190,1.);
#2251=VECTOR('',#11191,1.);
#2252=VECTOR('',#11192,1.);
#2253=VECTOR('',#11195,1.);
#2254=VECTOR('',#11196,1.);
#2255=VECTOR('',#11197,1.);
#2256=VECTOR('',#11198,1.);
#2257=VECTOR('',#11203,1.);
#2258=VECTOR('',#11208,1.);
#2259=VECTOR('',#11209,1.);
#2260=VECTOR('',#11210,1.);
#2261=VECTOR('',#11213,1.);
#2262=VECTOR('',#11216,1.);
#2263=VECTOR('',#11217,1.);
#2264=VECTOR('',#11218,1.);
#2265=VECTOR('',#11221,1.);
#2266=VECTOR('',#11222,1.);
#2267=VECTOR('',#11223,1.);
#2268=VECTOR('',#11226,1.);
#2269=VECTOR('',#11227,1.);
#2270=VECTOR('',#11236,1.);
#2271=VECTOR('',#11237,1.);
#2272=VECTOR('',#11238,1.);
#2273=VECTOR('',#11241,1.);
#2274=VECTOR('',#11242,1.);
#2275=VECTOR('',#11243,1.);
#2276=ORIENTED_EDGE('',*,*,#4638,.T.);
#2277=ORIENTED_EDGE('',*,*,#4639,.T.);
#2278=ORIENTED_EDGE('',*,*,#4640,.T.);
#2279=ORIENTED_EDGE('',*,*,#4641,.T.);
#2280=ORIENTED_EDGE('',*,*,#4642,.T.);
#2281=ORIENTED_EDGE('',*,*,#4643,.T.);
#2282=ORIENTED_EDGE('',*,*,#4644,.T.);
#2283=ORIENTED_EDGE('',*,*,#4645,.T.);
#2284=ORIENTED_EDGE('',*,*,#4646,.T.);
#2285=ORIENTED_EDGE('',*,*,#4647,.T.);
#2286=ORIENTED_EDGE('',*,*,#4648,.T.);
#2287=ORIENTED_EDGE('',*,*,#4649,.T.);
#2288=ORIENTED_EDGE('',*,*,#4650,.T.);
#2289=ORIENTED_EDGE('',*,*,#4651,.T.);
#2290=ORIENTED_EDGE('',*,*,#4652,.T.);
#2291=ORIENTED_EDGE('',*,*,#4653,.T.);
#2292=ORIENTED_EDGE('',*,*,#4654,.T.);
#2293=ORIENTED_EDGE('',*,*,#4655,.T.);
#2294=ORIENTED_EDGE('',*,*,#4656,.T.);
#2295=ORIENTED_EDGE('',*,*,#4657,.T.);
#2296=ORIENTED_EDGE('',*,*,#4658,.T.);
#2297=ORIENTED_EDGE('',*,*,#4659,.T.);
#2298=ORIENTED_EDGE('',*,*,#4660,.T.);
#2299=ORIENTED_EDGE('',*,*,#4661,.T.);
#2300=ORIENTED_EDGE('',*,*,#4662,.T.);
#2301=ORIENTED_EDGE('',*,*,#4663,.T.);
#2302=ORIENTED_EDGE('',*,*,#4664,.T.);
#2303=ORIENTED_EDGE('',*,*,#4665,.T.);
#2304=ORIENTED_EDGE('',*,*,#4666,.T.);
#2305=ORIENTED_EDGE('',*,*,#4667,.T.);
#2306=ORIENTED_EDGE('',*,*,#4668,.F.);
#2307=ORIENTED_EDGE('',*,*,#4669,.T.);
#2308=ORIENTED_EDGE('',*,*,#4670,.T.);
#2309=ORIENTED_EDGE('',*,*,#4671,.T.);
#2310=ORIENTED_EDGE('',*,*,#4672,.T.);
#2311=ORIENTED_EDGE('',*,*,#4673,.T.);
#2312=ORIENTED_EDGE('',*,*,#4674,.T.);
#2313=ORIENTED_EDGE('',*,*,#4675,.T.);
#2314=ORIENTED_EDGE('',*,*,#4676,.T.);
#2315=ORIENTED_EDGE('',*,*,#4677,.T.);
#2316=ORIENTED_EDGE('',*,*,#4678,.T.);
#2317=ORIENTED_EDGE('',*,*,#4679,.T.);
#2318=ORIENTED_EDGE('',*,*,#4680,.T.);
#2319=ORIENTED_EDGE('',*,*,#4681,.T.);
#2320=ORIENTED_EDGE('',*,*,#4682,.T.);
#2321=ORIENTED_EDGE('',*,*,#4683,.T.);
#2322=ORIENTED_EDGE('',*,*,#4684,.T.);
#2323=ORIENTED_EDGE('',*,*,#4685,.T.);
#2324=ORIENTED_EDGE('',*,*,#4686,.T.);
#2325=ORIENTED_EDGE('',*,*,#4687,.T.);
#2326=ORIENTED_EDGE('',*,*,#4688,.T.);
#2327=ORIENTED_EDGE('',*,*,#4689,.T.);
#2328=ORIENTED_EDGE('',*,*,#4690,.T.);
#2329=ORIENTED_EDGE('',*,*,#4691,.T.);
#2330=ORIENTED_EDGE('',*,*,#4692,.T.);
#2331=ORIENTED_EDGE('',*,*,#4693,.T.);
#2332=ORIENTED_EDGE('',*,*,#4694,.T.);
#2333=ORIENTED_EDGE('',*,*,#4695,.T.);
#2334=ORIENTED_EDGE('',*,*,#4696,.T.);
#2335=ORIENTED_EDGE('',*,*,#4697,.T.);
#2336=ORIENTED_EDGE('',*,*,#4698,.T.);
#2337=ORIENTED_EDGE('',*,*,#4699,.T.);
#2338=ORIENTED_EDGE('',*,*,#4700,.T.);
#2339=ORIENTED_EDGE('',*,*,#4701,.T.);
#2340=ORIENTED_EDGE('',*,*,#4702,.T.);
#2341=ORIENTED_EDGE('',*,*,#4703,.T.);
#2342=ORIENTED_EDGE('',*,*,#4704,.T.);
#2343=ORIENTED_EDGE('',*,*,#4705,.T.);
#2344=ORIENTED_EDGE('',*,*,#4706,.T.);
#2345=ORIENTED_EDGE('',*,*,#4707,.T.);
#2346=ORIENTED_EDGE('',*,*,#4708,.T.);
#2347=ORIENTED_EDGE('',*,*,#4709,.T.);
#2348=ORIENTED_EDGE('',*,*,#4710,.T.);
#2349=ORIENTED_EDGE('',*,*,#4711,.T.);
#2350=ORIENTED_EDGE('',*,*,#4712,.T.);
#2351=ORIENTED_EDGE('',*,*,#4713,.T.);
#2352=ORIENTED_EDGE('',*,*,#4714,.T.);
#2353=ORIENTED_EDGE('',*,*,#4715,.T.);
#2354=ORIENTED_EDGE('',*,*,#4716,.T.);
#2355=ORIENTED_EDGE('',*,*,#4717,.T.);
#2356=ORIENTED_EDGE('',*,*,#4718,.T.);
#2357=ORIENTED_EDGE('',*,*,#4719,.T.);
#2358=ORIENTED_EDGE('',*,*,#4720,.T.);
#2359=ORIENTED_EDGE('',*,*,#4721,.T.);
#2360=ORIENTED_EDGE('',*,*,#4722,.T.);
#2361=ORIENTED_EDGE('',*,*,#4723,.T.);
#2362=ORIENTED_EDGE('',*,*,#4724,.T.);
#2363=ORIENTED_EDGE('',*,*,#4725,.T.);
#2364=ORIENTED_EDGE('',*,*,#4726,.T.);
#2365=ORIENTED_EDGE('',*,*,#4727,.T.);
#2366=ORIENTED_EDGE('',*,*,#4728,.T.);
#2367=ORIENTED_EDGE('',*,*,#4729,.T.);
#2368=ORIENTED_EDGE('',*,*,#4730,.T.);
#2369=ORIENTED_EDGE('',*,*,#4731,.T.);
#2370=ORIENTED_EDGE('',*,*,#4732,.T.);
#2371=ORIENTED_EDGE('',*,*,#4733,.T.);
#2372=ORIENTED_EDGE('',*,*,#4734,.T.);
#2373=ORIENTED_EDGE('',*,*,#4735,.T.);
#2374=ORIENTED_EDGE('',*,*,#4736,.T.);
#2375=ORIENTED_EDGE('',*,*,#4737,.T.);
#2376=ORIENTED_EDGE('',*,*,#4738,.T.);
#2377=ORIENTED_EDGE('',*,*,#4739,.T.);
#2378=ORIENTED_EDGE('',*,*,#4740,.T.);
#2379=ORIENTED_EDGE('',*,*,#4741,.T.);
#2380=ORIENTED_EDGE('',*,*,#4742,.T.);
#2381=ORIENTED_EDGE('',*,*,#4743,.T.);
#2382=ORIENTED_EDGE('',*,*,#4744,.T.);
#2383=ORIENTED_EDGE('',*,*,#4745,.T.);
#2384=ORIENTED_EDGE('',*,*,#4746,.T.);
#2385=ORIENTED_EDGE('',*,*,#4747,.T.);
#2386=ORIENTED_EDGE('',*,*,#4748,.T.);
#2387=ORIENTED_EDGE('',*,*,#4749,.T.);
#2388=ORIENTED_EDGE('',*,*,#4750,.T.);
#2389=ORIENTED_EDGE('',*,*,#4751,.T.);
#2390=ORIENTED_EDGE('',*,*,#4752,.T.);
#2391=ORIENTED_EDGE('',*,*,#4753,.T.);
#2392=ORIENTED_EDGE('',*,*,#4754,.T.);
#2393=ORIENTED_EDGE('',*,*,#4755,.T.);
#2394=ORIENTED_EDGE('',*,*,#4756,.T.);
#2395=ORIENTED_EDGE('',*,*,#4757,.T.);
#2396=ORIENTED_EDGE('',*,*,#4758,.T.);
#2397=ORIENTED_EDGE('',*,*,#4759,.T.);
#2398=ORIENTED_EDGE('',*,*,#4760,.T.);
#2399=ORIENTED_EDGE('',*,*,#4761,.T.);
#2400=ORIENTED_EDGE('',*,*,#4762,.T.);
#2401=ORIENTED_EDGE('',*,*,#4763,.T.);
#2402=ORIENTED_EDGE('',*,*,#4764,.T.);
#2403=ORIENTED_EDGE('',*,*,#4765,.T.);
#2404=ORIENTED_EDGE('',*,*,#4766,.T.);
#2405=ORIENTED_EDGE('',*,*,#4767,.F.);
#2406=ORIENTED_EDGE('',*,*,#4768,.T.);
#2407=ORIENTED_EDGE('',*,*,#4769,.T.);
#2408=ORIENTED_EDGE('',*,*,#4770,.T.);
#2409=ORIENTED_EDGE('',*,*,#4771,.T.);
#2410=ORIENTED_EDGE('',*,*,#4772,.T.);
#2411=ORIENTED_EDGE('',*,*,#4773,.T.);
#2412=ORIENTED_EDGE('',*,*,#4774,.T.);
#2413=ORIENTED_EDGE('',*,*,#4775,.T.);
#2414=ORIENTED_EDGE('',*,*,#4776,.F.);
#2415=ORIENTED_EDGE('',*,*,#4777,.T.);
#2416=ORIENTED_EDGE('',*,*,#4778,.T.);
#2417=ORIENTED_EDGE('',*,*,#4779,.T.);
#2418=ORIENTED_EDGE('',*,*,#4780,.T.);
#2419=ORIENTED_EDGE('',*,*,#4781,.T.);
#2420=ORIENTED_EDGE('',*,*,#4782,.T.);
#2421=ORIENTED_EDGE('',*,*,#4783,.T.);
#2422=ORIENTED_EDGE('',*,*,#4784,.T.);
#2423=ORIENTED_EDGE('',*,*,#4785,.T.);
#2424=ORIENTED_EDGE('',*,*,#4786,.T.);
#2425=ORIENTED_EDGE('',*,*,#4787,.T.);
#2426=ORIENTED_EDGE('',*,*,#4788,.T.);
#2427=ORIENTED_EDGE('',*,*,#4789,.T.);
#2428=ORIENTED_EDGE('',*,*,#4790,.T.);
#2429=ORIENTED_EDGE('',*,*,#4791,.T.);
#2430=ORIENTED_EDGE('',*,*,#4792,.T.);
#2431=ORIENTED_EDGE('',*,*,#4793,.T.);
#2432=ORIENTED_EDGE('',*,*,#4794,.T.);
#2433=ORIENTED_EDGE('',*,*,#4795,.T.);
#2434=ORIENTED_EDGE('',*,*,#4796,.T.);
#2435=ORIENTED_EDGE('',*,*,#4797,.T.);
#2436=ORIENTED_EDGE('',*,*,#4798,.T.);
#2437=ORIENTED_EDGE('',*,*,#4799,.T.);
#2438=ORIENTED_EDGE('',*,*,#4800,.F.);
#2439=ORIENTED_EDGE('',*,*,#4801,.T.);
#2440=ORIENTED_EDGE('',*,*,#4802,.T.);
#2441=ORIENTED_EDGE('',*,*,#4803,.T.);
#2442=ORIENTED_EDGE('',*,*,#4804,.T.);
#2443=ORIENTED_EDGE('',*,*,#4805,.F.);
#2444=ORIENTED_EDGE('',*,*,#4806,.T.);
#2445=ORIENTED_EDGE('',*,*,#4807,.T.);
#2446=ORIENTED_EDGE('',*,*,#4808,.T.);
#2447=ORIENTED_EDGE('',*,*,#4809,.T.);
#2448=ORIENTED_EDGE('',*,*,#4810,.T.);
#2449=ORIENTED_EDGE('',*,*,#4811,.T.);
#2450=ORIENTED_EDGE('',*,*,#4812,.T.);
#2451=ORIENTED_EDGE('',*,*,#4813,.T.);
#2452=ORIENTED_EDGE('',*,*,#4814,.T.);
#2453=ORIENTED_EDGE('',*,*,#4815,.T.);
#2454=ORIENTED_EDGE('',*,*,#4816,.T.);
#2455=ORIENTED_EDGE('',*,*,#4817,.T.);
#2456=ORIENTED_EDGE('',*,*,#4818,.T.);
#2457=ORIENTED_EDGE('',*,*,#4819,.T.);
#2458=ORIENTED_EDGE('',*,*,#4820,.T.);
#2459=ORIENTED_EDGE('',*,*,#4821,.T.);
#2460=ORIENTED_EDGE('',*,*,#4822,.T.);
#2461=ORIENTED_EDGE('',*,*,#4823,.T.);
#2462=ORIENTED_EDGE('',*,*,#4824,.T.);
#2463=ORIENTED_EDGE('',*,*,#4825,.T.);
#2464=ORIENTED_EDGE('',*,*,#4826,.T.);
#2465=ORIENTED_EDGE('',*,*,#4827,.T.);
#2466=ORIENTED_EDGE('',*,*,#4828,.T.);
#2467=ORIENTED_EDGE('',*,*,#4829,.T.);
#2468=ORIENTED_EDGE('',*,*,#4830,.T.);
#2469=ORIENTED_EDGE('',*,*,#4831,.T.);
#2470=ORIENTED_EDGE('',*,*,#4832,.T.);
#2471=ORIENTED_EDGE('',*,*,#4833,.T.);
#2472=ORIENTED_EDGE('',*,*,#4834,.T.);
#2473=ORIENTED_EDGE('',*,*,#4835,.T.);
#2474=ORIENTED_EDGE('',*,*,#4836,.F.);
#2475=ORIENTED_EDGE('',*,*,#4837,.T.);
#2476=ORIENTED_EDGE('',*,*,#4838,.T.);
#2477=ORIENTED_EDGE('',*,*,#4839,.T.);
#2478=ORIENTED_EDGE('',*,*,#4840,.F.);
#2479=ORIENTED_EDGE('',*,*,#4841,.T.);
#2480=ORIENTED_EDGE('',*,*,#4842,.T.);
#2481=ORIENTED_EDGE('',*,*,#4843,.T.);
#2482=ORIENTED_EDGE('',*,*,#4844,.T.);
#2483=ORIENTED_EDGE('',*,*,#4845,.T.);
#2484=ORIENTED_EDGE('',*,*,#4846,.T.);
#2485=ORIENTED_EDGE('',*,*,#4847,.T.);
#2486=ORIENTED_EDGE('',*,*,#4848,.T.);
#2487=ORIENTED_EDGE('',*,*,#4849,.T.);
#2488=ORIENTED_EDGE('',*,*,#4850,.T.);
#2489=ORIENTED_EDGE('',*,*,#4851,.T.);
#2490=ORIENTED_EDGE('',*,*,#4852,.T.);
#2491=ORIENTED_EDGE('',*,*,#4853,.T.);
#2492=ORIENTED_EDGE('',*,*,#4854,.T.);
#2493=ORIENTED_EDGE('',*,*,#4855,.T.);
#2494=ORIENTED_EDGE('',*,*,#4856,.T.);
#2495=ORIENTED_EDGE('',*,*,#4857,.T.);
#2496=ORIENTED_EDGE('',*,*,#4858,.T.);
#2497=ORIENTED_EDGE('',*,*,#4859,.T.);
#2498=ORIENTED_EDGE('',*,*,#4860,.T.);
#2499=ORIENTED_EDGE('',*,*,#4861,.T.);
#2500=ORIENTED_EDGE('',*,*,#4862,.T.);
#2501=ORIENTED_EDGE('',*,*,#4863,.T.);
#2502=ORIENTED_EDGE('',*,*,#4864,.T.);
#2503=ORIENTED_EDGE('',*,*,#4865,.T.);
#2504=ORIENTED_EDGE('',*,*,#4866,.T.);
#2505=ORIENTED_EDGE('',*,*,#4867,.T.);
#2506=ORIENTED_EDGE('',*,*,#4868,.T.);
#2507=ORIENTED_EDGE('',*,*,#4869,.T.);
#2508=ORIENTED_EDGE('',*,*,#4870,.T.);
#2509=ORIENTED_EDGE('',*,*,#4871,.T.);
#2510=ORIENTED_EDGE('',*,*,#4872,.T.);
#2511=ORIENTED_EDGE('',*,*,#4873,.T.);
#2512=ORIENTED_EDGE('',*,*,#4874,.T.);
#2513=ORIENTED_EDGE('',*,*,#4875,.T.);
#2514=ORIENTED_EDGE('',*,*,#4876,.F.);
#2515=ORIENTED_EDGE('',*,*,#4877,.T.);
#2516=ORIENTED_EDGE('',*,*,#4878,.T.);
#2517=ORIENTED_EDGE('',*,*,#4879,.T.);
#2518=ORIENTED_EDGE('',*,*,#4880,.T.);
#2519=ORIENTED_EDGE('',*,*,#4881,.T.);
#2520=ORIENTED_EDGE('',*,*,#4882,.T.);
#2521=ORIENTED_EDGE('',*,*,#4883,.T.);
#2522=ORIENTED_EDGE('',*,*,#4884,.T.);
#2523=ORIENTED_EDGE('',*,*,#4885,.T.);
#2524=ORIENTED_EDGE('',*,*,#4886,.F.);
#2525=ORIENTED_EDGE('',*,*,#4887,.F.);
#2526=ORIENTED_EDGE('',*,*,#4888,.T.);
#2527=ORIENTED_EDGE('',*,*,#4889,.T.);
#2528=ORIENTED_EDGE('',*,*,#4890,.T.);
#2529=ORIENTED_EDGE('',*,*,#4891,.F.);
#2530=ORIENTED_EDGE('',*,*,#4892,.T.);
#2531=ORIENTED_EDGE('',*,*,#4893,.T.);
#2532=ORIENTED_EDGE('',*,*,#4894,.T.);
#2533=ORIENTED_EDGE('',*,*,#4895,.T.);
#2534=ORIENTED_EDGE('',*,*,#4896,.T.);
#2535=ORIENTED_EDGE('',*,*,#4897,.T.);
#2536=ORIENTED_EDGE('',*,*,#4898,.F.);
#2537=ORIENTED_EDGE('',*,*,#4899,.T.);
#2538=ORIENTED_EDGE('',*,*,#4900,.T.);
#2539=ORIENTED_EDGE('',*,*,#4901,.F.);
#2540=ORIENTED_EDGE('',*,*,#4902,.T.);
#2541=ORIENTED_EDGE('',*,*,#4903,.T.);
#2542=ORIENTED_EDGE('',*,*,#4904,.T.);
#2543=ORIENTED_EDGE('',*,*,#4905,.F.);
#2544=ORIENTED_EDGE('',*,*,#4906,.T.);
#2545=ORIENTED_EDGE('',*,*,#4907,.T.);
#2546=ORIENTED_EDGE('',*,*,#4908,.T.);
#2547=ORIENTED_EDGE('',*,*,#4909,.F.);
#2548=ORIENTED_EDGE('',*,*,#4910,.T.);
#2549=ORIENTED_EDGE('',*,*,#4911,.T.);
#2550=ORIENTED_EDGE('',*,*,#4912,.T.);
#2551=ORIENTED_EDGE('',*,*,#4913,.F.);
#2552=ORIENTED_EDGE('',*,*,#4914,.T.);
#2553=ORIENTED_EDGE('',*,*,#4915,.T.);
#2554=ORIENTED_EDGE('',*,*,#4916,.T.);
#2555=ORIENTED_EDGE('',*,*,#4917,.F.);
#2556=ORIENTED_EDGE('',*,*,#4918,.T.);
#2557=ORIENTED_EDGE('',*,*,#4919,.T.);
#2558=ORIENTED_EDGE('',*,*,#4920,.T.);
#2559=ORIENTED_EDGE('',*,*,#4921,.F.);
#2560=ORIENTED_EDGE('',*,*,#4922,.T.);
#2561=ORIENTED_EDGE('',*,*,#4923,.T.);
#2562=ORIENTED_EDGE('',*,*,#4924,.T.);
#2563=ORIENTED_EDGE('',*,*,#4925,.F.);
#2564=ORIENTED_EDGE('',*,*,#4926,.T.);
#2565=ORIENTED_EDGE('',*,*,#4927,.T.);
#2566=ORIENTED_EDGE('',*,*,#4928,.T.);
#2567=ORIENTED_EDGE('',*,*,#4929,.T.);
#2568=ORIENTED_EDGE('',*,*,#4930,.F.);
#2569=ORIENTED_EDGE('',*,*,#4931,.T.);
#2570=ORIENTED_EDGE('',*,*,#4932,.T.);
#2571=ORIENTED_EDGE('',*,*,#4933,.T.);
#2572=ORIENTED_EDGE('',*,*,#4934,.T.);
#2573=ORIENTED_EDGE('',*,*,#4935,.T.);
#2574=ORIENTED_EDGE('',*,*,#4936,.T.);
#2575=ORIENTED_EDGE('',*,*,#4937,.T.);
#2576=ORIENTED_EDGE('',*,*,#4938,.T.);
#2577=ORIENTED_EDGE('',*,*,#4939,.T.);
#2578=ORIENTED_EDGE('',*,*,#4940,.T.);
#2579=ORIENTED_EDGE('',*,*,#4941,.T.);
#2580=ORIENTED_EDGE('',*,*,#4942,.T.);
#2581=ORIENTED_EDGE('',*,*,#4943,.T.);
#2582=ORIENTED_EDGE('',*,*,#4944,.T.);
#2583=ORIENTED_EDGE('',*,*,#4945,.T.);
#2584=ORIENTED_EDGE('',*,*,#4946,.T.);
#2585=ORIENTED_EDGE('',*,*,#4947,.T.);
#2586=ORIENTED_EDGE('',*,*,#4948,.T.);
#2587=ORIENTED_EDGE('',*,*,#4949,.T.);
#2588=ORIENTED_EDGE('',*,*,#4950,.T.);
#2589=ORIENTED_EDGE('',*,*,#4951,.T.);
#2590=ORIENTED_EDGE('',*,*,#4952,.T.);
#2591=ORIENTED_EDGE('',*,*,#4953,.T.);
#2592=ORIENTED_EDGE('',*,*,#4954,.F.);
#2593=ORIENTED_EDGE('',*,*,#4955,.T.);
#2594=ORIENTED_EDGE('',*,*,#4956,.T.);
#2595=ORIENTED_EDGE('',*,*,#4957,.T.);
#2596=ORIENTED_EDGE('',*,*,#4958,.T.);
#2597=ORIENTED_EDGE('',*,*,#4959,.T.);
#2598=ORIENTED_EDGE('',*,*,#4960,.F.);
#2599=ORIENTED_EDGE('',*,*,#4961,.T.);
#2600=ORIENTED_EDGE('',*,*,#4962,.T.);
#2601=ORIENTED_EDGE('',*,*,#4963,.T.);
#2602=ORIENTED_EDGE('',*,*,#4964,.T.);
#2603=ORIENTED_EDGE('',*,*,#4965,.T.);
#2604=ORIENTED_EDGE('',*,*,#4966,.T.);
#2605=ORIENTED_EDGE('',*,*,#4967,.T.);
#2606=ORIENTED_EDGE('',*,*,#4968,.T.);
#2607=ORIENTED_EDGE('',*,*,#4969,.T.);
#2608=ORIENTED_EDGE('',*,*,#4970,.F.);
#2609=ORIENTED_EDGE('',*,*,#4971,.F.);
#2610=ORIENTED_EDGE('',*,*,#4972,.T.);
#2611=ORIENTED_EDGE('',*,*,#4973,.T.);
#2612=ORIENTED_EDGE('',*,*,#4974,.F.);
#2613=ORIENTED_EDGE('',*,*,#4975,.F.);
#2614=ORIENTED_EDGE('',*,*,#4976,.T.);
#2615=ORIENTED_EDGE('',*,*,#4977,.T.);
#2616=ORIENTED_EDGE('',*,*,#4978,.F.);
#2617=ORIENTED_EDGE('',*,*,#4979,.F.);
#2618=ORIENTED_EDGE('',*,*,#4980,.T.);
#2619=ORIENTED_EDGE('',*,*,#4981,.T.);
#2620=ORIENTED_EDGE('',*,*,#4982,.F.);
#2621=ORIENTED_EDGE('',*,*,#4983,.T.);
#2622=ORIENTED_EDGE('',*,*,#4984,.F.);
#2623=ORIENTED_EDGE('',*,*,#4985,.F.);
#2624=ORIENTED_EDGE('',*,*,#4986,.F.);
#2625=ORIENTED_EDGE('',*,*,#4987,.T.);
#2626=ORIENTED_EDGE('',*,*,#4988,.F.);
#2627=ORIENTED_EDGE('',*,*,#4989,.F.);
#2628=ORIENTED_EDGE('',*,*,#4990,.T.);
#2629=ORIENTED_EDGE('',*,*,#4991,.T.);
#2630=ORIENTED_EDGE('',*,*,#4992,.T.);
#2631=ORIENTED_EDGE('',*,*,#4993,.T.);
#2632=ORIENTED_EDGE('',*,*,#4994,.T.);
#2633=ORIENTED_EDGE('',*,*,#4995,.T.);
#2634=ORIENTED_EDGE('',*,*,#4996,.T.);
#2635=ORIENTED_EDGE('',*,*,#4997,.T.);
#2636=ORIENTED_EDGE('',*,*,#4998,.T.);
#2637=ORIENTED_EDGE('',*,*,#4999,.T.);
#2638=ORIENTED_EDGE('',*,*,#5000,.T.);
#2639=ORIENTED_EDGE('',*,*,#5001,.T.);
#2640=ORIENTED_EDGE('',*,*,#5002,.F.);
#2641=ORIENTED_EDGE('',*,*,#5003,.T.);
#2642=ORIENTED_EDGE('',*,*,#5004,.T.);
#2643=ORIENTED_EDGE('',*,*,#5005,.T.);
#2644=ORIENTED_EDGE('',*,*,#5006,.T.);
#2645=ORIENTED_EDGE('',*,*,#5007,.T.);
#2646=ORIENTED_EDGE('',*,*,#5008,.T.);
#2647=ORIENTED_EDGE('',*,*,#5009,.T.);
#2648=ORIENTED_EDGE('',*,*,#5010,.T.);
#2649=ORIENTED_EDGE('',*,*,#5011,.T.);
#2650=ORIENTED_EDGE('',*,*,#5012,.T.);
#2651=ORIENTED_EDGE('',*,*,#5013,.T.);
#2652=ORIENTED_EDGE('',*,*,#5014,.T.);
#2653=ORIENTED_EDGE('',*,*,#5015,.T.);
#2654=ORIENTED_EDGE('',*,*,#5016,.T.);
#2655=ORIENTED_EDGE('',*,*,#5017,.T.);
#2656=ORIENTED_EDGE('',*,*,#5018,.T.);
#2657=ORIENTED_EDGE('',*,*,#5019,.T.);
#2658=ORIENTED_EDGE('',*,*,#5020,.T.);
#2659=ORIENTED_EDGE('',*,*,#5021,.T.);
#2660=ORIENTED_EDGE('',*,*,#5022,.T.);
#2661=ORIENTED_EDGE('',*,*,#5023,.T.);
#2662=ORIENTED_EDGE('',*,*,#5024,.T.);
#2663=ORIENTED_EDGE('',*,*,#5025,.T.);
#2664=ORIENTED_EDGE('',*,*,#5026,.T.);
#2665=ORIENTED_EDGE('',*,*,#5027,.T.);
#2666=ORIENTED_EDGE('',*,*,#5028,.T.);
#2667=ORIENTED_EDGE('',*,*,#5029,.T.);
#2668=ORIENTED_EDGE('',*,*,#5030,.T.);
#2669=ORIENTED_EDGE('',*,*,#5031,.T.);
#2670=ORIENTED_EDGE('',*,*,#5032,.T.);
#2671=ORIENTED_EDGE('',*,*,#5033,.T.);
#2672=ORIENTED_EDGE('',*,*,#5034,.T.);
#2673=ORIENTED_EDGE('',*,*,#5035,.T.);
#2674=ORIENTED_EDGE('',*,*,#5036,.T.);
#2675=ORIENTED_EDGE('',*,*,#5037,.T.);
#2676=ORIENTED_EDGE('',*,*,#5038,.T.);
#2677=ORIENTED_EDGE('',*,*,#5039,.T.);
#2678=ORIENTED_EDGE('',*,*,#5040,.T.);
#2679=ORIENTED_EDGE('',*,*,#5041,.T.);
#2680=ORIENTED_EDGE('',*,*,#5042,.T.);
#2681=ORIENTED_EDGE('',*,*,#5043,.T.);
#2682=ORIENTED_EDGE('',*,*,#5044,.T.);
#2683=ORIENTED_EDGE('',*,*,#5045,.T.);
#2684=ORIENTED_EDGE('',*,*,#5046,.T.);
#2685=ORIENTED_EDGE('',*,*,#5047,.T.);
#2686=ORIENTED_EDGE('',*,*,#5048,.T.);
#2687=ORIENTED_EDGE('',*,*,#5049,.T.);
#2688=ORIENTED_EDGE('',*,*,#5050,.T.);
#2689=ORIENTED_EDGE('',*,*,#5051,.T.);
#2690=ORIENTED_EDGE('',*,*,#5052,.T.);
#2691=ORIENTED_EDGE('',*,*,#5053,.T.);
#2692=ORIENTED_EDGE('',*,*,#5054,.T.);
#2693=ORIENTED_EDGE('',*,*,#5055,.T.);
#2694=ORIENTED_EDGE('',*,*,#5056,.T.);
#2695=ORIENTED_EDGE('',*,*,#5057,.T.);
#2696=ORIENTED_EDGE('',*,*,#5058,.T.);
#2697=ORIENTED_EDGE('',*,*,#5059,.T.);
#2698=ORIENTED_EDGE('',*,*,#5060,.T.);
#2699=ORIENTED_EDGE('',*,*,#5061,.T.);
#2700=ORIENTED_EDGE('',*,*,#5062,.T.);
#2701=ORIENTED_EDGE('',*,*,#5063,.T.);
#2702=ORIENTED_EDGE('',*,*,#5064,.T.);
#2703=ORIENTED_EDGE('',*,*,#5065,.F.);
#2704=ORIENTED_EDGE('',*,*,#5066,.T.);
#2705=ORIENTED_EDGE('',*,*,#5067,.T.);
#2706=ORIENTED_EDGE('',*,*,#5068,.T.);
#2707=ORIENTED_EDGE('',*,*,#5069,.T.);
#2708=ORIENTED_EDGE('',*,*,#5070,.T.);
#2709=ORIENTED_EDGE('',*,*,#5071,.T.);
#2710=ORIENTED_EDGE('',*,*,#5072,.T.);
#2711=ORIENTED_EDGE('',*,*,#5073,.F.);
#2712=ORIENTED_EDGE('',*,*,#5074,.T.);
#2713=ORIENTED_EDGE('',*,*,#5075,.T.);
#2714=ORIENTED_EDGE('',*,*,#5076,.T.);
#2715=ORIENTED_EDGE('',*,*,#5077,.T.);
#2716=ORIENTED_EDGE('',*,*,#5078,.T.);
#2717=ORIENTED_EDGE('',*,*,#5079,.T.);
#2718=ORIENTED_EDGE('',*,*,#5080,.T.);
#2719=ORIENTED_EDGE('',*,*,#5081,.T.);
#2720=ORIENTED_EDGE('',*,*,#5082,.T.);
#2721=ORIENTED_EDGE('',*,*,#5083,.T.);
#2722=ORIENTED_EDGE('',*,*,#5084,.T.);
#2723=ORIENTED_EDGE('',*,*,#5085,.T.);
#2724=ORIENTED_EDGE('',*,*,#5086,.T.);
#2725=ORIENTED_EDGE('',*,*,#5087,.T.);
#2726=ORIENTED_EDGE('',*,*,#5088,.T.);
#2727=ORIENTED_EDGE('',*,*,#5089,.T.);
#2728=ORIENTED_EDGE('',*,*,#5090,.T.);
#2729=ORIENTED_EDGE('',*,*,#5091,.T.);
#2730=ORIENTED_EDGE('',*,*,#5092,.F.);
#2731=ORIENTED_EDGE('',*,*,#5093,.T.);
#2732=ORIENTED_EDGE('',*,*,#5094,.T.);
#2733=ORIENTED_EDGE('',*,*,#5095,.T.);
#2734=ORIENTED_EDGE('',*,*,#5096,.T.);
#2735=ORIENTED_EDGE('',*,*,#5097,.T.);
#2736=ORIENTED_EDGE('',*,*,#5098,.T.);
#2737=ORIENTED_EDGE('',*,*,#5099,.T.);
#2738=ORIENTED_EDGE('',*,*,#5100,.T.);
#2739=ORIENTED_EDGE('',*,*,#5101,.T.);
#2740=ORIENTED_EDGE('',*,*,#5102,.T.);
#2741=ORIENTED_EDGE('',*,*,#5103,.T.);
#2742=ORIENTED_EDGE('',*,*,#5104,.T.);
#2743=ORIENTED_EDGE('',*,*,#5105,.T.);
#2744=ORIENTED_EDGE('',*,*,#5106,.T.);
#2745=ORIENTED_EDGE('',*,*,#5107,.T.);
#2746=ORIENTED_EDGE('',*,*,#5108,.T.);
#2747=ORIENTED_EDGE('',*,*,#5109,.T.);
#2748=ORIENTED_EDGE('',*,*,#5110,.T.);
#2749=ORIENTED_EDGE('',*,*,#5111,.T.);
#2750=ORIENTED_EDGE('',*,*,#5112,.T.);
#2751=ORIENTED_EDGE('',*,*,#5113,.T.);
#2752=ORIENTED_EDGE('',*,*,#5114,.F.);
#2753=ORIENTED_EDGE('',*,*,#5115,.T.);
#2754=ORIENTED_EDGE('',*,*,#5116,.T.);
#2755=ORIENTED_EDGE('',*,*,#5117,.T.);
#2756=ORIENTED_EDGE('',*,*,#5118,.T.);
#2757=ORIENTED_EDGE('',*,*,#5119,.T.);
#2758=ORIENTED_EDGE('',*,*,#5120,.T.);
#2759=ORIENTED_EDGE('',*,*,#5121,.F.);
#2760=ORIENTED_EDGE('',*,*,#5122,.T.);
#2761=ORIENTED_EDGE('',*,*,#5123,.F.);
#2762=ORIENTED_EDGE('',*,*,#5124,.T.);
#2763=ORIENTED_EDGE('',*,*,#5125,.T.);
#2764=ORIENTED_EDGE('',*,*,#5126,.F.);
#2765=ORIENTED_EDGE('',*,*,#5127,.T.);
#2766=ORIENTED_EDGE('',*,*,#5128,.T.);
#2767=ORIENTED_EDGE('',*,*,#4972,.F.);
#2768=ORIENTED_EDGE('',*,*,#5129,.T.);
#2769=ORIENTED_EDGE('',*,*,#5130,.T.);
#2770=ORIENTED_EDGE('',*,*,#5131,.F.);
#2771=ORIENTED_EDGE('',*,*,#5132,.F.);
#2772=ORIENTED_EDGE('',*,*,#5133,.F.);
#2773=ORIENTED_EDGE('',*,*,#5134,.F.);
#2774=ORIENTED_EDGE('',*,*,#5135,.T.);
#2775=ORIENTED_EDGE('',*,*,#5136,.F.);
#2776=ORIENTED_EDGE('',*,*,#5137,.T.);
#2777=ORIENTED_EDGE('',*,*,#5138,.T.);
#2778=ORIENTED_EDGE('',*,*,#5139,.T.);
#2779=ORIENTED_EDGE('',*,*,#5140,.F.);
#2780=ORIENTED_EDGE('',*,*,#5141,.T.);
#2781=ORIENTED_EDGE('',*,*,#5142,.T.);
#2782=ORIENTED_EDGE('',*,*,#5143,.T.);
#2783=ORIENTED_EDGE('',*,*,#5144,.F.);
#2784=ORIENTED_EDGE('',*,*,#5145,.T.);
#2785=ORIENTED_EDGE('',*,*,#5146,.T.);
#2786=ORIENTED_EDGE('',*,*,#5147,.T.);
#2787=ORIENTED_EDGE('',*,*,#5148,.T.);
#2788=ORIENTED_EDGE('',*,*,#5149,.T.);
#2789=ORIENTED_EDGE('',*,*,#5150,.F.);
#2790=ORIENTED_EDGE('',*,*,#5151,.T.);
#2791=ORIENTED_EDGE('',*,*,#5152,.T.);
#2792=ORIENTED_EDGE('',*,*,#5153,.T.);
#2793=ORIENTED_EDGE('',*,*,#5154,.T.);
#2794=ORIENTED_EDGE('',*,*,#5155,.T.);
#2795=ORIENTED_EDGE('',*,*,#5156,.F.);
#2796=ORIENTED_EDGE('',*,*,#5157,.T.);
#2797=ORIENTED_EDGE('',*,*,#5158,.T.);
#2798=ORIENTED_EDGE('',*,*,#5159,.T.);
#2799=ORIENTED_EDGE('',*,*,#5160,.T.);
#2800=ORIENTED_EDGE('',*,*,#5161,.T.);
#2801=ORIENTED_EDGE('',*,*,#5162,.T.);
#2802=ORIENTED_EDGE('',*,*,#5163,.T.);
#2803=ORIENTED_EDGE('',*,*,#5164,.T.);
#2804=ORIENTED_EDGE('',*,*,#5165,.T.);
#2805=ORIENTED_EDGE('',*,*,#5166,.F.);
#2806=ORIENTED_EDGE('',*,*,#5167,.T.);
#2807=ORIENTED_EDGE('',*,*,#5168,.T.);
#2808=ORIENTED_EDGE('',*,*,#5169,.T.);
#2809=ORIENTED_EDGE('',*,*,#5170,.T.);
#2810=ORIENTED_EDGE('',*,*,#5171,.T.);
#2811=ORIENTED_EDGE('',*,*,#5172,.T.);
#2812=ORIENTED_EDGE('',*,*,#5173,.T.);
#2813=ORIENTED_EDGE('',*,*,#5174,.T.);
#2814=ORIENTED_EDGE('',*,*,#5175,.T.);
#2815=ORIENTED_EDGE('',*,*,#5176,.T.);
#2816=ORIENTED_EDGE('',*,*,#5177,.T.);
#2817=ORIENTED_EDGE('',*,*,#5178,.T.);
#2818=ORIENTED_EDGE('',*,*,#5179,.T.);
#2819=ORIENTED_EDGE('',*,*,#5180,.F.);
#2820=ORIENTED_EDGE('',*,*,#5181,.T.);
#2821=ORIENTED_EDGE('',*,*,#5182,.F.);
#2822=ORIENTED_EDGE('',*,*,#5183,.T.);
#2823=ORIENTED_EDGE('',*,*,#5184,.T.);
#2824=ORIENTED_EDGE('',*,*,#5185,.T.);
#2825=ORIENTED_EDGE('',*,*,#5186,.F.);
#2826=ORIENTED_EDGE('',*,*,#5187,.T.);
#2827=ORIENTED_EDGE('',*,*,#5188,.T.);
#2828=ORIENTED_EDGE('',*,*,#5189,.T.);
#2829=ORIENTED_EDGE('',*,*,#5190,.T.);
#2830=ORIENTED_EDGE('',*,*,#5191,.T.);
#2831=ORIENTED_EDGE('',*,*,#5192,.T.);
#2832=ORIENTED_EDGE('',*,*,#5193,.T.);
#2833=ORIENTED_EDGE('',*,*,#5194,.T.);
#2834=ORIENTED_EDGE('',*,*,#5195,.T.);
#2835=ORIENTED_EDGE('',*,*,#5196,.T.);
#2836=ORIENTED_EDGE('',*,*,#5197,.T.);
#2837=ORIENTED_EDGE('',*,*,#5198,.T.);
#2838=ORIENTED_EDGE('',*,*,#5199,.T.);
#2839=ORIENTED_EDGE('',*,*,#5200,.T.);
#2840=ORIENTED_EDGE('',*,*,#5201,.T.);
#2841=ORIENTED_EDGE('',*,*,#5202,.T.);
#2842=ORIENTED_EDGE('',*,*,#5203,.F.);
#2843=ORIENTED_EDGE('',*,*,#5204,.T.);
#2844=ORIENTED_EDGE('',*,*,#5205,.T.);
#2845=ORIENTED_EDGE('',*,*,#5206,.T.);
#2846=ORIENTED_EDGE('',*,*,#5207,.T.);
#2847=ORIENTED_EDGE('',*,*,#5208,.T.);
#2848=ORIENTED_EDGE('',*,*,#5209,.T.);
#2849=ORIENTED_EDGE('',*,*,#5210,.T.);
#2850=ORIENTED_EDGE('',*,*,#5211,.T.);
#2851=ORIENTED_EDGE('',*,*,#5212,.T.);
#2852=ORIENTED_EDGE('',*,*,#5213,.T.);
#2853=ORIENTED_EDGE('',*,*,#5214,.T.);
#2854=ORIENTED_EDGE('',*,*,#5215,.F.);
#2855=ORIENTED_EDGE('',*,*,#5216,.T.);
#2856=ORIENTED_EDGE('',*,*,#5217,.T.);
#2857=ORIENTED_EDGE('',*,*,#5218,.T.);
#2858=ORIENTED_EDGE('',*,*,#5219,.F.);
#2859=ORIENTED_EDGE('',*,*,#5220,.T.);
#2860=ORIENTED_EDGE('',*,*,#5221,.T.);
#2861=ORIENTED_EDGE('',*,*,#5222,.T.);
#2862=ORIENTED_EDGE('',*,*,#5223,.F.);
#2863=ORIENTED_EDGE('',*,*,#5224,.T.);
#2864=ORIENTED_EDGE('',*,*,#5225,.T.);
#2865=ORIENTED_EDGE('',*,*,#5226,.T.);
#2866=ORIENTED_EDGE('',*,*,#5227,.T.);
#2867=ORIENTED_EDGE('',*,*,#5228,.T.);
#2868=ORIENTED_EDGE('',*,*,#5229,.T.);
#2869=ORIENTED_EDGE('',*,*,#5230,.T.);
#2870=ORIENTED_EDGE('',*,*,#5231,.T.);
#2871=ORIENTED_EDGE('',*,*,#5232,.T.);
#2872=ORIENTED_EDGE('',*,*,#5233,.T.);
#2873=ORIENTED_EDGE('',*,*,#5234,.T.);
#2874=ORIENTED_EDGE('',*,*,#5235,.T.);
#2875=ORIENTED_EDGE('',*,*,#5236,.T.);
#2876=ORIENTED_EDGE('',*,*,#5237,.T.);
#2877=ORIENTED_EDGE('',*,*,#5238,.T.);
#2878=ORIENTED_EDGE('',*,*,#5239,.T.);
#2879=ORIENTED_EDGE('',*,*,#5240,.T.);
#2880=ORIENTED_EDGE('',*,*,#5241,.T.);
#2881=ORIENTED_EDGE('',*,*,#5242,.T.);
#2882=ORIENTED_EDGE('',*,*,#5243,.T.);
#2883=ORIENTED_EDGE('',*,*,#5244,.T.);
#2884=ORIENTED_EDGE('',*,*,#5245,.T.);
#2885=ORIENTED_EDGE('',*,*,#5246,.T.);
#2886=ORIENTED_EDGE('',*,*,#5247,.T.);
#2887=ORIENTED_EDGE('',*,*,#5248,.T.);
#2888=ORIENTED_EDGE('',*,*,#5249,.T.);
#2889=ORIENTED_EDGE('',*,*,#5250,.T.);
#2890=ORIENTED_EDGE('',*,*,#5251,.T.);
#2891=ORIENTED_EDGE('',*,*,#5252,.T.);
#2892=ORIENTED_EDGE('',*,*,#5253,.T.);
#2893=ORIENTED_EDGE('',*,*,#5254,.T.);
#2894=ORIENTED_EDGE('',*,*,#5255,.T.);
#2895=ORIENTED_EDGE('',*,*,#5256,.T.);
#2896=ORIENTED_EDGE('',*,*,#5257,.T.);
#2897=ORIENTED_EDGE('',*,*,#5258,.T.);
#2898=ORIENTED_EDGE('',*,*,#5259,.T.);
#2899=ORIENTED_EDGE('',*,*,#5260,.T.);
#2900=ORIENTED_EDGE('',*,*,#5261,.T.);
#2901=ORIENTED_EDGE('',*,*,#5262,.T.);
#2902=ORIENTED_EDGE('',*,*,#5263,.T.);
#2903=ORIENTED_EDGE('',*,*,#5264,.T.);
#2904=ORIENTED_EDGE('',*,*,#5265,.T.);
#2905=ORIENTED_EDGE('',*,*,#5266,.T.);
#2906=ORIENTED_EDGE('',*,*,#5267,.T.);
#2907=ORIENTED_EDGE('',*,*,#5268,.T.);
#2908=ORIENTED_EDGE('',*,*,#5269,.T.);
#2909=ORIENTED_EDGE('',*,*,#5270,.T.);
#2910=ORIENTED_EDGE('',*,*,#5271,.T.);
#2911=ORIENTED_EDGE('',*,*,#5272,.T.);
#2912=ORIENTED_EDGE('',*,*,#5273,.T.);
#2913=ORIENTED_EDGE('',*,*,#5274,.T.);
#2914=ORIENTED_EDGE('',*,*,#5275,.T.);
#2915=ORIENTED_EDGE('',*,*,#5276,.T.);
#2916=ORIENTED_EDGE('',*,*,#5277,.T.);
#2917=ORIENTED_EDGE('',*,*,#5278,.T.);
#2918=ORIENTED_EDGE('',*,*,#5279,.T.);
#2919=ORIENTED_EDGE('',*,*,#5280,.T.);
#2920=ORIENTED_EDGE('',*,*,#5281,.T.);
#2921=ORIENTED_EDGE('',*,*,#5282,.T.);
#2922=ORIENTED_EDGE('',*,*,#5283,.T.);
#2923=ORIENTED_EDGE('',*,*,#5284,.T.);
#2924=ORIENTED_EDGE('',*,*,#5285,.T.);
#2925=ORIENTED_EDGE('',*,*,#5286,.T.);
#2926=ORIENTED_EDGE('',*,*,#5287,.T.);
#2927=ORIENTED_EDGE('',*,*,#5288,.T.);
#2928=ORIENTED_EDGE('',*,*,#5289,.T.);
#2929=ORIENTED_EDGE('',*,*,#5290,.T.);
#2930=ORIENTED_EDGE('',*,*,#5291,.T.);
#2931=ORIENTED_EDGE('',*,*,#5292,.T.);
#2932=ORIENTED_EDGE('',*,*,#5293,.T.);
#2933=ORIENTED_EDGE('',*,*,#5294,.T.);
#2934=ORIENTED_EDGE('',*,*,#5295,.T.);
#2935=ORIENTED_EDGE('',*,*,#5296,.T.);
#2936=ORIENTED_EDGE('',*,*,#4968,.F.);
#2937=ORIENTED_EDGE('',*,*,#5297,.T.);
#2938=ORIENTED_EDGE('',*,*,#5298,.F.);
#2939=ORIENTED_EDGE('',*,*,#5299,.T.);
#2940=ORIENTED_EDGE('',*,*,#5300,.T.);
#2941=ORIENTED_EDGE('',*,*,#5301,.T.);
#2942=ORIENTED_EDGE('',*,*,#5302,.T.);
#2943=ORIENTED_EDGE('',*,*,#5303,.T.);
#2944=ORIENTED_EDGE('',*,*,#5304,.T.);
#2945=ORIENTED_EDGE('',*,*,#4970,.T.);
#2946=ORIENTED_EDGE('',*,*,#5305,.F.);
#2947=ORIENTED_EDGE('',*,*,#5306,.F.);
#2948=ORIENTED_EDGE('',*,*,#5307,.F.);
#2949=ORIENTED_EDGE('',*,*,#5308,.T.);
#2950=ORIENTED_EDGE('',*,*,#5309,.T.);
#2951=ORIENTED_EDGE('',*,*,#5129,.F.);
#2952=ORIENTED_EDGE('',*,*,#5310,.F.);
#2953=ORIENTED_EDGE('',*,*,#5311,.T.);
#2954=ORIENTED_EDGE('',*,*,#5307,.T.);
#2955=ORIENTED_EDGE('',*,*,#5132,.T.);
#2956=ORIENTED_EDGE('',*,*,#5312,.F.);
#2957=ORIENTED_EDGE('',*,*,#5313,.T.);
#2958=ORIENTED_EDGE('',*,*,#5310,.T.);
#2959=ORIENTED_EDGE('',*,*,#5131,.T.);
#2960=ORIENTED_EDGE('',*,*,#5314,.F.);
#2961=ORIENTED_EDGE('',*,*,#5315,.T.);
#2962=ORIENTED_EDGE('',*,*,#5316,.T.);
#2963=ORIENTED_EDGE('',*,*,#4985,.T.);
#2964=ORIENTED_EDGE('',*,*,#5317,.F.);
#2965=ORIENTED_EDGE('',*,*,#5318,.T.);
#2966=ORIENTED_EDGE('',*,*,#5319,.T.);
#2967=ORIENTED_EDGE('',*,*,#4989,.T.);
#2968=ORIENTED_EDGE('',*,*,#5320,.F.);
#2969=ORIENTED_EDGE('',*,*,#5321,.T.);
#2970=ORIENTED_EDGE('',*,*,#5317,.T.);
#2971=ORIENTED_EDGE('',*,*,#4988,.T.);
#2972=ORIENTED_EDGE('',*,*,#5322,.F.);
#2973=ORIENTED_EDGE('',*,*,#5323,.T.);
#2974=ORIENTED_EDGE('',*,*,#5320,.T.);
#2975=ORIENTED_EDGE('',*,*,#4987,.F.);
#2976=ORIENTED_EDGE('',*,*,#5324,.F.);
#2977=ORIENTED_EDGE('',*,*,#5325,.T.);
#2978=ORIENTED_EDGE('',*,*,#5326,.T.);
#2979=ORIENTED_EDGE('',*,*,#4983,.F.);
#2980=ORIENTED_EDGE('',*,*,#5327,.F.);
#2981=ORIENTED_EDGE('',*,*,#5328,.T.);
#2982=ORIENTED_EDGE('',*,*,#5329,.T.);
#2983=ORIENTED_EDGE('',*,*,#4981,.F.);
#2984=ORIENTED_EDGE('',*,*,#5330,.F.);
#2985=ORIENTED_EDGE('',*,*,#5331,.T.);
#2986=ORIENTED_EDGE('',*,*,#5327,.T.);
#2987=ORIENTED_EDGE('',*,*,#4980,.F.);
#2988=ORIENTED_EDGE('',*,*,#5300,.F.);
#2989=ORIENTED_EDGE('',*,*,#5332,.T.);
#2990=ORIENTED_EDGE('',*,*,#5333,.T.);
#2991=ORIENTED_EDGE('',*,*,#5334,.T.);
#2992=ORIENTED_EDGE('',*,*,#5298,.T.);
#2993=ORIENTED_EDGE('',*,*,#5335,.T.);
#2994=ORIENTED_EDGE('',*,*,#5336,.T.);
#2995=ORIENTED_EDGE('',*,*,#5337,.T.);
#2996=ORIENTED_EDGE('',*,*,#5338,.F.);
#2997=ORIENTED_EDGE('',*,*,#5339,.T.);
#2998=ORIENTED_EDGE('',*,*,#5330,.T.);
#2999=ORIENTED_EDGE('',*,*,#4979,.T.);
#3000=ORIENTED_EDGE('',*,*,#5302,.F.);
#3001=ORIENTED_EDGE('',*,*,#5340,.T.);
#3002=ORIENTED_EDGE('',*,*,#5341,.T.);
#3003=ORIENTED_EDGE('',*,*,#5342,.T.);
#3004=ORIENTED_EDGE('',*,*,#5309,.F.);
#3005=ORIENTED_EDGE('',*,*,#5343,.T.);
#3006=ORIENTED_EDGE('',*,*,#5312,.T.);
#3007=ORIENTED_EDGE('',*,*,#5130,.F.);
#3008=ORIENTED_EDGE('',*,*,#5304,.F.);
#3009=ORIENTED_EDGE('',*,*,#5344,.F.);
#3010=ORIENTED_EDGE('',*,*,#5126,.T.);
#3011=ORIENTED_EDGE('',*,*,#4971,.T.);
#3012=ORIENTED_EDGE('',*,*,#5305,.T.);
#3013=ORIENTED_EDGE('',*,*,#4973,.F.);
#3014=ORIENTED_EDGE('',*,*,#5128,.F.);
#3015=ORIENTED_EDGE('',*,*,#5345,.T.);
#3016=ORIENTED_EDGE('',*,*,#5306,.T.);
#3017=ORIENTED_EDGE('',*,*,#5345,.F.);
#3018=ORIENTED_EDGE('',*,*,#5127,.F.);
#3019=ORIENTED_EDGE('',*,*,#5344,.T.);
#3020=ORIENTED_EDGE('',*,*,#5346,.T.);
#3021=ORIENTED_EDGE('',*,*,#5133,.T.);
#3022=ORIENTED_EDGE('',*,*,#5347,.T.);
#3023=ORIENTED_EDGE('',*,*,#5134,.T.);
#3024=ORIENTED_EDGE('',*,*,#5348,.T.);
#3025=ORIENTED_EDGE('',*,*,#5347,.F.);
#3026=ORIENTED_EDGE('',*,*,#5349,.F.);
#3027=ORIENTED_EDGE('',*,*,#5348,.F.);
#3028=ORIENTED_EDGE('',*,*,#5349,.T.);
#3029=ORIENTED_EDGE('',*,*,#5350,.T.);
#3030=ORIENTED_EDGE('',*,*,#5346,.F.);
#3031=ORIENTED_EDGE('',*,*,#5351,.F.);
#3032=ORIENTED_EDGE('',*,*,#5352,.F.);
#3033=ORIENTED_EDGE('',*,*,#5350,.F.);
#3034=ORIENTED_EDGE('',*,*,#5352,.T.);
#3035=ORIENTED_EDGE('',*,*,#5353,.T.);
#3036=ORIENTED_EDGE('',*,*,#4912,.F.);
#3037=ORIENTED_EDGE('',*,*,#5354,.F.);
#3038=ORIENTED_EDGE('',*,*,#5137,.F.);
#3039=ORIENTED_EDGE('',*,*,#5136,.T.);
#3040=ORIENTED_EDGE('',*,*,#5355,.T.);
#3041=ORIENTED_EDGE('',*,*,#4909,.T.);
#3042=ORIENTED_EDGE('',*,*,#5353,.F.);
#3043=ORIENTED_EDGE('',*,*,#5354,.T.);
#3044=ORIENTED_EDGE('',*,*,#4911,.F.);
#3045=ORIENTED_EDGE('',*,*,#5356,.F.);
#3046=ORIENTED_EDGE('',*,*,#5138,.F.);
#3047=ORIENTED_EDGE('',*,*,#5356,.T.);
#3048=ORIENTED_EDGE('',*,*,#4910,.F.);
#3049=ORIENTED_EDGE('',*,*,#5355,.F.);
#3050=ORIENTED_EDGE('',*,*,#5135,.F.);
#3051=ORIENTED_EDGE('',*,*,#5357,.T.);
#3052=ORIENTED_EDGE('',*,*,#4908,.F.);
#3053=ORIENTED_EDGE('',*,*,#5358,.F.);
#3054=ORIENTED_EDGE('',*,*,#5124,.F.);
#3055=ORIENTED_EDGE('',*,*,#5123,.T.);
#3056=ORIENTED_EDGE('',*,*,#5359,.T.);
#3057=ORIENTED_EDGE('',*,*,#4905,.T.);
#3058=ORIENTED_EDGE('',*,*,#5357,.F.);
#3059=ORIENTED_EDGE('',*,*,#5358,.T.);
#3060=ORIENTED_EDGE('',*,*,#4907,.F.);
#3061=ORIENTED_EDGE('',*,*,#5360,.F.);
#3062=ORIENTED_EDGE('',*,*,#5125,.F.);
#3063=ORIENTED_EDGE('',*,*,#5360,.T.);
#3064=ORIENTED_EDGE('',*,*,#4906,.F.);
#3065=ORIENTED_EDGE('',*,*,#5359,.F.);
#3066=ORIENTED_EDGE('',*,*,#5122,.F.);
#3067=ORIENTED_EDGE('',*,*,#5361,.T.);
#3068=ORIENTED_EDGE('',*,*,#4904,.F.);
#3069=ORIENTED_EDGE('',*,*,#5362,.F.);
#3070=ORIENTED_EDGE('',*,*,#5141,.F.);
#3071=ORIENTED_EDGE('',*,*,#5140,.T.);
#3072=ORIENTED_EDGE('',*,*,#5363,.T.);
#3073=ORIENTED_EDGE('',*,*,#4901,.T.);
#3074=ORIENTED_EDGE('',*,*,#5361,.F.);
#3075=ORIENTED_EDGE('',*,*,#5362,.T.);
#3076=ORIENTED_EDGE('',*,*,#4903,.F.);
#3077=ORIENTED_EDGE('',*,*,#5364,.F.);
#3078=ORIENTED_EDGE('',*,*,#5142,.F.);
#3079=ORIENTED_EDGE('',*,*,#5364,.T.);
#3080=ORIENTED_EDGE('',*,*,#4902,.F.);
#3081=ORIENTED_EDGE('',*,*,#5363,.F.);
#3082=ORIENTED_EDGE('',*,*,#5139,.F.);
#3083=ORIENTED_EDGE('',*,*,#5121,.T.);
#3084=ORIENTED_EDGE('',*,*,#5365,.T.);
#3085=ORIENTED_EDGE('',*,*,#4898,.T.);
#3086=ORIENTED_EDGE('',*,*,#5366,.F.);
#3087=ORIENTED_EDGE('',*,*,#5367,.T.);
#3088=ORIENTED_EDGE('',*,*,#4899,.F.);
#3089=ORIENTED_EDGE('',*,*,#5365,.F.);
#3090=ORIENTED_EDGE('',*,*,#5120,.F.);
#3091=ORIENTED_EDGE('',*,*,#5368,.T.);
#3092=ORIENTED_EDGE('',*,*,#4900,.F.);
#3093=ORIENTED_EDGE('',*,*,#5367,.F.);
#3094=ORIENTED_EDGE('',*,*,#5119,.F.);
#3095=ORIENTED_EDGE('',*,*,#5369,.T.);
#3096=ORIENTED_EDGE('',*,*,#4896,.F.);
#3097=ORIENTED_EDGE('',*,*,#5368,.F.);
#3098=ORIENTED_EDGE('',*,*,#5118,.F.);
#3099=ORIENTED_EDGE('',*,*,#5366,.T.);
#3100=ORIENTED_EDGE('',*,*,#4897,.F.);
#3101=ORIENTED_EDGE('',*,*,#5369,.F.);
#3102=ORIENTED_EDGE('',*,*,#5117,.F.);
#3103=ORIENTED_EDGE('',*,*,#5370,.T.);
#3104=ORIENTED_EDGE('',*,*,#4894,.F.);
#3105=ORIENTED_EDGE('',*,*,#5371,.F.);
#3106=ORIENTED_EDGE('',*,*,#5146,.F.);
#3107=ORIENTED_EDGE('',*,*,#5372,.T.);
#3108=ORIENTED_EDGE('',*,*,#4895,.F.);
#3109=ORIENTED_EDGE('',*,*,#5370,.F.);
#3110=ORIENTED_EDGE('',*,*,#5145,.F.);
#3111=ORIENTED_EDGE('',*,*,#5371,.T.);
#3112=ORIENTED_EDGE('',*,*,#4893,.F.);
#3113=ORIENTED_EDGE('',*,*,#5373,.F.);
#3114=ORIENTED_EDGE('',*,*,#5147,.F.);
#3115=ORIENTED_EDGE('',*,*,#5144,.T.);
#3116=ORIENTED_EDGE('',*,*,#5374,.T.);
#3117=ORIENTED_EDGE('',*,*,#4891,.T.);
#3118=ORIENTED_EDGE('',*,*,#5372,.F.);
#3119=ORIENTED_EDGE('',*,*,#5373,.T.);
#3120=ORIENTED_EDGE('',*,*,#4892,.F.);
#3121=ORIENTED_EDGE('',*,*,#5374,.F.);
#3122=ORIENTED_EDGE('',*,*,#5143,.F.);
#3123=ORIENTED_EDGE('',*,*,#5375,.T.);
#3124=ORIENTED_EDGE('',*,*,#4890,.F.);
#3125=ORIENTED_EDGE('',*,*,#5376,.F.);
#3126=ORIENTED_EDGE('',*,*,#5115,.F.);
#3127=ORIENTED_EDGE('',*,*,#5114,.T.);
#3128=ORIENTED_EDGE('',*,*,#5377,.T.);
#3129=ORIENTED_EDGE('',*,*,#4887,.T.);
#3130=ORIENTED_EDGE('',*,*,#5375,.F.);
#3131=ORIENTED_EDGE('',*,*,#5376,.T.);
#3132=ORIENTED_EDGE('',*,*,#4889,.F.);
#3133=ORIENTED_EDGE('',*,*,#5378,.F.);
#3134=ORIENTED_EDGE('',*,*,#5116,.F.);
#3135=ORIENTED_EDGE('',*,*,#5378,.T.);
#3136=ORIENTED_EDGE('',*,*,#4888,.F.);
#3137=ORIENTED_EDGE('',*,*,#5377,.F.);
#3138=ORIENTED_EDGE('',*,*,#5113,.F.);
#3139=ORIENTED_EDGE('',*,*,#5379,.T.);
#3140=ORIENTED_EDGE('',*,*,#4885,.F.);
#3141=ORIENTED_EDGE('',*,*,#5380,.F.);
#3142=ORIENTED_EDGE('',*,*,#5151,.F.);
#3143=ORIENTED_EDGE('',*,*,#5150,.T.);
#3144=ORIENTED_EDGE('',*,*,#5381,.T.);
#3145=ORIENTED_EDGE('',*,*,#4886,.T.);
#3146=ORIENTED_EDGE('',*,*,#5379,.F.);
#3147=ORIENTED_EDGE('',*,*,#5380,.T.);
#3148=ORIENTED_EDGE('',*,*,#4884,.F.);
#3149=ORIENTED_EDGE('',*,*,#5382,.F.);
#3150=ORIENTED_EDGE('',*,*,#5152,.F.);
#3151=ORIENTED_EDGE('',*,*,#5383,.T.);
#3152=ORIENTED_EDGE('',*,*,#4882,.F.);
#3153=ORIENTED_EDGE('',*,*,#5381,.F.);
#3154=ORIENTED_EDGE('',*,*,#5149,.F.);
#3155=ORIENTED_EDGE('',*,*,#5382,.T.);
#3156=ORIENTED_EDGE('',*,*,#4883,.F.);
#3157=ORIENTED_EDGE('',*,*,#5383,.F.);
#3158=ORIENTED_EDGE('',*,*,#5148,.F.);
#3159=ORIENTED_EDGE('',*,*,#5384,.T.);
#3160=ORIENTED_EDGE('',*,*,#4881,.F.);
#3161=ORIENTED_EDGE('',*,*,#5385,.F.);
#3162=ORIENTED_EDGE('',*,*,#5111,.F.);
#3163=ORIENTED_EDGE('',*,*,#5386,.T.);
#3164=ORIENTED_EDGE('',*,*,#4878,.F.);
#3165=ORIENTED_EDGE('',*,*,#5384,.F.);
#3166=ORIENTED_EDGE('',*,*,#5110,.F.);
#3167=ORIENTED_EDGE('',*,*,#5385,.T.);
#3168=ORIENTED_EDGE('',*,*,#4880,.F.);
#3169=ORIENTED_EDGE('',*,*,#5387,.F.);
#3170=ORIENTED_EDGE('',*,*,#5112,.F.);
#3171=ORIENTED_EDGE('',*,*,#5387,.T.);
#3172=ORIENTED_EDGE('',*,*,#4879,.F.);
#3173=ORIENTED_EDGE('',*,*,#5386,.F.);
#3174=ORIENTED_EDGE('',*,*,#5109,.F.);
#3175=ORIENTED_EDGE('',*,*,#5156,.T.);
#3176=ORIENTED_EDGE('',*,*,#5388,.T.);
#3177=ORIENTED_EDGE('',*,*,#4876,.T.);
#3178=ORIENTED_EDGE('',*,*,#5389,.F.);
#3179=ORIENTED_EDGE('',*,*,#5390,.T.);
#3180=ORIENTED_EDGE('',*,*,#4877,.F.);
#3181=ORIENTED_EDGE('',*,*,#5388,.F.);
#3182=ORIENTED_EDGE('',*,*,#5155,.F.);
#3183=ORIENTED_EDGE('',*,*,#5391,.T.);
#3184=ORIENTED_EDGE('',*,*,#4874,.F.);
#3185=ORIENTED_EDGE('',*,*,#5390,.F.);
#3186=ORIENTED_EDGE('',*,*,#5154,.F.);
#3187=ORIENTED_EDGE('',*,*,#5389,.T.);
#3188=ORIENTED_EDGE('',*,*,#4875,.F.);
#3189=ORIENTED_EDGE('',*,*,#5391,.F.);
#3190=ORIENTED_EDGE('',*,*,#5153,.F.);
#3191=ORIENTED_EDGE('',*,*,#5392,.T.);
#3192=ORIENTED_EDGE('',*,*,#4873,.F.);
#3193=ORIENTED_EDGE('',*,*,#5393,.F.);
#3194=ORIENTED_EDGE('',*,*,#5107,.F.);
#3195=ORIENTED_EDGE('',*,*,#5394,.T.);
#3196=ORIENTED_EDGE('',*,*,#4870,.F.);
#3197=ORIENTED_EDGE('',*,*,#5392,.F.);
#3198=ORIENTED_EDGE('',*,*,#5106,.F.);
#3199=ORIENTED_EDGE('',*,*,#5393,.T.);
#3200=ORIENTED_EDGE('',*,*,#4872,.F.);
#3201=ORIENTED_EDGE('',*,*,#5395,.F.);
#3202=ORIENTED_EDGE('',*,*,#5108,.F.);
#3203=ORIENTED_EDGE('',*,*,#5395,.T.);
#3204=ORIENTED_EDGE('',*,*,#4871,.F.);
#3205=ORIENTED_EDGE('',*,*,#5394,.F.);
#3206=ORIENTED_EDGE('',*,*,#5105,.F.);
#3207=ORIENTED_EDGE('',*,*,#5396,.T.);
#3208=ORIENTED_EDGE('',*,*,#4869,.F.);
#3209=ORIENTED_EDGE('',*,*,#5397,.F.);
#3210=ORIENTED_EDGE('',*,*,#5159,.F.);
#3211=ORIENTED_EDGE('',*,*,#5398,.T.);
#3212=ORIENTED_EDGE('',*,*,#4866,.F.);
#3213=ORIENTED_EDGE('',*,*,#5396,.F.);
#3214=ORIENTED_EDGE('',*,*,#5158,.F.);
#3215=ORIENTED_EDGE('',*,*,#5397,.T.);
#3216=ORIENTED_EDGE('',*,*,#4868,.F.);
#3217=ORIENTED_EDGE('',*,*,#5399,.F.);
#3218=ORIENTED_EDGE('',*,*,#5160,.F.);
#3219=ORIENTED_EDGE('',*,*,#5399,.T.);
#3220=ORIENTED_EDGE('',*,*,#4867,.F.);
#3221=ORIENTED_EDGE('',*,*,#5398,.F.);
#3222=ORIENTED_EDGE('',*,*,#5157,.F.);
#3223=ORIENTED_EDGE('',*,*,#5400,.T.);
#3224=ORIENTED_EDGE('',*,*,#4865,.F.);
#3225=ORIENTED_EDGE('',*,*,#5401,.F.);
#3226=ORIENTED_EDGE('',*,*,#5103,.F.);
#3227=ORIENTED_EDGE('',*,*,#5402,.T.);
#3228=ORIENTED_EDGE('',*,*,#4862,.F.);
#3229=ORIENTED_EDGE('',*,*,#5400,.F.);
#3230=ORIENTED_EDGE('',*,*,#5102,.F.);
#3231=ORIENTED_EDGE('',*,*,#5401,.T.);
#3232=ORIENTED_EDGE('',*,*,#4864,.F.);
#3233=ORIENTED_EDGE('',*,*,#5403,.F.);
#3234=ORIENTED_EDGE('',*,*,#5104,.F.);
#3235=ORIENTED_EDGE('',*,*,#5403,.T.);
#3236=ORIENTED_EDGE('',*,*,#4863,.F.);
#3237=ORIENTED_EDGE('',*,*,#5402,.F.);
#3238=ORIENTED_EDGE('',*,*,#5101,.F.);
#3239=ORIENTED_EDGE('',*,*,#5404,.T.);
#3240=ORIENTED_EDGE('',*,*,#4861,.F.);
#3241=ORIENTED_EDGE('',*,*,#5405,.F.);
#3242=ORIENTED_EDGE('',*,*,#5163,.F.);
#3243=ORIENTED_EDGE('',*,*,#5406,.T.);
#3244=ORIENTED_EDGE('',*,*,#4858,.F.);
#3245=ORIENTED_EDGE('',*,*,#5404,.F.);
#3246=ORIENTED_EDGE('',*,*,#5162,.F.);
#3247=ORIENTED_EDGE('',*,*,#5405,.T.);
#3248=ORIENTED_EDGE('',*,*,#4860,.F.);
#3249=ORIENTED_EDGE('',*,*,#5407,.F.);
#3250=ORIENTED_EDGE('',*,*,#5164,.F.);
#3251=ORIENTED_EDGE('',*,*,#5407,.T.);
#3252=ORIENTED_EDGE('',*,*,#4859,.F.);
#3253=ORIENTED_EDGE('',*,*,#5406,.F.);
#3254=ORIENTED_EDGE('',*,*,#5161,.F.);
#3255=ORIENTED_EDGE('',*,*,#5408,.T.);
#3256=ORIENTED_EDGE('',*,*,#4857,.F.);
#3257=ORIENTED_EDGE('',*,*,#5409,.F.);
#3258=ORIENTED_EDGE('',*,*,#5099,.F.);
#3259=ORIENTED_EDGE('',*,*,#5410,.T.);
#3260=ORIENTED_EDGE('',*,*,#4854,.F.);
#3261=ORIENTED_EDGE('',*,*,#5408,.F.);
#3262=ORIENTED_EDGE('',*,*,#5098,.F.);
#3263=ORIENTED_EDGE('',*,*,#5409,.T.);
#3264=ORIENTED_EDGE('',*,*,#4856,.F.);
#3265=ORIENTED_EDGE('',*,*,#5411,.F.);
#3266=ORIENTED_EDGE('',*,*,#5100,.F.);
#3267=ORIENTED_EDGE('',*,*,#5411,.T.);
#3268=ORIENTED_EDGE('',*,*,#4855,.F.);
#3269=ORIENTED_EDGE('',*,*,#5410,.F.);
#3270=ORIENTED_EDGE('',*,*,#5097,.F.);
#3271=ORIENTED_EDGE('',*,*,#5412,.T.);
#3272=ORIENTED_EDGE('',*,*,#4915,.F.);
#3273=ORIENTED_EDGE('',*,*,#5413,.F.);
#3274=ORIENTED_EDGE('',*,*,#5168,.F.);
#3275=ORIENTED_EDGE('',*,*,#5414,.T.);
#3276=ORIENTED_EDGE('',*,*,#4916,.F.);
#3277=ORIENTED_EDGE('',*,*,#5412,.F.);
#3278=ORIENTED_EDGE('',*,*,#5167,.F.);
#3279=ORIENTED_EDGE('',*,*,#5413,.T.);
#3280=ORIENTED_EDGE('',*,*,#4914,.F.);
#3281=ORIENTED_EDGE('',*,*,#5415,.F.);
#3282=ORIENTED_EDGE('',*,*,#5165,.F.);
#3283=ORIENTED_EDGE('',*,*,#5166,.T.);
#3284=ORIENTED_EDGE('',*,*,#5415,.T.);
#3285=ORIENTED_EDGE('',*,*,#4913,.T.);
#3286=ORIENTED_EDGE('',*,*,#5414,.F.);
#3287=ORIENTED_EDGE('',*,*,#5416,.T.);
#3288=ORIENTED_EDGE('',*,*,#4853,.F.);
#3289=ORIENTED_EDGE('',*,*,#5417,.F.);
#3290=ORIENTED_EDGE('',*,*,#5171,.F.);
#3291=ORIENTED_EDGE('',*,*,#5418,.T.);
#3292=ORIENTED_EDGE('',*,*,#4850,.F.);
#3293=ORIENTED_EDGE('',*,*,#5416,.F.);
#3294=ORIENTED_EDGE('',*,*,#5170,.F.);
#3295=ORIENTED_EDGE('',*,*,#5417,.T.);
#3296=ORIENTED_EDGE('',*,*,#4852,.F.);
#3297=ORIENTED_EDGE('',*,*,#5419,.F.);
#3298=ORIENTED_EDGE('',*,*,#5172,.F.);
#3299=ORIENTED_EDGE('',*,*,#5419,.T.);
#3300=ORIENTED_EDGE('',*,*,#4851,.F.);
#3301=ORIENTED_EDGE('',*,*,#5418,.F.);
#3302=ORIENTED_EDGE('',*,*,#5169,.F.);
#3303=ORIENTED_EDGE('',*,*,#5420,.T.);
#3304=ORIENTED_EDGE('',*,*,#4849,.F.);
#3305=ORIENTED_EDGE('',*,*,#5421,.F.);
#3306=ORIENTED_EDGE('',*,*,#5095,.F.);
#3307=ORIENTED_EDGE('',*,*,#5422,.T.);
#3308=ORIENTED_EDGE('',*,*,#4846,.F.);
#3309=ORIENTED_EDGE('',*,*,#5420,.F.);
#3310=ORIENTED_EDGE('',*,*,#5094,.F.);
#3311=ORIENTED_EDGE('',*,*,#5421,.T.);
#3312=ORIENTED_EDGE('',*,*,#4848,.F.);
#3313=ORIENTED_EDGE('',*,*,#5423,.F.);
#3314=ORIENTED_EDGE('',*,*,#5096,.F.);
#3315=ORIENTED_EDGE('',*,*,#5423,.T.);
#3316=ORIENTED_EDGE('',*,*,#4847,.F.);
#3317=ORIENTED_EDGE('',*,*,#5422,.F.);
#3318=ORIENTED_EDGE('',*,*,#5093,.F.);
#3319=ORIENTED_EDGE('',*,*,#5424,.T.);
#3320=ORIENTED_EDGE('',*,*,#4845,.F.);
#3321=ORIENTED_EDGE('',*,*,#5425,.F.);
#3322=ORIENTED_EDGE('',*,*,#5175,.F.);
#3323=ORIENTED_EDGE('',*,*,#5426,.T.);
#3324=ORIENTED_EDGE('',*,*,#4842,.F.);
#3325=ORIENTED_EDGE('',*,*,#5424,.F.);
#3326=ORIENTED_EDGE('',*,*,#5174,.F.);
#3327=ORIENTED_EDGE('',*,*,#5425,.T.);
#3328=ORIENTED_EDGE('',*,*,#4844,.F.);
#3329=ORIENTED_EDGE('',*,*,#5427,.F.);
#3330=ORIENTED_EDGE('',*,*,#5176,.F.);
#3331=ORIENTED_EDGE('',*,*,#5427,.T.);
#3332=ORIENTED_EDGE('',*,*,#4843,.F.);
#3333=ORIENTED_EDGE('',*,*,#5426,.F.);
#3334=ORIENTED_EDGE('',*,*,#5173,.F.);
#3335=ORIENTED_EDGE('',*,*,#5092,.T.);
#3336=ORIENTED_EDGE('',*,*,#5428,.T.);
#3337=ORIENTED_EDGE('',*,*,#4840,.T.);
#3338=ORIENTED_EDGE('',*,*,#5429,.F.);
#3339=ORIENTED_EDGE('',*,*,#5430,.T.);
#3340=ORIENTED_EDGE('',*,*,#4841,.F.);
#3341=ORIENTED_EDGE('',*,*,#5428,.F.);
#3342=ORIENTED_EDGE('',*,*,#5091,.F.);
#3343=ORIENTED_EDGE('',*,*,#5431,.T.);
#3344=ORIENTED_EDGE('',*,*,#4838,.F.);
#3345=ORIENTED_EDGE('',*,*,#5430,.F.);
#3346=ORIENTED_EDGE('',*,*,#5090,.F.);
#3347=ORIENTED_EDGE('',*,*,#5429,.T.);
#3348=ORIENTED_EDGE('',*,*,#4839,.F.);
#3349=ORIENTED_EDGE('',*,*,#5431,.F.);
#3350=ORIENTED_EDGE('',*,*,#5089,.F.);
#3351=ORIENTED_EDGE('',*,*,#5180,.T.);
#3352=ORIENTED_EDGE('',*,*,#5432,.T.);
#3353=ORIENTED_EDGE('',*,*,#4836,.T.);
#3354=ORIENTED_EDGE('',*,*,#5433,.F.);
#3355=ORIENTED_EDGE('',*,*,#5434,.T.);
#3356=ORIENTED_EDGE('',*,*,#4837,.F.);
#3357=ORIENTED_EDGE('',*,*,#5432,.F.);
#3358=ORIENTED_EDGE('',*,*,#5179,.F.);
#3359=ORIENTED_EDGE('',*,*,#5435,.T.);
#3360=ORIENTED_EDGE('',*,*,#4834,.F.);
#3361=ORIENTED_EDGE('',*,*,#5434,.F.);
#3362=ORIENTED_EDGE('',*,*,#5178,.F.);
#3363=ORIENTED_EDGE('',*,*,#5433,.T.);
#3364=ORIENTED_EDGE('',*,*,#4835,.F.);
#3365=ORIENTED_EDGE('',*,*,#5435,.F.);
#3366=ORIENTED_EDGE('',*,*,#5177,.F.);
#3367=ORIENTED_EDGE('',*,*,#5436,.T.);
#3368=ORIENTED_EDGE('',*,*,#4833,.F.);
#3369=ORIENTED_EDGE('',*,*,#5437,.F.);
#3370=ORIENTED_EDGE('',*,*,#5087,.F.);
#3371=ORIENTED_EDGE('',*,*,#5438,.T.);
#3372=ORIENTED_EDGE('',*,*,#4830,.F.);
#3373=ORIENTED_EDGE('',*,*,#5436,.F.);
#3374=ORIENTED_EDGE('',*,*,#5086,.F.);
#3375=ORIENTED_EDGE('',*,*,#5437,.T.);
#3376=ORIENTED_EDGE('',*,*,#4832,.F.);
#3377=ORIENTED_EDGE('',*,*,#5439,.F.);
#3378=ORIENTED_EDGE('',*,*,#5088,.F.);
#3379=ORIENTED_EDGE('',*,*,#5439,.T.);
#3380=ORIENTED_EDGE('',*,*,#4831,.F.);
#3381=ORIENTED_EDGE('',*,*,#5438,.F.);
#3382=ORIENTED_EDGE('',*,*,#5085,.F.);
#3383=ORIENTED_EDGE('',*,*,#5440,.T.);
#3384=ORIENTED_EDGE('',*,*,#4919,.F.);
#3385=ORIENTED_EDGE('',*,*,#5441,.F.);
#3386=ORIENTED_EDGE('',*,*,#5184,.F.);
#3387=ORIENTED_EDGE('',*,*,#5442,.T.);
#3388=ORIENTED_EDGE('',*,*,#4920,.F.);
#3389=ORIENTED_EDGE('',*,*,#5440,.F.);
#3390=ORIENTED_EDGE('',*,*,#5183,.F.);
#3391=ORIENTED_EDGE('',*,*,#5441,.T.);
#3392=ORIENTED_EDGE('',*,*,#4918,.F.);
#3393=ORIENTED_EDGE('',*,*,#5443,.F.);
#3394=ORIENTED_EDGE('',*,*,#5181,.F.);
#3395=ORIENTED_EDGE('',*,*,#5182,.T.);
#3396=ORIENTED_EDGE('',*,*,#5443,.T.);
#3397=ORIENTED_EDGE('',*,*,#4917,.T.);
#3398=ORIENTED_EDGE('',*,*,#5442,.F.);
#3399=ORIENTED_EDGE('',*,*,#5444,.T.);
#3400=ORIENTED_EDGE('',*,*,#4923,.F.);
#3401=ORIENTED_EDGE('',*,*,#5445,.F.);
#3402=ORIENTED_EDGE('',*,*,#5188,.F.);
#3403=ORIENTED_EDGE('',*,*,#5446,.T.);
#3404=ORIENTED_EDGE('',*,*,#4924,.F.);
#3405=ORIENTED_EDGE('',*,*,#5444,.F.);
#3406=ORIENTED_EDGE('',*,*,#5187,.F.);
#3407=ORIENTED_EDGE('',*,*,#5445,.T.);
#3408=ORIENTED_EDGE('',*,*,#4922,.F.);
#3409=ORIENTED_EDGE('',*,*,#5447,.F.);
#3410=ORIENTED_EDGE('',*,*,#5185,.F.);
#3411=ORIENTED_EDGE('',*,*,#5186,.T.);
#3412=ORIENTED_EDGE('',*,*,#5447,.T.);
#3413=ORIENTED_EDGE('',*,*,#4921,.T.);
#3414=ORIENTED_EDGE('',*,*,#5446,.F.);
#3415=ORIENTED_EDGE('',*,*,#5448,.T.);
#3416=ORIENTED_EDGE('',*,*,#4829,.F.);
#3417=ORIENTED_EDGE('',*,*,#5449,.F.);
#3418=ORIENTED_EDGE('',*,*,#5191,.F.);
#3419=ORIENTED_EDGE('',*,*,#5450,.T.);
#3420=ORIENTED_EDGE('',*,*,#4826,.F.);
#3421=ORIENTED_EDGE('',*,*,#5448,.F.);
#3422=ORIENTED_EDGE('',*,*,#5190,.F.);
#3423=ORIENTED_EDGE('',*,*,#5449,.T.);
#3424=ORIENTED_EDGE('',*,*,#4828,.F.);
#3425=ORIENTED_EDGE('',*,*,#5451,.F.);
#3426=ORIENTED_EDGE('',*,*,#5192,.F.);
#3427=ORIENTED_EDGE('',*,*,#5451,.T.);
#3428=ORIENTED_EDGE('',*,*,#4827,.F.);
#3429=ORIENTED_EDGE('',*,*,#5450,.F.);
#3430=ORIENTED_EDGE('',*,*,#5189,.F.);
#3431=ORIENTED_EDGE('',*,*,#5452,.T.);
#3432=ORIENTED_EDGE('',*,*,#4825,.F.);
#3433=ORIENTED_EDGE('',*,*,#5453,.F.);
#3434=ORIENTED_EDGE('',*,*,#5083,.F.);
#3435=ORIENTED_EDGE('',*,*,#5454,.T.);
#3436=ORIENTED_EDGE('',*,*,#4822,.F.);
#3437=ORIENTED_EDGE('',*,*,#5452,.F.);
#3438=ORIENTED_EDGE('',*,*,#5082,.F.);
#3439=ORIENTED_EDGE('',*,*,#5453,.T.);
#3440=ORIENTED_EDGE('',*,*,#4824,.F.);
#3441=ORIENTED_EDGE('',*,*,#5455,.F.);
#3442=ORIENTED_EDGE('',*,*,#5084,.F.);
#3443=ORIENTED_EDGE('',*,*,#5455,.T.);
#3444=ORIENTED_EDGE('',*,*,#4823,.F.);
#3445=ORIENTED_EDGE('',*,*,#5454,.F.);
#3446=ORIENTED_EDGE('',*,*,#5081,.F.);
#3447=ORIENTED_EDGE('',*,*,#5456,.T.);
#3448=ORIENTED_EDGE('',*,*,#4821,.F.);
#3449=ORIENTED_EDGE('',*,*,#5457,.F.);
#3450=ORIENTED_EDGE('',*,*,#5195,.F.);
#3451=ORIENTED_EDGE('',*,*,#5458,.T.);
#3452=ORIENTED_EDGE('',*,*,#4818,.F.);
#3453=ORIENTED_EDGE('',*,*,#5456,.F.);
#3454=ORIENTED_EDGE('',*,*,#5194,.F.);
#3455=ORIENTED_EDGE('',*,*,#5457,.T.);
#3456=ORIENTED_EDGE('',*,*,#4820,.F.);
#3457=ORIENTED_EDGE('',*,*,#5459,.F.);
#3458=ORIENTED_EDGE('',*,*,#5196,.F.);
#3459=ORIENTED_EDGE('',*,*,#5459,.T.);
#3460=ORIENTED_EDGE('',*,*,#4819,.F.);
#3461=ORIENTED_EDGE('',*,*,#5458,.F.);
#3462=ORIENTED_EDGE('',*,*,#5193,.F.);
#3463=ORIENTED_EDGE('',*,*,#5460,.T.);
#3464=ORIENTED_EDGE('',*,*,#4817,.F.);
#3465=ORIENTED_EDGE('',*,*,#5461,.F.);
#3466=ORIENTED_EDGE('',*,*,#5079,.F.);
#3467=ORIENTED_EDGE('',*,*,#5462,.T.);
#3468=ORIENTED_EDGE('',*,*,#4814,.F.);
#3469=ORIENTED_EDGE('',*,*,#5460,.F.);
#3470=ORIENTED_EDGE('',*,*,#5078,.F.);
#3471=ORIENTED_EDGE('',*,*,#5461,.T.);
#3472=ORIENTED_EDGE('',*,*,#4816,.F.);
#3473=ORIENTED_EDGE('',*,*,#5463,.F.);
#3474=ORIENTED_EDGE('',*,*,#5080,.F.);
#3475=ORIENTED_EDGE('',*,*,#5463,.T.);
#3476=ORIENTED_EDGE('',*,*,#4815,.F.);
#3477=ORIENTED_EDGE('',*,*,#5462,.F.);
#3478=ORIENTED_EDGE('',*,*,#5077,.F.);
#3479=ORIENTED_EDGE('',*,*,#5464,.T.);
#3480=ORIENTED_EDGE('',*,*,#4813,.F.);
#3481=ORIENTED_EDGE('',*,*,#5465,.F.);
#3482=ORIENTED_EDGE('',*,*,#5199,.F.);
#3483=ORIENTED_EDGE('',*,*,#5466,.T.);
#3484=ORIENTED_EDGE('',*,*,#4810,.F.);
#3485=ORIENTED_EDGE('',*,*,#5464,.F.);
#3486=ORIENTED_EDGE('',*,*,#5198,.F.);
#3487=ORIENTED_EDGE('',*,*,#5465,.T.);
#3488=ORIENTED_EDGE('',*,*,#4812,.F.);
#3489=ORIENTED_EDGE('',*,*,#5467,.F.);
#3490=ORIENTED_EDGE('',*,*,#5200,.F.);
#3491=ORIENTED_EDGE('',*,*,#5467,.T.);
#3492=ORIENTED_EDGE('',*,*,#4811,.F.);
#3493=ORIENTED_EDGE('',*,*,#5466,.F.);
#3494=ORIENTED_EDGE('',*,*,#5197,.F.);
#3495=ORIENTED_EDGE('',*,*,#5468,.T.);
#3496=ORIENTED_EDGE('',*,*,#4927,.F.);
#3497=ORIENTED_EDGE('',*,*,#5469,.F.);
#3498=ORIENTED_EDGE('',*,*,#5076,.F.);
#3499=ORIENTED_EDGE('',*,*,#5470,.T.);
#3500=ORIENTED_EDGE('',*,*,#4928,.F.);
#3501=ORIENTED_EDGE('',*,*,#5468,.F.);
#3502=ORIENTED_EDGE('',*,*,#5075,.F.);
#3503=ORIENTED_EDGE('',*,*,#5469,.T.);
#3504=ORIENTED_EDGE('',*,*,#4926,.F.);
#3505=ORIENTED_EDGE('',*,*,#5471,.F.);
#3506=ORIENTED_EDGE('',*,*,#5072,.F.);
#3507=ORIENTED_EDGE('',*,*,#5472,.T.);
#3508=ORIENTED_EDGE('',*,*,#4929,.F.);
#3509=ORIENTED_EDGE('',*,*,#5470,.F.);
#3510=ORIENTED_EDGE('',*,*,#5074,.F.);
#3511=ORIENTED_EDGE('',*,*,#5073,.T.);
#3512=ORIENTED_EDGE('',*,*,#5471,.T.);
#3513=ORIENTED_EDGE('',*,*,#4925,.T.);
#3514=ORIENTED_EDGE('',*,*,#5472,.F.);
#3515=ORIENTED_EDGE('',*,*,#5473,.T.);
#3516=ORIENTED_EDGE('',*,*,#4809,.F.);
#3517=ORIENTED_EDGE('',*,*,#5474,.F.);
#3518=ORIENTED_EDGE('',*,*,#5070,.F.);
#3519=ORIENTED_EDGE('',*,*,#5475,.T.);
#3520=ORIENTED_EDGE('',*,*,#4806,.F.);
#3521=ORIENTED_EDGE('',*,*,#5473,.F.);
#3522=ORIENTED_EDGE('',*,*,#5069,.F.);
#3523=ORIENTED_EDGE('',*,*,#5474,.T.);
#3524=ORIENTED_EDGE('',*,*,#4808,.F.);
#3525=ORIENTED_EDGE('',*,*,#5476,.F.);
#3526=ORIENTED_EDGE('',*,*,#5071,.F.);
#3527=ORIENTED_EDGE('',*,*,#5476,.T.);
#3528=ORIENTED_EDGE('',*,*,#4807,.F.);
#3529=ORIENTED_EDGE('',*,*,#5475,.F.);
#3530=ORIENTED_EDGE('',*,*,#5068,.F.);
#3531=ORIENTED_EDGE('',*,*,#5477,.T.);
#3532=ORIENTED_EDGE('',*,*,#4804,.F.);
#3533=ORIENTED_EDGE('',*,*,#5478,.F.);
#3534=ORIENTED_EDGE('',*,*,#5204,.F.);
#3535=ORIENTED_EDGE('',*,*,#5203,.T.);
#3536=ORIENTED_EDGE('',*,*,#5479,.T.);
#3537=ORIENTED_EDGE('',*,*,#4805,.T.);
#3538=ORIENTED_EDGE('',*,*,#5477,.F.);
#3539=ORIENTED_EDGE('',*,*,#5478,.T.);
#3540=ORIENTED_EDGE('',*,*,#4803,.F.);
#3541=ORIENTED_EDGE('',*,*,#5480,.F.);
#3542=ORIENTED_EDGE('',*,*,#5205,.F.);
#3543=ORIENTED_EDGE('',*,*,#5481,.T.);
#3544=ORIENTED_EDGE('',*,*,#4801,.F.);
#3545=ORIENTED_EDGE('',*,*,#5479,.F.);
#3546=ORIENTED_EDGE('',*,*,#5202,.F.);
#3547=ORIENTED_EDGE('',*,*,#5480,.T.);
#3548=ORIENTED_EDGE('',*,*,#4802,.F.);
#3549=ORIENTED_EDGE('',*,*,#5481,.F.);
#3550=ORIENTED_EDGE('',*,*,#5201,.F.);
#3551=ORIENTED_EDGE('',*,*,#5482,.T.);
#3552=ORIENTED_EDGE('',*,*,#4799,.F.);
#3553=ORIENTED_EDGE('',*,*,#5483,.F.);
#3554=ORIENTED_EDGE('',*,*,#5066,.F.);
#3555=ORIENTED_EDGE('',*,*,#5065,.T.);
#3556=ORIENTED_EDGE('',*,*,#5484,.T.);
#3557=ORIENTED_EDGE('',*,*,#4800,.T.);
#3558=ORIENTED_EDGE('',*,*,#5482,.F.);
#3559=ORIENTED_EDGE('',*,*,#5483,.T.);
#3560=ORIENTED_EDGE('',*,*,#4798,.F.);
#3561=ORIENTED_EDGE('',*,*,#5485,.F.);
#3562=ORIENTED_EDGE('',*,*,#5067,.F.);
#3563=ORIENTED_EDGE('',*,*,#5486,.T.);
#3564=ORIENTED_EDGE('',*,*,#4796,.F.);
#3565=ORIENTED_EDGE('',*,*,#5484,.F.);
#3566=ORIENTED_EDGE('',*,*,#5064,.F.);
#3567=ORIENTED_EDGE('',*,*,#5485,.T.);
#3568=ORIENTED_EDGE('',*,*,#4797,.F.);
#3569=ORIENTED_EDGE('',*,*,#5486,.F.);
#3570=ORIENTED_EDGE('',*,*,#5063,.F.);
#3571=ORIENTED_EDGE('',*,*,#5487,.T.);
#3572=ORIENTED_EDGE('',*,*,#4795,.F.);
#3573=ORIENTED_EDGE('',*,*,#5488,.F.);
#3574=ORIENTED_EDGE('',*,*,#5208,.F.);
#3575=ORIENTED_EDGE('',*,*,#5489,.T.);
#3576=ORIENTED_EDGE('',*,*,#4792,.F.);
#3577=ORIENTED_EDGE('',*,*,#5487,.F.);
#3578=ORIENTED_EDGE('',*,*,#5207,.F.);
#3579=ORIENTED_EDGE('',*,*,#5488,.T.);
#3580=ORIENTED_EDGE('',*,*,#4794,.F.);
#3581=ORIENTED_EDGE('',*,*,#5490,.F.);
#3582=ORIENTED_EDGE('',*,*,#5209,.F.);
#3583=ORIENTED_EDGE('',*,*,#5490,.T.);
#3584=ORIENTED_EDGE('',*,*,#4793,.F.);
#3585=ORIENTED_EDGE('',*,*,#5489,.F.);
#3586=ORIENTED_EDGE('',*,*,#5206,.F.);
#3587=ORIENTED_EDGE('',*,*,#5491,.T.);
#3588=ORIENTED_EDGE('',*,*,#4791,.F.);
#3589=ORIENTED_EDGE('',*,*,#5492,.F.);
#3590=ORIENTED_EDGE('',*,*,#5061,.F.);
#3591=ORIENTED_EDGE('',*,*,#5493,.T.);
#3592=ORIENTED_EDGE('',*,*,#4788,.F.);
#3593=ORIENTED_EDGE('',*,*,#5491,.F.);
#3594=ORIENTED_EDGE('',*,*,#5060,.F.);
#3595=ORIENTED_EDGE('',*,*,#5492,.T.);
#3596=ORIENTED_EDGE('',*,*,#4790,.F.);
#3597=ORIENTED_EDGE('',*,*,#5494,.F.);
#3598=ORIENTED_EDGE('',*,*,#5062,.F.);
#3599=ORIENTED_EDGE('',*,*,#5494,.T.);
#3600=ORIENTED_EDGE('',*,*,#4789,.F.);
#3601=ORIENTED_EDGE('',*,*,#5493,.F.);
#3602=ORIENTED_EDGE('',*,*,#5059,.F.);
#3603=ORIENTED_EDGE('',*,*,#5495,.T.);
#3604=ORIENTED_EDGE('',*,*,#4787,.F.);
#3605=ORIENTED_EDGE('',*,*,#5496,.F.);
#3606=ORIENTED_EDGE('',*,*,#5212,.F.);
#3607=ORIENTED_EDGE('',*,*,#5497,.T.);
#3608=ORIENTED_EDGE('',*,*,#4784,.F.);
#3609=ORIENTED_EDGE('',*,*,#5495,.F.);
#3610=ORIENTED_EDGE('',*,*,#5211,.F.);
#3611=ORIENTED_EDGE('',*,*,#5496,.T.);
#3612=ORIENTED_EDGE('',*,*,#4786,.F.);
#3613=ORIENTED_EDGE('',*,*,#5498,.F.);
#3614=ORIENTED_EDGE('',*,*,#5213,.F.);
#3615=ORIENTED_EDGE('',*,*,#5498,.T.);
#3616=ORIENTED_EDGE('',*,*,#4785,.F.);
#3617=ORIENTED_EDGE('',*,*,#5497,.F.);
#3618=ORIENTED_EDGE('',*,*,#5210,.F.);
#3619=ORIENTED_EDGE('',*,*,#5499,.T.);
#3620=ORIENTED_EDGE('',*,*,#4783,.F.);
#3621=ORIENTED_EDGE('',*,*,#5500,.F.);
#3622=ORIENTED_EDGE('',*,*,#5057,.F.);
#3623=ORIENTED_EDGE('',*,*,#5501,.T.);
#3624=ORIENTED_EDGE('',*,*,#4780,.F.);
#3625=ORIENTED_EDGE('',*,*,#5499,.F.);
#3626=ORIENTED_EDGE('',*,*,#5056,.F.);
#3627=ORIENTED_EDGE('',*,*,#5500,.T.);
#3628=ORIENTED_EDGE('',*,*,#4782,.F.);
#3629=ORIENTED_EDGE('',*,*,#5502,.F.);
#3630=ORIENTED_EDGE('',*,*,#5058,.F.);
#3631=ORIENTED_EDGE('',*,*,#5502,.T.);
#3632=ORIENTED_EDGE('',*,*,#4781,.F.);
#3633=ORIENTED_EDGE('',*,*,#5501,.F.);
#3634=ORIENTED_EDGE('',*,*,#5055,.F.);
#3635=ORIENTED_EDGE('',*,*,#5503,.T.);
#3636=ORIENTED_EDGE('',*,*,#4779,.F.);
#3637=ORIENTED_EDGE('',*,*,#5504,.F.);
#3638=ORIENTED_EDGE('',*,*,#5216,.F.);
#3639=ORIENTED_EDGE('',*,*,#5215,.T.);
#3640=ORIENTED_EDGE('',*,*,#5505,.T.);
#3641=ORIENTED_EDGE('',*,*,#4776,.T.);
#3642=ORIENTED_EDGE('',*,*,#5503,.F.);
#3643=ORIENTED_EDGE('',*,*,#5504,.T.);
#3644=ORIENTED_EDGE('',*,*,#4778,.F.);
#3645=ORIENTED_EDGE('',*,*,#5506,.F.);
#3646=ORIENTED_EDGE('',*,*,#5217,.F.);
#3647=ORIENTED_EDGE('',*,*,#5506,.T.);
#3648=ORIENTED_EDGE('',*,*,#4777,.F.);
#3649=ORIENTED_EDGE('',*,*,#5505,.F.);
#3650=ORIENTED_EDGE('',*,*,#5214,.F.);
#3651=ORIENTED_EDGE('',*,*,#5507,.T.);
#3652=ORIENTED_EDGE('',*,*,#4775,.F.);
#3653=ORIENTED_EDGE('',*,*,#5508,.F.);
#3654=ORIENTED_EDGE('',*,*,#5053,.F.);
#3655=ORIENTED_EDGE('',*,*,#5509,.T.);
#3656=ORIENTED_EDGE('',*,*,#4772,.F.);
#3657=ORIENTED_EDGE('',*,*,#5507,.F.);
#3658=ORIENTED_EDGE('',*,*,#5052,.F.);
#3659=ORIENTED_EDGE('',*,*,#5508,.T.);
#3660=ORIENTED_EDGE('',*,*,#4774,.F.);
#3661=ORIENTED_EDGE('',*,*,#5510,.F.);
#3662=ORIENTED_EDGE('',*,*,#5054,.F.);
#3663=ORIENTED_EDGE('',*,*,#5510,.T.);
#3664=ORIENTED_EDGE('',*,*,#4773,.F.);
#3665=ORIENTED_EDGE('',*,*,#5509,.F.);
#3666=ORIENTED_EDGE('',*,*,#5051,.F.);
#3667=ORIENTED_EDGE('',*,*,#5511,.T.);
#3668=ORIENTED_EDGE('',*,*,#4932,.F.);
#3669=ORIENTED_EDGE('',*,*,#5512,.F.);
#3670=ORIENTED_EDGE('',*,*,#5221,.F.);
#3671=ORIENTED_EDGE('',*,*,#5513,.T.);
#3672=ORIENTED_EDGE('',*,*,#4933,.F.);
#3673=ORIENTED_EDGE('',*,*,#5511,.F.);
#3674=ORIENTED_EDGE('',*,*,#5220,.F.);
#3675=ORIENTED_EDGE('',*,*,#5512,.T.);
#3676=ORIENTED_EDGE('',*,*,#4931,.F.);
#3677=ORIENTED_EDGE('',*,*,#5514,.F.);
#3678=ORIENTED_EDGE('',*,*,#5218,.F.);
#3679=ORIENTED_EDGE('',*,*,#5219,.T.);
#3680=ORIENTED_EDGE('',*,*,#5514,.T.);
#3681=ORIENTED_EDGE('',*,*,#4930,.T.);
#3682=ORIENTED_EDGE('',*,*,#5513,.F.);
#3683=ORIENTED_EDGE('',*,*,#5515,.T.);
#3684=ORIENTED_EDGE('',*,*,#4770,.F.);
#3685=ORIENTED_EDGE('',*,*,#5516,.F.);
#3686=ORIENTED_EDGE('',*,*,#5225,.F.);
#3687=ORIENTED_EDGE('',*,*,#5517,.T.);
#3688=ORIENTED_EDGE('',*,*,#4771,.F.);
#3689=ORIENTED_EDGE('',*,*,#5515,.F.);
#3690=ORIENTED_EDGE('',*,*,#5224,.F.);
#3691=ORIENTED_EDGE('',*,*,#5516,.T.);
#3692=ORIENTED_EDGE('',*,*,#4769,.F.);
#3693=ORIENTED_EDGE('',*,*,#5518,.F.);
#3694=ORIENTED_EDGE('',*,*,#5226,.F.);
#3695=ORIENTED_EDGE('',*,*,#5223,.T.);
#3696=ORIENTED_EDGE('',*,*,#5519,.T.);
#3697=ORIENTED_EDGE('',*,*,#4767,.T.);
#3698=ORIENTED_EDGE('',*,*,#5517,.F.);
#3699=ORIENTED_EDGE('',*,*,#5518,.T.);
#3700=ORIENTED_EDGE('',*,*,#4768,.F.);
#3701=ORIENTED_EDGE('',*,*,#5519,.F.);
#3702=ORIENTED_EDGE('',*,*,#5222,.F.);
#3703=ORIENTED_EDGE('',*,*,#5520,.T.);
#3704=ORIENTED_EDGE('',*,*,#4766,.F.);
#3705=ORIENTED_EDGE('',*,*,#5521,.F.);
#3706=ORIENTED_EDGE('',*,*,#5049,.F.);
#3707=ORIENTED_EDGE('',*,*,#5522,.T.);
#3708=ORIENTED_EDGE('',*,*,#4763,.F.);
#3709=ORIENTED_EDGE('',*,*,#5520,.F.);
#3710=ORIENTED_EDGE('',*,*,#5048,.F.);
#3711=ORIENTED_EDGE('',*,*,#5521,.T.);
#3712=ORIENTED_EDGE('',*,*,#4765,.F.);
#3713=ORIENTED_EDGE('',*,*,#5523,.F.);
#3714=ORIENTED_EDGE('',*,*,#5050,.F.);
#3715=ORIENTED_EDGE('',*,*,#5523,.T.);
#3716=ORIENTED_EDGE('',*,*,#4764,.F.);
#3717=ORIENTED_EDGE('',*,*,#5522,.F.);
#3718=ORIENTED_EDGE('',*,*,#5047,.F.);
#3719=ORIENTED_EDGE('',*,*,#5524,.T.);
#3720=ORIENTED_EDGE('',*,*,#4762,.F.);
#3721=ORIENTED_EDGE('',*,*,#5525,.F.);
#3722=ORIENTED_EDGE('',*,*,#5229,.F.);
#3723=ORIENTED_EDGE('',*,*,#5526,.T.);
#3724=ORIENTED_EDGE('',*,*,#4759,.F.);
#3725=ORIENTED_EDGE('',*,*,#5524,.F.);
#3726=ORIENTED_EDGE('',*,*,#5228,.F.);
#3727=ORIENTED_EDGE('',*,*,#5525,.T.);
#3728=ORIENTED_EDGE('',*,*,#4761,.F.);
#3729=ORIENTED_EDGE('',*,*,#5527,.F.);
#3730=ORIENTED_EDGE('',*,*,#5230,.F.);
#3731=ORIENTED_EDGE('',*,*,#5527,.T.);
#3732=ORIENTED_EDGE('',*,*,#4760,.F.);
#3733=ORIENTED_EDGE('',*,*,#5526,.F.);
#3734=ORIENTED_EDGE('',*,*,#5227,.F.);
#3735=ORIENTED_EDGE('',*,*,#5528,.T.);
#3736=ORIENTED_EDGE('',*,*,#4758,.F.);
#3737=ORIENTED_EDGE('',*,*,#5529,.F.);
#3738=ORIENTED_EDGE('',*,*,#5045,.F.);
#3739=ORIENTED_EDGE('',*,*,#5530,.T.);
#3740=ORIENTED_EDGE('',*,*,#4755,.F.);
#3741=ORIENTED_EDGE('',*,*,#5528,.F.);
#3742=ORIENTED_EDGE('',*,*,#5044,.F.);
#3743=ORIENTED_EDGE('',*,*,#5529,.T.);
#3744=ORIENTED_EDGE('',*,*,#4757,.F.);
#3745=ORIENTED_EDGE('',*,*,#5531,.F.);
#3746=ORIENTED_EDGE('',*,*,#5046,.F.);
#3747=ORIENTED_EDGE('',*,*,#5531,.T.);
#3748=ORIENTED_EDGE('',*,*,#4756,.F.);
#3749=ORIENTED_EDGE('',*,*,#5530,.F.);
#3750=ORIENTED_EDGE('',*,*,#5043,.F.);
#3751=ORIENTED_EDGE('',*,*,#5532,.T.);
#3752=ORIENTED_EDGE('',*,*,#4754,.F.);
#3753=ORIENTED_EDGE('',*,*,#5533,.F.);
#3754=ORIENTED_EDGE('',*,*,#5233,.F.);
#3755=ORIENTED_EDGE('',*,*,#5534,.T.);
#3756=ORIENTED_EDGE('',*,*,#4751,.F.);
#3757=ORIENTED_EDGE('',*,*,#5532,.F.);
#3758=ORIENTED_EDGE('',*,*,#5232,.F.);
#3759=ORIENTED_EDGE('',*,*,#5533,.T.);
#3760=ORIENTED_EDGE('',*,*,#4753,.F.);
#3761=ORIENTED_EDGE('',*,*,#5535,.F.);
#3762=ORIENTED_EDGE('',*,*,#5234,.F.);
#3763=ORIENTED_EDGE('',*,*,#5535,.T.);
#3764=ORIENTED_EDGE('',*,*,#4752,.F.);
#3765=ORIENTED_EDGE('',*,*,#5534,.F.);
#3766=ORIENTED_EDGE('',*,*,#5231,.F.);
#3767=ORIENTED_EDGE('',*,*,#5536,.T.);
#3768=ORIENTED_EDGE('',*,*,#4750,.F.);
#3769=ORIENTED_EDGE('',*,*,#5537,.F.);
#3770=ORIENTED_EDGE('',*,*,#5041,.F.);
#3771=ORIENTED_EDGE('',*,*,#5538,.T.);
#3772=ORIENTED_EDGE('',*,*,#4747,.F.);
#3773=ORIENTED_EDGE('',*,*,#5536,.F.);
#3774=ORIENTED_EDGE('',*,*,#5040,.F.);
#3775=ORIENTED_EDGE('',*,*,#5537,.T.);
#3776=ORIENTED_EDGE('',*,*,#4749,.F.);
#3777=ORIENTED_EDGE('',*,*,#5539,.F.);
#3778=ORIENTED_EDGE('',*,*,#5042,.F.);
#3779=ORIENTED_EDGE('',*,*,#5539,.T.);
#3780=ORIENTED_EDGE('',*,*,#4748,.F.);
#3781=ORIENTED_EDGE('',*,*,#5538,.F.);
#3782=ORIENTED_EDGE('',*,*,#5039,.F.);
#3783=ORIENTED_EDGE('',*,*,#5540,.T.);
#3784=ORIENTED_EDGE('',*,*,#4746,.F.);
#3785=ORIENTED_EDGE('',*,*,#5541,.F.);
#3786=ORIENTED_EDGE('',*,*,#5237,.F.);
#3787=ORIENTED_EDGE('',*,*,#5542,.T.);
#3788=ORIENTED_EDGE('',*,*,#4743,.F.);
#3789=ORIENTED_EDGE('',*,*,#5540,.F.);
#3790=ORIENTED_EDGE('',*,*,#5236,.F.);
#3791=ORIENTED_EDGE('',*,*,#5541,.T.);
#3792=ORIENTED_EDGE('',*,*,#4745,.F.);
#3793=ORIENTED_EDGE('',*,*,#5543,.F.);
#3794=ORIENTED_EDGE('',*,*,#5238,.F.);
#3795=ORIENTED_EDGE('',*,*,#5543,.T.);
#3796=ORIENTED_EDGE('',*,*,#4744,.F.);
#3797=ORIENTED_EDGE('',*,*,#5542,.F.);
#3798=ORIENTED_EDGE('',*,*,#5235,.F.);
#3799=ORIENTED_EDGE('',*,*,#5544,.T.);
#3800=ORIENTED_EDGE('',*,*,#4742,.F.);
#3801=ORIENTED_EDGE('',*,*,#5545,.F.);
#3802=ORIENTED_EDGE('',*,*,#5037,.F.);
#3803=ORIENTED_EDGE('',*,*,#5546,.T.);
#3804=ORIENTED_EDGE('',*,*,#4739,.F.);
#3805=ORIENTED_EDGE('',*,*,#5544,.F.);
#3806=ORIENTED_EDGE('',*,*,#5036,.F.);
#3807=ORIENTED_EDGE('',*,*,#5545,.T.);
#3808=ORIENTED_EDGE('',*,*,#4741,.F.);
#3809=ORIENTED_EDGE('',*,*,#5547,.F.);
#3810=ORIENTED_EDGE('',*,*,#5038,.F.);
#3811=ORIENTED_EDGE('',*,*,#5547,.T.);
#3812=ORIENTED_EDGE('',*,*,#4740,.F.);
#3813=ORIENTED_EDGE('',*,*,#5546,.F.);
#3814=ORIENTED_EDGE('',*,*,#5035,.F.);
#3815=ORIENTED_EDGE('',*,*,#5548,.T.);
#3816=ORIENTED_EDGE('',*,*,#4738,.F.);
#3817=ORIENTED_EDGE('',*,*,#5549,.F.);
#3818=ORIENTED_EDGE('',*,*,#5241,.F.);
#3819=ORIENTED_EDGE('',*,*,#5550,.T.);
#3820=ORIENTED_EDGE('',*,*,#4735,.F.);
#3821=ORIENTED_EDGE('',*,*,#5548,.F.);
#3822=ORIENTED_EDGE('',*,*,#5240,.F.);
#3823=ORIENTED_EDGE('',*,*,#5549,.T.);
#3824=ORIENTED_EDGE('',*,*,#4737,.F.);
#3825=ORIENTED_EDGE('',*,*,#5551,.F.);
#3826=ORIENTED_EDGE('',*,*,#5242,.F.);
#3827=ORIENTED_EDGE('',*,*,#5551,.T.);
#3828=ORIENTED_EDGE('',*,*,#4736,.F.);
#3829=ORIENTED_EDGE('',*,*,#5550,.F.);
#3830=ORIENTED_EDGE('',*,*,#5239,.F.);
#3831=ORIENTED_EDGE('',*,*,#5552,.T.);
#3832=ORIENTED_EDGE('',*,*,#4734,.F.);
#3833=ORIENTED_EDGE('',*,*,#5553,.F.);
#3834=ORIENTED_EDGE('',*,*,#5033,.F.);
#3835=ORIENTED_EDGE('',*,*,#5554,.T.);
#3836=ORIENTED_EDGE('',*,*,#4731,.F.);
#3837=ORIENTED_EDGE('',*,*,#5552,.F.);
#3838=ORIENTED_EDGE('',*,*,#5032,.F.);
#3839=ORIENTED_EDGE('',*,*,#5553,.T.);
#3840=ORIENTED_EDGE('',*,*,#4733,.F.);
#3841=ORIENTED_EDGE('',*,*,#5555,.F.);
#3842=ORIENTED_EDGE('',*,*,#5034,.F.);
#3843=ORIENTED_EDGE('',*,*,#5555,.T.);
#3844=ORIENTED_EDGE('',*,*,#4732,.F.);
#3845=ORIENTED_EDGE('',*,*,#5554,.F.);
#3846=ORIENTED_EDGE('',*,*,#5031,.F.);
#3847=ORIENTED_EDGE('',*,*,#5556,.T.);
#3848=ORIENTED_EDGE('',*,*,#4730,.F.);
#3849=ORIENTED_EDGE('',*,*,#5557,.F.);
#3850=ORIENTED_EDGE('',*,*,#5245,.F.);
#3851=ORIENTED_EDGE('',*,*,#5558,.T.);
#3852=ORIENTED_EDGE('',*,*,#4727,.F.);
#3853=ORIENTED_EDGE('',*,*,#5556,.F.);
#3854=ORIENTED_EDGE('',*,*,#5244,.F.);
#3855=ORIENTED_EDGE('',*,*,#5557,.T.);
#3856=ORIENTED_EDGE('',*,*,#4729,.F.);
#3857=ORIENTED_EDGE('',*,*,#5559,.F.);
#3858=ORIENTED_EDGE('',*,*,#5246,.F.);
#3859=ORIENTED_EDGE('',*,*,#5559,.T.);
#3860=ORIENTED_EDGE('',*,*,#4728,.F.);
#3861=ORIENTED_EDGE('',*,*,#5558,.F.);
#3862=ORIENTED_EDGE('',*,*,#5243,.F.);
#3863=ORIENTED_EDGE('',*,*,#5560,.T.);
#3864=ORIENTED_EDGE('',*,*,#4726,.F.);
#3865=ORIENTED_EDGE('',*,*,#5561,.F.);
#3866=ORIENTED_EDGE('',*,*,#5029,.F.);
#3867=ORIENTED_EDGE('',*,*,#5562,.T.);
#3868=ORIENTED_EDGE('',*,*,#4723,.F.);
#3869=ORIENTED_EDGE('',*,*,#5560,.F.);
#3870=ORIENTED_EDGE('',*,*,#5028,.F.);
#3871=ORIENTED_EDGE('',*,*,#5561,.T.);
#3872=ORIENTED_EDGE('',*,*,#4725,.F.);
#3873=ORIENTED_EDGE('',*,*,#5563,.F.);
#3874=ORIENTED_EDGE('',*,*,#5030,.F.);
#3875=ORIENTED_EDGE('',*,*,#5563,.T.);
#3876=ORIENTED_EDGE('',*,*,#4724,.F.);
#3877=ORIENTED_EDGE('',*,*,#5562,.F.);
#3878=ORIENTED_EDGE('',*,*,#5027,.F.);
#3879=ORIENTED_EDGE('',*,*,#5564,.T.);
#3880=ORIENTED_EDGE('',*,*,#4722,.F.);
#3881=ORIENTED_EDGE('',*,*,#5565,.F.);
#3882=ORIENTED_EDGE('',*,*,#5249,.F.);
#3883=ORIENTED_EDGE('',*,*,#5566,.T.);
#3884=ORIENTED_EDGE('',*,*,#4719,.F.);
#3885=ORIENTED_EDGE('',*,*,#5564,.F.);
#3886=ORIENTED_EDGE('',*,*,#5248,.F.);
#3887=ORIENTED_EDGE('',*,*,#5565,.T.);
#3888=ORIENTED_EDGE('',*,*,#4721,.F.);
#3889=ORIENTED_EDGE('',*,*,#5567,.F.);
#3890=ORIENTED_EDGE('',*,*,#5250,.F.);
#3891=ORIENTED_EDGE('',*,*,#5567,.T.);
#3892=ORIENTED_EDGE('',*,*,#4720,.F.);
#3893=ORIENTED_EDGE('',*,*,#5566,.F.);
#3894=ORIENTED_EDGE('',*,*,#5247,.F.);
#3895=ORIENTED_EDGE('',*,*,#5568,.T.);
#3896=ORIENTED_EDGE('',*,*,#4718,.F.);
#3897=ORIENTED_EDGE('',*,*,#5569,.F.);
#3898=ORIENTED_EDGE('',*,*,#5025,.F.);
#3899=ORIENTED_EDGE('',*,*,#5570,.T.);
#3900=ORIENTED_EDGE('',*,*,#4715,.F.);
#3901=ORIENTED_EDGE('',*,*,#5568,.F.);
#3902=ORIENTED_EDGE('',*,*,#5024,.F.);
#3903=ORIENTED_EDGE('',*,*,#5569,.T.);
#3904=ORIENTED_EDGE('',*,*,#4717,.F.);
#3905=ORIENTED_EDGE('',*,*,#5571,.F.);
#3906=ORIENTED_EDGE('',*,*,#5026,.F.);
#3907=ORIENTED_EDGE('',*,*,#5571,.T.);
#3908=ORIENTED_EDGE('',*,*,#4716,.F.);
#3909=ORIENTED_EDGE('',*,*,#5570,.F.);
#3910=ORIENTED_EDGE('',*,*,#5023,.F.);
#3911=ORIENTED_EDGE('',*,*,#5572,.T.);
#3912=ORIENTED_EDGE('',*,*,#4714,.F.);
#3913=ORIENTED_EDGE('',*,*,#5573,.F.);
#3914=ORIENTED_EDGE('',*,*,#5253,.F.);
#3915=ORIENTED_EDGE('',*,*,#5574,.T.);
#3916=ORIENTED_EDGE('',*,*,#4711,.F.);
#3917=ORIENTED_EDGE('',*,*,#5572,.F.);
#3918=ORIENTED_EDGE('',*,*,#5252,.F.);
#3919=ORIENTED_EDGE('',*,*,#5573,.T.);
#3920=ORIENTED_EDGE('',*,*,#4713,.F.);
#3921=ORIENTED_EDGE('',*,*,#5575,.F.);
#3922=ORIENTED_EDGE('',*,*,#5254,.F.);
#3923=ORIENTED_EDGE('',*,*,#5575,.T.);
#3924=ORIENTED_EDGE('',*,*,#4712,.F.);
#3925=ORIENTED_EDGE('',*,*,#5574,.F.);
#3926=ORIENTED_EDGE('',*,*,#5251,.F.);
#3927=ORIENTED_EDGE('',*,*,#5576,.T.);
#3928=ORIENTED_EDGE('',*,*,#4710,.F.);
#3929=ORIENTED_EDGE('',*,*,#5577,.F.);
#3930=ORIENTED_EDGE('',*,*,#5021,.F.);
#3931=ORIENTED_EDGE('',*,*,#5578,.T.);
#3932=ORIENTED_EDGE('',*,*,#4707,.F.);
#3933=ORIENTED_EDGE('',*,*,#5576,.F.);
#3934=ORIENTED_EDGE('',*,*,#5020,.F.);
#3935=ORIENTED_EDGE('',*,*,#5577,.T.);
#3936=ORIENTED_EDGE('',*,*,#4709,.F.);
#3937=ORIENTED_EDGE('',*,*,#5579,.F.);
#3938=ORIENTED_EDGE('',*,*,#5022,.F.);
#3939=ORIENTED_EDGE('',*,*,#5579,.T.);
#3940=ORIENTED_EDGE('',*,*,#4708,.F.);
#3941=ORIENTED_EDGE('',*,*,#5578,.F.);
#3942=ORIENTED_EDGE('',*,*,#5019,.F.);
#3943=ORIENTED_EDGE('',*,*,#5580,.T.);
#3944=ORIENTED_EDGE('',*,*,#4706,.F.);
#3945=ORIENTED_EDGE('',*,*,#5581,.F.);
#3946=ORIENTED_EDGE('',*,*,#5257,.F.);
#3947=ORIENTED_EDGE('',*,*,#5582,.T.);
#3948=ORIENTED_EDGE('',*,*,#4703,.F.);
#3949=ORIENTED_EDGE('',*,*,#5580,.F.);
#3950=ORIENTED_EDGE('',*,*,#5256,.F.);
#3951=ORIENTED_EDGE('',*,*,#5581,.T.);
#3952=ORIENTED_EDGE('',*,*,#4705,.F.);
#3953=ORIENTED_EDGE('',*,*,#5583,.F.);
#3954=ORIENTED_EDGE('',*,*,#5258,.F.);
#3955=ORIENTED_EDGE('',*,*,#5583,.T.);
#3956=ORIENTED_EDGE('',*,*,#4704,.F.);
#3957=ORIENTED_EDGE('',*,*,#5582,.F.);
#3958=ORIENTED_EDGE('',*,*,#5255,.F.);
#3959=ORIENTED_EDGE('',*,*,#5584,.T.);
#3960=ORIENTED_EDGE('',*,*,#4702,.F.);
#3961=ORIENTED_EDGE('',*,*,#5585,.F.);
#3962=ORIENTED_EDGE('',*,*,#5017,.F.);
#3963=ORIENTED_EDGE('',*,*,#5586,.T.);
#3964=ORIENTED_EDGE('',*,*,#4699,.F.);
#3965=ORIENTED_EDGE('',*,*,#5584,.F.);
#3966=ORIENTED_EDGE('',*,*,#5016,.F.);
#3967=ORIENTED_EDGE('',*,*,#5585,.T.);
#3968=ORIENTED_EDGE('',*,*,#4701,.F.);
#3969=ORIENTED_EDGE('',*,*,#5587,.F.);
#3970=ORIENTED_EDGE('',*,*,#5018,.F.);
#3971=ORIENTED_EDGE('',*,*,#5587,.T.);
#3972=ORIENTED_EDGE('',*,*,#4700,.F.);
#3973=ORIENTED_EDGE('',*,*,#5586,.F.);
#3974=ORIENTED_EDGE('',*,*,#5015,.F.);
#3975=ORIENTED_EDGE('',*,*,#5588,.T.);
#3976=ORIENTED_EDGE('',*,*,#4698,.F.);
#3977=ORIENTED_EDGE('',*,*,#5589,.F.);
#3978=ORIENTED_EDGE('',*,*,#5261,.F.);
#3979=ORIENTED_EDGE('',*,*,#5590,.T.);
#3980=ORIENTED_EDGE('',*,*,#4695,.F.);
#3981=ORIENTED_EDGE('',*,*,#5588,.F.);
#3982=ORIENTED_EDGE('',*,*,#5260,.F.);
#3983=ORIENTED_EDGE('',*,*,#5589,.T.);
#3984=ORIENTED_EDGE('',*,*,#4697,.F.);
#3985=ORIENTED_EDGE('',*,*,#5591,.F.);
#3986=ORIENTED_EDGE('',*,*,#5262,.F.);
#3987=ORIENTED_EDGE('',*,*,#5591,.T.);
#3988=ORIENTED_EDGE('',*,*,#4696,.F.);
#3989=ORIENTED_EDGE('',*,*,#5590,.F.);
#3990=ORIENTED_EDGE('',*,*,#5259,.F.);
#3991=ORIENTED_EDGE('',*,*,#5592,.T.);
#3992=ORIENTED_EDGE('',*,*,#4694,.F.);
#3993=ORIENTED_EDGE('',*,*,#5593,.F.);
#3994=ORIENTED_EDGE('',*,*,#5013,.F.);
#3995=ORIENTED_EDGE('',*,*,#5594,.T.);
#3996=ORIENTED_EDGE('',*,*,#4691,.F.);
#3997=ORIENTED_EDGE('',*,*,#5592,.F.);
#3998=ORIENTED_EDGE('',*,*,#5012,.F.);
#3999=ORIENTED_EDGE('',*,*,#5593,.T.);
#4000=ORIENTED_EDGE('',*,*,#4693,.F.);
#4001=ORIENTED_EDGE('',*,*,#5595,.F.);
#4002=ORIENTED_EDGE('',*,*,#5014,.F.);
#4003=ORIENTED_EDGE('',*,*,#5595,.T.);
#4004=ORIENTED_EDGE('',*,*,#4692,.F.);
#4005=ORIENTED_EDGE('',*,*,#5594,.F.);
#4006=ORIENTED_EDGE('',*,*,#5011,.F.);
#4007=ORIENTED_EDGE('',*,*,#5596,.T.);
#4008=ORIENTED_EDGE('',*,*,#4690,.F.);
#4009=ORIENTED_EDGE('',*,*,#5597,.F.);
#4010=ORIENTED_EDGE('',*,*,#5265,.F.);
#4011=ORIENTED_EDGE('',*,*,#5598,.T.);
#4012=ORIENTED_EDGE('',*,*,#4687,.F.);
#4013=ORIENTED_EDGE('',*,*,#5596,.F.);
#4014=ORIENTED_EDGE('',*,*,#5264,.F.);
#4015=ORIENTED_EDGE('',*,*,#5597,.T.);
#4016=ORIENTED_EDGE('',*,*,#4689,.F.);
#4017=ORIENTED_EDGE('',*,*,#5599,.F.);
#4018=ORIENTED_EDGE('',*,*,#5266,.F.);
#4019=ORIENTED_EDGE('',*,*,#5599,.T.);
#4020=ORIENTED_EDGE('',*,*,#4688,.F.);
#4021=ORIENTED_EDGE('',*,*,#5598,.F.);
#4022=ORIENTED_EDGE('',*,*,#5263,.F.);
#4023=ORIENTED_EDGE('',*,*,#5600,.T.);
#4024=ORIENTED_EDGE('',*,*,#4686,.F.);
#4025=ORIENTED_EDGE('',*,*,#5601,.F.);
#4026=ORIENTED_EDGE('',*,*,#5009,.F.);
#4027=ORIENTED_EDGE('',*,*,#5602,.T.);
#4028=ORIENTED_EDGE('',*,*,#4683,.F.);
#4029=ORIENTED_EDGE('',*,*,#5600,.F.);
#4030=ORIENTED_EDGE('',*,*,#5008,.F.);
#4031=ORIENTED_EDGE('',*,*,#5601,.T.);
#4032=ORIENTED_EDGE('',*,*,#4685,.F.);
#4033=ORIENTED_EDGE('',*,*,#5603,.F.);
#4034=ORIENTED_EDGE('',*,*,#5010,.F.);
#4035=ORIENTED_EDGE('',*,*,#5603,.T.);
#4036=ORIENTED_EDGE('',*,*,#4684,.F.);
#4037=ORIENTED_EDGE('',*,*,#5602,.F.);
#4038=ORIENTED_EDGE('',*,*,#5007,.F.);
#4039=ORIENTED_EDGE('',*,*,#5604,.T.);
#4040=ORIENTED_EDGE('',*,*,#4682,.F.);
#4041=ORIENTED_EDGE('',*,*,#5605,.F.);
#4042=ORIENTED_EDGE('',*,*,#5269,.F.);
#4043=ORIENTED_EDGE('',*,*,#5606,.T.);
#4044=ORIENTED_EDGE('',*,*,#4679,.F.);
#4045=ORIENTED_EDGE('',*,*,#5604,.F.);
#4046=ORIENTED_EDGE('',*,*,#5268,.F.);
#4047=ORIENTED_EDGE('',*,*,#5605,.T.);
#4048=ORIENTED_EDGE('',*,*,#4681,.F.);
#4049=ORIENTED_EDGE('',*,*,#5607,.F.);
#4050=ORIENTED_EDGE('',*,*,#5270,.F.);
#4051=ORIENTED_EDGE('',*,*,#5607,.T.);
#4052=ORIENTED_EDGE('',*,*,#4680,.F.);
#4053=ORIENTED_EDGE('',*,*,#5606,.F.);
#4054=ORIENTED_EDGE('',*,*,#5267,.F.);
#4055=ORIENTED_EDGE('',*,*,#5608,.T.);
#4056=ORIENTED_EDGE('',*,*,#4678,.F.);
#4057=ORIENTED_EDGE('',*,*,#5609,.F.);
#4058=ORIENTED_EDGE('',*,*,#5005,.F.);
#4059=ORIENTED_EDGE('',*,*,#5610,.T.);
#4060=ORIENTED_EDGE('',*,*,#4675,.F.);
#4061=ORIENTED_EDGE('',*,*,#5608,.F.);
#4062=ORIENTED_EDGE('',*,*,#5004,.F.);
#4063=ORIENTED_EDGE('',*,*,#5609,.T.);
#4064=ORIENTED_EDGE('',*,*,#4677,.F.);
#4065=ORIENTED_EDGE('',*,*,#5611,.F.);
#4066=ORIENTED_EDGE('',*,*,#5006,.F.);
#4067=ORIENTED_EDGE('',*,*,#5611,.T.);
#4068=ORIENTED_EDGE('',*,*,#4676,.F.);
#4069=ORIENTED_EDGE('',*,*,#5610,.F.);
#4070=ORIENTED_EDGE('',*,*,#5003,.F.);
#4071=ORIENTED_EDGE('',*,*,#5612,.T.);
#4072=ORIENTED_EDGE('',*,*,#4674,.F.);
#4073=ORIENTED_EDGE('',*,*,#5613,.F.);
#4074=ORIENTED_EDGE('',*,*,#5273,.F.);
#4075=ORIENTED_EDGE('',*,*,#5614,.T.);
#4076=ORIENTED_EDGE('',*,*,#4671,.F.);
#4077=ORIENTED_EDGE('',*,*,#5612,.F.);
#4078=ORIENTED_EDGE('',*,*,#5272,.F.);
#4079=ORIENTED_EDGE('',*,*,#5613,.T.);
#4080=ORIENTED_EDGE('',*,*,#4673,.F.);
#4081=ORIENTED_EDGE('',*,*,#5615,.F.);
#4082=ORIENTED_EDGE('',*,*,#5274,.F.);
#4083=ORIENTED_EDGE('',*,*,#5615,.T.);
#4084=ORIENTED_EDGE('',*,*,#4672,.F.);
#4085=ORIENTED_EDGE('',*,*,#5614,.F.);
#4086=ORIENTED_EDGE('',*,*,#5271,.F.);
#4087=ORIENTED_EDGE('',*,*,#5002,.T.);
#4088=ORIENTED_EDGE('',*,*,#5616,.T.);
#4089=ORIENTED_EDGE('',*,*,#4668,.T.);
#4090=ORIENTED_EDGE('',*,*,#5617,.F.);
#4091=ORIENTED_EDGE('',*,*,#5618,.T.);
#4092=ORIENTED_EDGE('',*,*,#4669,.F.);
#4093=ORIENTED_EDGE('',*,*,#5616,.F.);
#4094=ORIENTED_EDGE('',*,*,#5001,.F.);
#4095=ORIENTED_EDGE('',*,*,#5619,.T.);
#4096=ORIENTED_EDGE('',*,*,#4670,.F.);
#4097=ORIENTED_EDGE('',*,*,#5618,.F.);
#4098=ORIENTED_EDGE('',*,*,#5000,.F.);
#4099=ORIENTED_EDGE('',*,*,#5620,.T.);
#4100=ORIENTED_EDGE('',*,*,#4666,.F.);
#4101=ORIENTED_EDGE('',*,*,#5619,.F.);
#4102=ORIENTED_EDGE('',*,*,#4999,.F.);
#4103=ORIENTED_EDGE('',*,*,#5617,.T.);
#4104=ORIENTED_EDGE('',*,*,#4667,.F.);
#4105=ORIENTED_EDGE('',*,*,#5620,.F.);
#4106=ORIENTED_EDGE('',*,*,#4998,.F.);
#4107=ORIENTED_EDGE('',*,*,#5621,.T.);
#4108=ORIENTED_EDGE('',*,*,#4665,.F.);
#4109=ORIENTED_EDGE('',*,*,#5622,.F.);
#4110=ORIENTED_EDGE('',*,*,#5277,.F.);
#4111=ORIENTED_EDGE('',*,*,#5623,.T.);
#4112=ORIENTED_EDGE('',*,*,#4662,.F.);
#4113=ORIENTED_EDGE('',*,*,#5621,.F.);
#4114=ORIENTED_EDGE('',*,*,#5276,.F.);
#4115=ORIENTED_EDGE('',*,*,#5622,.T.);
#4116=ORIENTED_EDGE('',*,*,#4664,.F.);
#4117=ORIENTED_EDGE('',*,*,#5624,.F.);
#4118=ORIENTED_EDGE('',*,*,#5278,.F.);
#4119=ORIENTED_EDGE('',*,*,#5624,.T.);
#4120=ORIENTED_EDGE('',*,*,#4663,.F.);
#4121=ORIENTED_EDGE('',*,*,#5623,.F.);
#4122=ORIENTED_EDGE('',*,*,#5275,.F.);
#4123=ORIENTED_EDGE('',*,*,#5625,.T.);
#4124=ORIENTED_EDGE('',*,*,#4661,.F.);
#4125=ORIENTED_EDGE('',*,*,#5626,.F.);
#4126=ORIENTED_EDGE('',*,*,#4996,.F.);
#4127=ORIENTED_EDGE('',*,*,#5627,.T.);
#4128=ORIENTED_EDGE('',*,*,#4658,.F.);
#4129=ORIENTED_EDGE('',*,*,#5625,.F.);
#4130=ORIENTED_EDGE('',*,*,#4995,.F.);
#4131=ORIENTED_EDGE('',*,*,#5626,.T.);
#4132=ORIENTED_EDGE('',*,*,#4660,.F.);
#4133=ORIENTED_EDGE('',*,*,#5628,.F.);
#4134=ORIENTED_EDGE('',*,*,#4997,.F.);
#4135=ORIENTED_EDGE('',*,*,#5628,.T.);
#4136=ORIENTED_EDGE('',*,*,#4659,.F.);
#4137=ORIENTED_EDGE('',*,*,#5627,.F.);
#4138=ORIENTED_EDGE('',*,*,#4994,.F.);
#4139=ORIENTED_EDGE('',*,*,#5629,.T.);
#4140=ORIENTED_EDGE('',*,*,#4657,.F.);
#4141=ORIENTED_EDGE('',*,*,#5630,.F.);
#4142=ORIENTED_EDGE('',*,*,#5281,.F.);
#4143=ORIENTED_EDGE('',*,*,#5631,.T.);
#4144=ORIENTED_EDGE('',*,*,#4654,.F.);
#4145=ORIENTED_EDGE('',*,*,#5629,.F.);
#4146=ORIENTED_EDGE('',*,*,#5280,.F.);
#4147=ORIENTED_EDGE('',*,*,#5630,.T.);
#4148=ORIENTED_EDGE('',*,*,#4656,.F.);
#4149=ORIENTED_EDGE('',*,*,#5632,.F.);
#4150=ORIENTED_EDGE('',*,*,#5282,.F.);
#4151=ORIENTED_EDGE('',*,*,#5632,.T.);
#4152=ORIENTED_EDGE('',*,*,#4655,.F.);
#4153=ORIENTED_EDGE('',*,*,#5631,.F.);
#4154=ORIENTED_EDGE('',*,*,#5279,.F.);
#4155=ORIENTED_EDGE('',*,*,#5633,.T.);
#4156=ORIENTED_EDGE('',*,*,#4653,.F.);
#4157=ORIENTED_EDGE('',*,*,#5634,.F.);
#4158=ORIENTED_EDGE('',*,*,#4992,.F.);
#4159=ORIENTED_EDGE('',*,*,#5635,.T.);
#4160=ORIENTED_EDGE('',*,*,#4650,.F.);
#4161=ORIENTED_EDGE('',*,*,#5633,.F.);
#4162=ORIENTED_EDGE('',*,*,#4991,.F.);
#4163=ORIENTED_EDGE('',*,*,#5634,.T.);
#4164=ORIENTED_EDGE('',*,*,#4652,.F.);
#4165=ORIENTED_EDGE('',*,*,#5636,.F.);
#4166=ORIENTED_EDGE('',*,*,#4993,.F.);
#4167=ORIENTED_EDGE('',*,*,#5636,.T.);
#4168=ORIENTED_EDGE('',*,*,#4651,.F.);
#4169=ORIENTED_EDGE('',*,*,#5635,.F.);
#4170=ORIENTED_EDGE('',*,*,#4990,.F.);
#4171=ORIENTED_EDGE('',*,*,#5637,.T.);
#4172=ORIENTED_EDGE('',*,*,#4649,.F.);
#4173=ORIENTED_EDGE('',*,*,#5638,.F.);
#4174=ORIENTED_EDGE('',*,*,#5285,.F.);
#4175=ORIENTED_EDGE('',*,*,#5639,.T.);
#4176=ORIENTED_EDGE('',*,*,#4646,.F.);
#4177=ORIENTED_EDGE('',*,*,#5637,.F.);
#4178=ORIENTED_EDGE('',*,*,#5284,.F.);
#4179=ORIENTED_EDGE('',*,*,#5638,.T.);
#4180=ORIENTED_EDGE('',*,*,#4648,.F.);
#4181=ORIENTED_EDGE('',*,*,#5640,.F.);
#4182=ORIENTED_EDGE('',*,*,#5286,.F.);
#4183=ORIENTED_EDGE('',*,*,#5640,.T.);
#4184=ORIENTED_EDGE('',*,*,#4647,.F.);
#4185=ORIENTED_EDGE('',*,*,#5639,.F.);
#4186=ORIENTED_EDGE('',*,*,#5283,.F.);
#4187=ORIENTED_EDGE('',*,*,#5641,.T.);
#4188=ORIENTED_EDGE('',*,*,#5296,.F.);
#4189=ORIENTED_EDGE('',*,*,#5641,.F.);
#4190=ORIENTED_EDGE('',*,*,#5642,.T.);
#4191=ORIENTED_EDGE('',*,*,#5295,.F.);
#4192=ORIENTED_EDGE('',*,*,#5642,.F.);
#4193=ORIENTED_EDGE('',*,*,#5643,.T.);
#4194=ORIENTED_EDGE('',*,*,#5294,.F.);
#4195=ORIENTED_EDGE('',*,*,#5643,.F.);
#4196=ORIENTED_EDGE('',*,*,#5644,.T.);
#4197=ORIENTED_EDGE('',*,*,#5293,.F.);
#4198=ORIENTED_EDGE('',*,*,#5644,.F.);
#4199=ORIENTED_EDGE('',*,*,#5645,.T.);
#4200=ORIENTED_EDGE('',*,*,#5292,.F.);
#4201=ORIENTED_EDGE('',*,*,#5645,.F.);
#4202=ORIENTED_EDGE('',*,*,#5646,.T.);
#4203=ORIENTED_EDGE('',*,*,#5291,.F.);
#4204=ORIENTED_EDGE('',*,*,#5646,.F.);
#4205=ORIENTED_EDGE('',*,*,#5647,.T.);
#4206=ORIENTED_EDGE('',*,*,#5290,.F.);
#4207=ORIENTED_EDGE('',*,*,#5647,.F.);
#4208=ORIENTED_EDGE('',*,*,#5648,.T.);
#4209=ORIENTED_EDGE('',*,*,#5289,.F.);
#4210=ORIENTED_EDGE('',*,*,#5648,.F.);
#4211=ORIENTED_EDGE('',*,*,#5649,.T.);
#4212=ORIENTED_EDGE('',*,*,#5288,.F.);
#4213=ORIENTED_EDGE('',*,*,#5649,.F.);
#4214=ORIENTED_EDGE('',*,*,#5650,.T.);
#4215=ORIENTED_EDGE('',*,*,#5287,.F.);
#4216=ORIENTED_EDGE('',*,*,#5650,.F.);
#4217=ORIENTED_EDGE('',*,*,#5651,.T.);
#4218=ORIENTED_EDGE('',*,*,#5652,.T.);
#4219=ORIENTED_EDGE('',*,*,#5653,.F.);
#4220=ORIENTED_EDGE('',*,*,#4975,.T.);
#4221=ORIENTED_EDGE('',*,*,#5653,.T.);
#4222=ORIENTED_EDGE('',*,*,#5654,.T.);
#4223=ORIENTED_EDGE('',*,*,#5655,.F.);
#4224=ORIENTED_EDGE('',*,*,#4976,.F.);
#4225=ORIENTED_EDGE('',*,*,#5655,.T.);
#4226=ORIENTED_EDGE('',*,*,#5656,.T.);
#4227=ORIENTED_EDGE('',*,*,#5657,.F.);
#4228=ORIENTED_EDGE('',*,*,#4977,.F.);
#4229=ORIENTED_EDGE('',*,*,#5657,.T.);
#4230=ORIENTED_EDGE('',*,*,#5658,.T.);
#4231=ORIENTED_EDGE('',*,*,#5651,.F.);
#4232=ORIENTED_EDGE('',*,*,#4974,.T.);
#4233=ORIENTED_EDGE('',*,*,#4939,.F.);
#4234=ORIENTED_EDGE('',*,*,#5659,.T.);
#4235=ORIENTED_EDGE('',*,*,#5318,.F.);
#4236=ORIENTED_EDGE('',*,*,#5660,.F.);
#4237=ORIENTED_EDGE('',*,*,#5323,.F.);
#4238=ORIENTED_EDGE('',*,*,#5661,.T.);
#4239=ORIENTED_EDGE('',*,*,#4941,.F.);
#4240=ORIENTED_EDGE('',*,*,#5662,.F.);
#4241=ORIENTED_EDGE('',*,*,#5660,.T.);
#4242=ORIENTED_EDGE('',*,*,#5321,.F.);
#4243=ORIENTED_EDGE('',*,*,#5662,.T.);
#4244=ORIENTED_EDGE('',*,*,#4940,.F.);
#4245=ORIENTED_EDGE('',*,*,#5339,.F.);
#4246=ORIENTED_EDGE('',*,*,#5663,.T.);
#4247=ORIENTED_EDGE('',*,*,#4949,.F.);
#4248=ORIENTED_EDGE('',*,*,#5664,.F.);
#4249=ORIENTED_EDGE('',*,*,#5664,.T.);
#4250=ORIENTED_EDGE('',*,*,#4948,.F.);
#4251=ORIENTED_EDGE('',*,*,#5665,.F.);
#4252=ORIENTED_EDGE('',*,*,#5331,.F.);
#4253=ORIENTED_EDGE('',*,*,#5665,.T.);
#4254=ORIENTED_EDGE('',*,*,#4947,.F.);
#4255=ORIENTED_EDGE('',*,*,#5666,.T.);
#4256=ORIENTED_EDGE('',*,*,#5328,.F.);
#4257=ORIENTED_EDGE('',*,*,#4942,.F.);
#4258=ORIENTED_EDGE('',*,*,#5667,.T.);
#4259=ORIENTED_EDGE('',*,*,#5315,.F.);
#4260=ORIENTED_EDGE('',*,*,#5668,.T.);
#4261=ORIENTED_EDGE('',*,*,#5669,.F.);
#4262=ORIENTED_EDGE('',*,*,#5654,.F.);
#4263=ORIENTED_EDGE('',*,*,#5670,.F.);
#4264=ORIENTED_EDGE('',*,*,#4965,.F.);
#4265=ORIENTED_EDGE('',*,*,#5670,.T.);
#4266=ORIENTED_EDGE('',*,*,#5652,.F.);
#4267=ORIENTED_EDGE('',*,*,#5671,.F.);
#4268=ORIENTED_EDGE('',*,*,#4962,.F.);
#4269=ORIENTED_EDGE('',*,*,#5669,.T.);
#4270=ORIENTED_EDGE('',*,*,#4964,.F.);
#4271=ORIENTED_EDGE('',*,*,#5672,.F.);
#4272=ORIENTED_EDGE('',*,*,#5656,.F.);
#4273=ORIENTED_EDGE('',*,*,#5671,.T.);
#4274=ORIENTED_EDGE('',*,*,#5658,.F.);
#4275=ORIENTED_EDGE('',*,*,#5672,.T.);
#4276=ORIENTED_EDGE('',*,*,#4963,.F.);
#4277=ORIENTED_EDGE('',*,*,#5673,.F.);
#4278=ORIENTED_EDGE('',*,*,#5340,.F.);
#4279=ORIENTED_EDGE('',*,*,#5301,.F.);
#4280=ORIENTED_EDGE('',*,*,#5334,.F.);
#4281=ORIENTED_EDGE('',*,*,#5674,.F.);
#4282=ORIENTED_EDGE('',*,*,#5673,.T.);
#4283=ORIENTED_EDGE('',*,*,#5675,.F.);
#4284=ORIENTED_EDGE('',*,*,#5299,.F.);
#4285=ORIENTED_EDGE('',*,*,#5337,.F.);
#4286=ORIENTED_EDGE('',*,*,#5676,.F.);
#4287=ORIENTED_EDGE('',*,*,#5332,.F.);
#4288=ORIENTED_EDGE('',*,*,#5675,.T.);
#4289=ORIENTED_EDGE('',*,*,#5333,.F.);
#4290=ORIENTED_EDGE('',*,*,#5677,.F.);
#4291=ORIENTED_EDGE('',*,*,#4937,.F.);
#4292=ORIENTED_EDGE('',*,*,#5674,.T.);
#4293=ORIENTED_EDGE('',*,*,#4936,.F.);
#4294=ORIENTED_EDGE('',*,*,#5678,.F.);
#4295=ORIENTED_EDGE('',*,*,#5341,.F.);
#4296=ORIENTED_EDGE('',*,*,#5303,.F.);
#4297=ORIENTED_EDGE('',*,*,#5342,.F.);
#4298=ORIENTED_EDGE('',*,*,#5679,.F.);
#4299=ORIENTED_EDGE('',*,*,#4969,.F.);
#4300=ORIENTED_EDGE('',*,*,#5677,.T.);
#4301=ORIENTED_EDGE('',*,*,#5676,.T.);
#4302=ORIENTED_EDGE('',*,*,#5680,.F.);
#4303=ORIENTED_EDGE('',*,*,#5679,.T.);
#4304=ORIENTED_EDGE('',*,*,#5678,.T.);
#4305=ORIENTED_EDGE('',*,*,#5681,.F.);
#4306=ORIENTED_EDGE('',*,*,#5680,.T.);
#4307=ORIENTED_EDGE('',*,*,#5336,.F.);
#4308=ORIENTED_EDGE('',*,*,#5682,.F.);
#4309=ORIENTED_EDGE('',*,*,#4934,.F.);
#4310=ORIENTED_EDGE('',*,*,#5681,.T.);
#4311=ORIENTED_EDGE('',*,*,#4935,.F.);
#4312=ORIENTED_EDGE('',*,*,#5683,.F.);
#4313=ORIENTED_EDGE('',*,*,#4966,.F.);
#4314=ORIENTED_EDGE('',*,*,#5683,.T.);
#4315=ORIENTED_EDGE('',*,*,#5682,.T.);
#4316=ORIENTED_EDGE('',*,*,#5684,.F.);
#4317=ORIENTED_EDGE('',*,*,#5684,.T.);
#4318=ORIENTED_EDGE('',*,*,#5335,.F.);
#4319=ORIENTED_EDGE('',*,*,#5297,.F.);
#4320=ORIENTED_EDGE('',*,*,#4967,.F.);
#4321=ORIENTED_EDGE('',*,*,#5329,.F.);
#4322=ORIENTED_EDGE('',*,*,#5685,.T.);
#4323=ORIENTED_EDGE('',*,*,#5338,.T.);
#4324=ORIENTED_EDGE('',*,*,#4978,.T.);
#4325=ORIENTED_EDGE('',*,*,#5316,.F.);
#4326=ORIENTED_EDGE('',*,*,#5686,.T.);
#4327=ORIENTED_EDGE('',*,*,#5324,.T.);
#4328=ORIENTED_EDGE('',*,*,#4982,.T.);
#4329=ORIENTED_EDGE('',*,*,#5319,.F.);
#4330=ORIENTED_EDGE('',*,*,#5687,.T.);
#4331=ORIENTED_EDGE('',*,*,#5322,.T.);
#4332=ORIENTED_EDGE('',*,*,#4986,.T.);
#4333=ORIENTED_EDGE('',*,*,#5326,.F.);
#4334=ORIENTED_EDGE('',*,*,#5688,.T.);
#4335=ORIENTED_EDGE('',*,*,#5314,.T.);
#4336=ORIENTED_EDGE('',*,*,#4984,.T.);
#4337=ORIENTED_EDGE('',*,*,#5689,.F.);
#4338=ORIENTED_EDGE('',*,*,#5308,.F.);
#4339=ORIENTED_EDGE('',*,*,#5690,.F.);
#4340=ORIENTED_EDGE('',*,*,#4953,.F.);
#4341=ORIENTED_EDGE('',*,*,#5690,.T.);
#4342=ORIENTED_EDGE('',*,*,#5311,.F.);
#4343=ORIENTED_EDGE('',*,*,#5691,.F.);
#4344=ORIENTED_EDGE('',*,*,#4950,.F.);
#4345=ORIENTED_EDGE('',*,*,#5689,.T.);
#4346=ORIENTED_EDGE('',*,*,#4952,.F.);
#4347=ORIENTED_EDGE('',*,*,#5692,.F.);
#4348=ORIENTED_EDGE('',*,*,#5343,.F.);
#4349=ORIENTED_EDGE('',*,*,#5691,.T.);
#4350=ORIENTED_EDGE('',*,*,#5313,.F.);
#4351=ORIENTED_EDGE('',*,*,#5692,.T.);
#4352=ORIENTED_EDGE('',*,*,#4951,.F.);
#4353=ORIENTED_EDGE('',*,*,#5661,.F.);
#4354=ORIENTED_EDGE('',*,*,#5687,.F.);
#4355=ORIENTED_EDGE('',*,*,#5659,.F.);
#4356=ORIENTED_EDGE('',*,*,#4938,.F.);
#4357=ORIENTED_EDGE('',*,*,#5667,.F.);
#4358=ORIENTED_EDGE('',*,*,#4945,.F.);
#4359=ORIENTED_EDGE('',*,*,#5693,.F.);
#4360=ORIENTED_EDGE('',*,*,#5686,.F.);
#4361=ORIENTED_EDGE('',*,*,#5693,.T.);
#4362=ORIENTED_EDGE('',*,*,#4944,.F.);
#4363=ORIENTED_EDGE('',*,*,#5694,.F.);
#4364=ORIENTED_EDGE('',*,*,#5325,.F.);
#4365=ORIENTED_EDGE('',*,*,#5668,.F.);
#4366=ORIENTED_EDGE('',*,*,#5688,.F.);
#4367=ORIENTED_EDGE('',*,*,#5694,.T.);
#4368=ORIENTED_EDGE('',*,*,#4943,.F.);
#4369=ORIENTED_EDGE('',*,*,#5663,.F.);
#4370=ORIENTED_EDGE('',*,*,#5685,.F.);
#4371=ORIENTED_EDGE('',*,*,#5666,.F.);
#4372=ORIENTED_EDGE('',*,*,#4946,.F.);
#4373=ORIENTED_EDGE('',*,*,#5351,.T.);
#4374=ORIENTED_EDGE('',*,*,#5695,.F.);
#4375=ORIENTED_EDGE('',*,*,#5696,.T.);
#4376=ORIENTED_EDGE('',*,*,#5697,.T.);
#4377=ORIENTED_EDGE('',*,*,#5698,.T.);
#4378=ORIENTED_EDGE('',*,*,#5699,.F.);
#4379=ORIENTED_EDGE('',*,*,#5700,.T.);
#4380=ORIENTED_EDGE('',*,*,#5701,.T.);
#4381=ORIENTED_EDGE('',*,*,#5702,.F.);
#4382=ORIENTED_EDGE('',*,*,#5702,.T.);
#4383=ORIENTED_EDGE('',*,*,#5703,.T.);
#4384=ORIENTED_EDGE('',*,*,#5704,.F.);
#4385=ORIENTED_EDGE('',*,*,#5705,.F.);
#4386=ORIENTED_EDGE('',*,*,#5704,.T.);
#4387=ORIENTED_EDGE('',*,*,#5706,.T.);
#4388=ORIENTED_EDGE('',*,*,#5707,.F.);
#4389=ORIENTED_EDGE('',*,*,#5708,.F.);
#4390=ORIENTED_EDGE('',*,*,#5707,.T.);
#4391=ORIENTED_EDGE('',*,*,#5709,.T.);
#4392=ORIENTED_EDGE('',*,*,#5710,.F.);
#4393=ORIENTED_EDGE('',*,*,#5711,.F.);
#4394=ORIENTED_EDGE('',*,*,#5710,.T.);
#4395=ORIENTED_EDGE('',*,*,#5712,.T.);
#4396=ORIENTED_EDGE('',*,*,#5713,.F.);
#4397=ORIENTED_EDGE('',*,*,#5714,.F.);
#4398=ORIENTED_EDGE('',*,*,#5715,.T.);
#4399=ORIENTED_EDGE('',*,*,#5716,.T.);
#4400=ORIENTED_EDGE('',*,*,#5717,.F.);
#4401=ORIENTED_EDGE('',*,*,#5713,.T.);
#4402=ORIENTED_EDGE('',*,*,#5718,.T.);
#4403=ORIENTED_EDGE('',*,*,#5719,.T.);
#4404=ORIENTED_EDGE('',*,*,#5720,.F.);
#4405=ORIENTED_EDGE('',*,*,#5721,.T.);
#4406=ORIENTED_EDGE('',*,*,#5722,.F.);
#4407=ORIENTED_EDGE('',*,*,#5723,.T.);
#4408=ORIENTED_EDGE('',*,*,#5724,.T.);
#4409=ORIENTED_EDGE('',*,*,#5725,.T.);
#4410=ORIENTED_EDGE('',*,*,#5726,.T.);
#4411=ORIENTED_EDGE('',*,*,#5727,.T.);
#4412=ORIENTED_EDGE('',*,*,#5728,.T.);
#4413=ORIENTED_EDGE('',*,*,#5729,.T.);
#4414=ORIENTED_EDGE('',*,*,#5730,.T.);
#4415=ORIENTED_EDGE('',*,*,#5731,.T.);
#4416=ORIENTED_EDGE('',*,*,#5732,.T.);
#4417=ORIENTED_EDGE('',*,*,#5733,.F.);
#4418=ORIENTED_EDGE('',*,*,#5734,.F.);
#4419=ORIENTED_EDGE('',*,*,#5735,.T.);
#4420=ORIENTED_EDGE('',*,*,#5733,.T.);
#4421=ORIENTED_EDGE('',*,*,#5736,.T.);
#4422=ORIENTED_EDGE('',*,*,#5737,.F.);
#4423=ORIENTED_EDGE('',*,*,#5738,.F.);
#4424=ORIENTED_EDGE('',*,*,#5737,.T.);
#4425=ORIENTED_EDGE('',*,*,#5739,.T.);
#4426=ORIENTED_EDGE('',*,*,#5740,.F.);
#4427=ORIENTED_EDGE('',*,*,#5741,.F.);
#4428=ORIENTED_EDGE('',*,*,#5740,.T.);
#4429=ORIENTED_EDGE('',*,*,#5742,.T.);
#4430=ORIENTED_EDGE('',*,*,#5743,.F.);
#4431=ORIENTED_EDGE('',*,*,#5744,.F.);
#4432=ORIENTED_EDGE('',*,*,#5743,.T.);
#4433=ORIENTED_EDGE('',*,*,#5745,.T.);
#4434=ORIENTED_EDGE('',*,*,#5746,.F.);
#4435=ORIENTED_EDGE('',*,*,#5747,.F.);
#4436=ORIENTED_EDGE('',*,*,#5746,.T.);
#4437=ORIENTED_EDGE('',*,*,#5748,.T.);
#4438=ORIENTED_EDGE('',*,*,#5749,.F.);
#4439=ORIENTED_EDGE('',*,*,#5750,.F.);
#4440=ORIENTED_EDGE('',*,*,#5749,.T.);
#4441=ORIENTED_EDGE('',*,*,#5751,.T.);
#4442=ORIENTED_EDGE('',*,*,#5752,.F.);
#4443=ORIENTED_EDGE('',*,*,#5753,.F.);
#4444=ORIENTED_EDGE('',*,*,#5754,.T.);
#4445=ORIENTED_EDGE('',*,*,#5755,.T.);
#4446=ORIENTED_EDGE('',*,*,#5756,.F.);
#4447=ORIENTED_EDGE('',*,*,#5752,.T.);
#4448=ORIENTED_EDGE('',*,*,#5757,.T.);
#4449=ORIENTED_EDGE('',*,*,#5758,.T.);
#4450=ORIENTED_EDGE('',*,*,#5734,.T.);
#4451=ORIENTED_EDGE('',*,*,#5738,.T.);
#4452=ORIENTED_EDGE('',*,*,#5741,.T.);
#4453=ORIENTED_EDGE('',*,*,#5744,.T.);
#4454=ORIENTED_EDGE('',*,*,#5747,.T.);
#4455=ORIENTED_EDGE('',*,*,#5750,.T.);
#4456=ORIENTED_EDGE('',*,*,#5753,.T.);
#4457=ORIENTED_EDGE('',*,*,#5756,.T.);
#4458=ORIENTED_EDGE('',*,*,#5759,.T.);
#4459=ORIENTED_EDGE('',*,*,#5695,.T.);
#4460=ORIENTED_EDGE('',*,*,#5760,.T.);
#4461=ORIENTED_EDGE('',*,*,#5699,.T.);
#4462=ORIENTED_EDGE('',*,*,#5705,.T.);
#4463=ORIENTED_EDGE('',*,*,#5708,.T.);
#4464=ORIENTED_EDGE('',*,*,#5711,.T.);
#4465=ORIENTED_EDGE('',*,*,#5714,.T.);
#4466=ORIENTED_EDGE('',*,*,#5717,.T.);
#4467=ORIENTED_EDGE('',*,*,#5761,.T.);
#4468=ORIENTED_EDGE('',*,*,#5720,.T.);
#4469=ORIENTED_EDGE('',*,*,#5762,.T.);
#4470=ORIENTED_EDGE('',*,*,#5722,.T.);
#4471=ORIENTED_EDGE('',*,*,#5763,.T.);
#4472=ORIENTED_EDGE('',*,*,#5764,.T.);
#4473=ORIENTED_EDGE('',*,*,#5765,.T.);
#4474=ORIENTED_EDGE('',*,*,#5766,.T.);
#4475=ORIENTED_EDGE('',*,*,#5767,.T.);
#4476=ORIENTED_EDGE('',*,*,#5768,.T.);
#4477=ORIENTED_EDGE('',*,*,#5769,.T.);
#4478=ORIENTED_EDGE('',*,*,#5770,.T.);
#4479=ORIENTED_EDGE('',*,*,#5771,.T.);
#4480=ORIENTED_EDGE('',*,*,#5772,.T.);
#4481=ORIENTED_EDGE('',*,*,#5773,.T.);
#4482=ORIENTED_EDGE('',*,*,#5774,.T.);
#4483=ORIENTED_EDGE('',*,*,#5775,.T.);
#4484=ORIENTED_EDGE('',*,*,#5776,.F.);
#4485=ORIENTED_EDGE('',*,*,#4955,.F.);
#4486=ORIENTED_EDGE('',*,*,#5777,.F.);
#4487=ORIENTED_EDGE('',*,*,#5777,.T.);
#4488=ORIENTED_EDGE('',*,*,#4954,.T.);
#4489=ORIENTED_EDGE('',*,*,#5778,.F.);
#4490=ORIENTED_EDGE('',*,*,#5763,.F.);
#4491=ORIENTED_EDGE('',*,*,#5726,.F.);
#4492=ORIENTED_EDGE('',*,*,#5779,.T.);
#4493=ORIENTED_EDGE('',*,*,#5727,.F.);
#4494=ORIENTED_EDGE('',*,*,#5780,.T.);
#4495=ORIENTED_EDGE('',*,*,#5735,.F.);
#4496=ORIENTED_EDGE('',*,*,#5758,.F.);
#4497=ORIENTED_EDGE('',*,*,#5776,.T.);
#4498=ORIENTED_EDGE('',*,*,#5757,.F.);
#4499=ORIENTED_EDGE('',*,*,#5781,.F.);
#4500=ORIENTED_EDGE('',*,*,#4956,.F.);
#4501=ORIENTED_EDGE('',*,*,#5778,.T.);
#4502=ORIENTED_EDGE('',*,*,#4961,.F.);
#4503=ORIENTED_EDGE('',*,*,#5782,.F.);
#4504=ORIENTED_EDGE('',*,*,#4957,.F.);
#4505=ORIENTED_EDGE('',*,*,#5781,.T.);
#4506=ORIENTED_EDGE('',*,*,#5783,.F.);
#4507=ORIENTED_EDGE('',*,*,#5782,.T.);
#4508=ORIENTED_EDGE('',*,*,#4960,.T.);
#4509=ORIENTED_EDGE('',*,*,#5784,.F.);
#4510=ORIENTED_EDGE('',*,*,#5764,.F.);
#4511=ORIENTED_EDGE('',*,*,#5783,.T.);
#4512=ORIENTED_EDGE('',*,*,#5765,.F.);
#4513=ORIENTED_EDGE('',*,*,#5785,.F.);
#4514=ORIENTED_EDGE('',*,*,#4958,.F.);
#4515=ORIENTED_EDGE('',*,*,#4959,.F.);
#4516=ORIENTED_EDGE('',*,*,#5785,.T.);
#4517=ORIENTED_EDGE('',*,*,#5784,.T.);
#4518=ORIENTED_EDGE('',*,*,#5779,.F.);
#4519=ORIENTED_EDGE('',*,*,#5725,.F.);
#4520=ORIENTED_EDGE('',*,*,#5786,.F.);
#4521=ORIENTED_EDGE('',*,*,#5728,.F.);
#4522=ORIENTED_EDGE('',*,*,#5762,.F.);
#4523=ORIENTED_EDGE('',*,*,#5719,.F.);
#4524=ORIENTED_EDGE('',*,*,#5787,.F.);
#4525=ORIENTED_EDGE('',*,*,#5723,.F.);
#4526=ORIENTED_EDGE('',*,*,#5788,.F.);
#4527=ORIENTED_EDGE('',*,*,#5724,.F.);
#4528=ORIENTED_EDGE('',*,*,#5789,.F.);
#4529=ORIENTED_EDGE('',*,*,#4643,.F.);
#4530=ORIENTED_EDGE('',*,*,#5786,.T.);
#4531=ORIENTED_EDGE('',*,*,#5788,.T.);
#4532=ORIENTED_EDGE('',*,*,#5790,.F.);
#4533=ORIENTED_EDGE('',*,*,#5789,.T.);
#4534=ORIENTED_EDGE('',*,*,#5787,.T.);
#4535=ORIENTED_EDGE('',*,*,#5791,.F.);
#4536=ORIENTED_EDGE('',*,*,#5790,.T.);
#4537=ORIENTED_EDGE('',*,*,#4642,.F.);
#4538=ORIENTED_EDGE('',*,*,#5792,.F.);
#4539=ORIENTED_EDGE('',*,*,#5729,.F.);
#4540=ORIENTED_EDGE('',*,*,#5780,.F.);
#4541=ORIENTED_EDGE('',*,*,#5730,.F.);
#4542=ORIENTED_EDGE('',*,*,#5793,.F.);
#4543=ORIENTED_EDGE('',*,*,#5731,.F.);
#4544=ORIENTED_EDGE('',*,*,#5761,.F.);
#4545=ORIENTED_EDGE('',*,*,#5716,.F.);
#4546=ORIENTED_EDGE('',*,*,#5794,.F.);
#4547=ORIENTED_EDGE('',*,*,#5721,.F.);
#4548=ORIENTED_EDGE('',*,*,#5791,.T.);
#4549=ORIENTED_EDGE('',*,*,#5718,.F.);
#4550=ORIENTED_EDGE('',*,*,#5795,.F.);
#4551=ORIENTED_EDGE('',*,*,#4644,.F.);
#4552=ORIENTED_EDGE('',*,*,#5793,.T.);
#4553=ORIENTED_EDGE('',*,*,#5792,.T.);
#4554=ORIENTED_EDGE('',*,*,#5796,.F.);
#4555=ORIENTED_EDGE('',*,*,#5795,.T.);
#4556=ORIENTED_EDGE('',*,*,#5794,.T.);
#4557=ORIENTED_EDGE('',*,*,#5797,.F.);
#4558=ORIENTED_EDGE('',*,*,#5796,.T.);
#4559=ORIENTED_EDGE('',*,*,#4641,.F.);
#4560=ORIENTED_EDGE('',*,*,#5798,.F.);
#4561=ORIENTED_EDGE('',*,*,#5732,.F.);
#4562=ORIENTED_EDGE('',*,*,#5797,.T.);
#4563=ORIENTED_EDGE('',*,*,#5715,.F.);
#4564=ORIENTED_EDGE('',*,*,#5799,.F.);
#4565=ORIENTED_EDGE('',*,*,#4645,.F.);
#4566=ORIENTED_EDGE('',*,*,#5798,.T.);
#4567=ORIENTED_EDGE('',*,*,#4640,.F.);
#4568=ORIENTED_EDGE('',*,*,#5800,.F.);
#4569=ORIENTED_EDGE('',*,*,#5736,.F.);
#4570=ORIENTED_EDGE('',*,*,#5801,.F.);
#4571=ORIENTED_EDGE('',*,*,#5709,.F.);
#4572=ORIENTED_EDGE('',*,*,#5802,.F.);
#4573=ORIENTED_EDGE('',*,*,#5773,.F.);
#4574=ORIENTED_EDGE('',*,*,#5803,.F.);
#4575=ORIENTED_EDGE('',*,*,#5804,.F.);
#4576=ORIENTED_EDGE('',*,*,#4638,.F.);
#4577=ORIENTED_EDGE('',*,*,#5799,.T.);
#4578=ORIENTED_EDGE('',*,*,#5712,.F.);
#4579=ORIENTED_EDGE('',*,*,#5801,.T.);
#4580=ORIENTED_EDGE('',*,*,#5805,.F.);
#4581=ORIENTED_EDGE('',*,*,#4639,.F.);
#4582=ORIENTED_EDGE('',*,*,#5804,.T.);
#4583=ORIENTED_EDGE('',*,*,#5806,.F.);
#4584=ORIENTED_EDGE('',*,*,#5739,.F.);
#4585=ORIENTED_EDGE('',*,*,#5800,.T.);
#4586=ORIENTED_EDGE('',*,*,#5802,.T.);
#4587=ORIENTED_EDGE('',*,*,#5706,.F.);
#4588=ORIENTED_EDGE('',*,*,#5807,.F.);
#4589=ORIENTED_EDGE('',*,*,#5774,.F.);
#4590=ORIENTED_EDGE('',*,*,#5803,.T.);
#4591=ORIENTED_EDGE('',*,*,#5772,.F.);
#4592=ORIENTED_EDGE('',*,*,#5808,.F.);
#4593=ORIENTED_EDGE('',*,*,#5742,.F.);
#4594=ORIENTED_EDGE('',*,*,#5806,.T.);
#4595=ORIENTED_EDGE('',*,*,#5805,.T.);
#4596=ORIENTED_EDGE('',*,*,#5807,.T.);
#4597=ORIENTED_EDGE('',*,*,#5703,.F.);
#4598=ORIENTED_EDGE('',*,*,#5809,.F.);
#4599=ORIENTED_EDGE('',*,*,#5775,.F.);
#4600=ORIENTED_EDGE('',*,*,#5808,.T.);
#4601=ORIENTED_EDGE('',*,*,#5771,.F.);
#4602=ORIENTED_EDGE('',*,*,#5810,.F.);
#4603=ORIENTED_EDGE('',*,*,#5745,.F.);
#4604=ORIENTED_EDGE('',*,*,#5760,.F.);
#4605=ORIENTED_EDGE('',*,*,#5698,.F.);
#4606=ORIENTED_EDGE('',*,*,#5811,.F.);
#4607=ORIENTED_EDGE('',*,*,#5700,.F.);
#4608=ORIENTED_EDGE('',*,*,#5809,.T.);
#4609=ORIENTED_EDGE('',*,*,#5701,.F.);
#4610=ORIENTED_EDGE('',*,*,#5812,.F.);
#4611=ORIENTED_EDGE('',*,*,#5766,.F.);
#4612=ORIENTED_EDGE('',*,*,#5810,.T.);
#4613=ORIENTED_EDGE('',*,*,#5770,.F.);
#4614=ORIENTED_EDGE('',*,*,#5813,.F.);
#4615=ORIENTED_EDGE('',*,*,#5748,.F.);
#4616=ORIENTED_EDGE('',*,*,#5812,.T.);
#4617=ORIENTED_EDGE('',*,*,#5811,.T.);
#4618=ORIENTED_EDGE('',*,*,#5814,.F.);
#4619=ORIENTED_EDGE('',*,*,#5813,.T.);
#4620=ORIENTED_EDGE('',*,*,#5769,.F.);
#4621=ORIENTED_EDGE('',*,*,#5815,.F.);
#4622=ORIENTED_EDGE('',*,*,#5751,.F.);
#4623=ORIENTED_EDGE('',*,*,#5814,.T.);
#4624=ORIENTED_EDGE('',*,*,#5697,.F.);
#4625=ORIENTED_EDGE('',*,*,#5816,.F.);
#4626=ORIENTED_EDGE('',*,*,#5767,.F.);
#4627=ORIENTED_EDGE('',*,*,#5815,.T.);
#4628=ORIENTED_EDGE('',*,*,#5768,.F.);
#4629=ORIENTED_EDGE('',*,*,#5817,.F.);
#4630=ORIENTED_EDGE('',*,*,#5754,.F.);
#4631=ORIENTED_EDGE('',*,*,#5817,.T.);
#4632=ORIENTED_EDGE('',*,*,#5816,.T.);
#4633=ORIENTED_EDGE('',*,*,#5818,.F.);
#4634=ORIENTED_EDGE('',*,*,#5759,.F.);
#4635=ORIENTED_EDGE('',*,*,#5755,.F.);
#4636=ORIENTED_EDGE('',*,*,#5818,.T.);
#4637=ORIENTED_EDGE('',*,*,#5696,.F.);
#4638=EDGE_CURVE('',#5819,#5820,#6595,.T.);
#4639=EDGE_CURVE('',#5820,#5821,#284,.F.);
#4640=EDGE_CURVE('',#5821,#5822,#6596,.T.);
#4641=EDGE_CURVE('',#5822,#5823,#285,.F.);
#4642=EDGE_CURVE('',#5823,#5824,#286,.F.);
#4643=EDGE_CURVE('',#5824,#5825,#287,.F.);
#4644=EDGE_CURVE('',#5825,#5826,#288,.F.);
#4645=EDGE_CURVE('',#5826,#5819,#289,.F.);
#4646=EDGE_CURVE('',#5827,#5828,#290,.T.);
#4647=EDGE_CURVE('',#5828,#5829,#291,.T.);
#4648=EDGE_CURVE('',#5829,#5830,#292,.T.);
#4649=EDGE_CURVE('',#5830,#5827,#293,.T.);
#4650=EDGE_CURVE('',#5831,#5832,#294,.T.);
#4651=EDGE_CURVE('',#5832,#5833,#295,.T.);
#4652=EDGE_CURVE('',#5833,#5834,#296,.T.);
#4653=EDGE_CURVE('',#5834,#5831,#297,.T.);
#4654=EDGE_CURVE('',#5835,#5836,#298,.T.);
#4655=EDGE_CURVE('',#5836,#5837,#299,.T.);
#4656=EDGE_CURVE('',#5837,#5838,#300,.T.);
#4657=EDGE_CURVE('',#5838,#5835,#301,.T.);
#4658=EDGE_CURVE('',#5839,#5840,#302,.T.);
#4659=EDGE_CURVE('',#5840,#5841,#303,.T.);
#4660=EDGE_CURVE('',#5841,#5842,#304,.T.);
#4661=EDGE_CURVE('',#5842,#5839,#305,.T.);
#4662=EDGE_CURVE('',#5843,#5844,#306,.T.);
#4663=EDGE_CURVE('',#5844,#5845,#307,.T.);
#4664=EDGE_CURVE('',#5845,#5846,#308,.T.);
#4665=EDGE_CURVE('',#5846,#5843,#309,.T.);
#4666=EDGE_CURVE('',#5847,#5848,#310,.T.);
#4667=EDGE_CURVE('',#5848,#5849,#311,.T.);
#4668=EDGE_CURVE('',#5850,#5849,#151,.T.);
#4669=EDGE_CURVE('',#5850,#5851,#312,.T.);
#4670=EDGE_CURVE('',#5851,#5847,#313,.T.);
#4671=EDGE_CURVE('',#5852,#5853,#314,.T.);
#4672=EDGE_CURVE('',#5853,#5854,#315,.T.);
#4673=EDGE_CURVE('',#5854,#5855,#316,.T.);
#4674=EDGE_CURVE('',#5855,#5852,#317,.T.);
#4675=EDGE_CURVE('',#5856,#5857,#318,.T.);
#4676=EDGE_CURVE('',#5857,#5858,#319,.T.);
#4677=EDGE_CURVE('',#5858,#5859,#320,.T.);
#4678=EDGE_CURVE('',#5859,#5856,#321,.T.);
#4679=EDGE_CURVE('',#5860,#5861,#322,.T.);
#4680=EDGE_CURVE('',#5861,#5862,#323,.T.);
#4681=EDGE_CURVE('',#5862,#5863,#324,.T.);
#4682=EDGE_CURVE('',#5863,#5860,#325,.T.);
#4683=EDGE_CURVE('',#5864,#5865,#326,.T.);
#4684=EDGE_CURVE('',#5865,#5866,#327,.T.);
#4685=EDGE_CURVE('',#5866,#5867,#328,.T.);
#4686=EDGE_CURVE('',#5867,#5864,#329,.T.);
#4687=EDGE_CURVE('',#5868,#5869,#330,.T.);
#4688=EDGE_CURVE('',#5869,#5870,#331,.T.);
#4689=EDGE_CURVE('',#5870,#5871,#332,.T.);
#4690=EDGE_CURVE('',#5871,#5868,#333,.T.);
#4691=EDGE_CURVE('',#5872,#5873,#334,.T.);
#4692=EDGE_CURVE('',#5873,#5874,#335,.T.);
#4693=EDGE_CURVE('',#5874,#5875,#336,.T.);
#4694=EDGE_CURVE('',#5875,#5872,#337,.T.);
#4695=EDGE_CURVE('',#5876,#5877,#338,.T.);
#4696=EDGE_CURVE('',#5877,#5878,#339,.T.);
#4697=EDGE_CURVE('',#5878,#5879,#340,.T.);
#4698=EDGE_CURVE('',#5879,#5876,#341,.T.);
#4699=EDGE_CURVE('',#5880,#5881,#342,.T.);
#4700=EDGE_CURVE('',#5881,#5882,#343,.T.);
#4701=EDGE_CURVE('',#5882,#5883,#344,.T.);
#4702=EDGE_CURVE('',#5883,#5880,#345,.T.);
#4703=EDGE_CURVE('',#5884,#5885,#346,.T.);
#4704=EDGE_CURVE('',#5885,#5886,#347,.T.);
#4705=EDGE_CURVE('',#5886,#5887,#348,.T.);
#4706=EDGE_CURVE('',#5887,#5884,#349,.T.);
#4707=EDGE_CURVE('',#5888,#5889,#350,.T.);
#4708=EDGE_CURVE('',#5889,#5890,#351,.T.);
#4709=EDGE_CURVE('',#5890,#5891,#352,.T.);
#4710=EDGE_CURVE('',#5891,#5888,#353,.T.);
#4711=EDGE_CURVE('',#5892,#5893,#354,.T.);
#4712=EDGE_CURVE('',#5893,#5894,#355,.T.);
#4713=EDGE_CURVE('',#5894,#5895,#356,.T.);
#4714=EDGE_CURVE('',#5895,#5892,#357,.T.);
#4715=EDGE_CURVE('',#5896,#5897,#358,.T.);
#4716=EDGE_CURVE('',#5897,#5898,#359,.T.);
#4717=EDGE_CURVE('',#5898,#5899,#360,.T.);
#4718=EDGE_CURVE('',#5899,#5896,#361,.T.);
#4719=EDGE_CURVE('',#5900,#5901,#362,.T.);
#4720=EDGE_CURVE('',#5901,#5902,#363,.T.);
#4721=EDGE_CURVE('',#5902,#5903,#364,.T.);
#4722=EDGE_CURVE('',#5903,#5900,#365,.T.);
#4723=EDGE_CURVE('',#5904,#5905,#366,.T.);
#4724=EDGE_CURVE('',#5905,#5906,#367,.T.);
#4725=EDGE_CURVE('',#5906,#5907,#368,.T.);
#4726=EDGE_CURVE('',#5907,#5904,#369,.T.);
#4727=EDGE_CURVE('',#5908,#5909,#370,.T.);
#4728=EDGE_CURVE('',#5909,#5910,#371,.T.);
#4729=EDGE_CURVE('',#5910,#5911,#372,.T.);
#4730=EDGE_CURVE('',#5911,#5908,#373,.T.);
#4731=EDGE_CURVE('',#5912,#5913,#374,.T.);
#4732=EDGE_CURVE('',#5913,#5914,#375,.T.);
#4733=EDGE_CURVE('',#5914,#5915,#376,.T.);
#4734=EDGE_CURVE('',#5915,#5912,#377,.T.);
#4735=EDGE_CURVE('',#5916,#5917,#378,.T.);
#4736=EDGE_CURVE('',#5917,#5918,#379,.T.);
#4737=EDGE_CURVE('',#5918,#5919,#380,.T.);
#4738=EDGE_CURVE('',#5919,#5916,#381,.T.);
#4739=EDGE_CURVE('',#5920,#5921,#382,.T.);
#4740=EDGE_CURVE('',#5921,#5922,#383,.T.);
#4741=EDGE_CURVE('',#5922,#5923,#384,.T.);
#4742=EDGE_CURVE('',#5923,#5920,#385,.T.);
#4743=EDGE_CURVE('',#5924,#5925,#386,.T.);
#4744=EDGE_CURVE('',#5925,#5926,#387,.T.);
#4745=EDGE_CURVE('',#5926,#5927,#388,.T.);
#4746=EDGE_CURVE('',#5927,#5924,#389,.T.);
#4747=EDGE_CURVE('',#5928,#5929,#390,.T.);
#4748=EDGE_CURVE('',#5929,#5930,#391,.T.);
#4749=EDGE_CURVE('',#5930,#5931,#392,.T.);
#4750=EDGE_CURVE('',#5931,#5928,#393,.T.);
#4751=EDGE_CURVE('',#5932,#5933,#394,.T.);
#4752=EDGE_CURVE('',#5933,#5934,#395,.T.);
#4753=EDGE_CURVE('',#5934,#5935,#396,.T.);
#4754=EDGE_CURVE('',#5935,#5932,#397,.T.);
#4755=EDGE_CURVE('',#5936,#5937,#398,.T.);
#4756=EDGE_CURVE('',#5937,#5938,#399,.T.);
#4757=EDGE_CURVE('',#5938,#5939,#400,.T.);
#4758=EDGE_CURVE('',#5939,#5936,#401,.T.);
#4759=EDGE_CURVE('',#5940,#5941,#402,.T.);
#4760=EDGE_CURVE('',#5941,#5942,#403,.T.);
#4761=EDGE_CURVE('',#5942,#5943,#404,.T.);
#4762=EDGE_CURVE('',#5943,#5940,#405,.T.);
#4763=EDGE_CURVE('',#5944,#5945,#406,.T.);
#4764=EDGE_CURVE('',#5945,#5946,#407,.T.);
#4765=EDGE_CURVE('',#5946,#5947,#408,.T.);
#4766=EDGE_CURVE('',#5947,#5944,#409,.T.);
#4767=EDGE_CURVE('',#5948,#5949,#152,.T.);
#4768=EDGE_CURVE('',#5948,#5950,#410,.T.);
#4769=EDGE_CURVE('',#5950,#5951,#411,.T.);
#4770=EDGE_CURVE('',#5951,#5952,#412,.T.);
#4771=EDGE_CURVE('',#5952,#5949,#413,.T.);
#4772=EDGE_CURVE('',#5953,#5954,#414,.T.);
#4773=EDGE_CURVE('',#5954,#5955,#415,.T.);
#4774=EDGE_CURVE('',#5955,#5956,#416,.T.);
#4775=EDGE_CURVE('',#5956,#5953,#417,.T.);
#4776=EDGE_CURVE('',#5957,#5958,#153,.T.);
#4777=EDGE_CURVE('',#5957,#5959,#418,.T.);
#4778=EDGE_CURVE('',#5959,#5960,#419,.T.);
#4779=EDGE_CURVE('',#5960,#5958,#420,.T.);
#4780=EDGE_CURVE('',#5961,#5962,#421,.T.);
#4781=EDGE_CURVE('',#5962,#5963,#422,.T.);
#4782=EDGE_CURVE('',#5963,#5964,#423,.T.);
#4783=EDGE_CURVE('',#5964,#5961,#424,.T.);
#4784=EDGE_CURVE('',#5965,#5966,#425,.T.);
#4785=EDGE_CURVE('',#5966,#5967,#426,.T.);
#4786=EDGE_CURVE('',#5967,#5968,#427,.T.);
#4787=EDGE_CURVE('',#5968,#5965,#428,.T.);
#4788=EDGE_CURVE('',#5969,#5970,#429,.T.);
#4789=EDGE_CURVE('',#5970,#5971,#430,.T.);
#4790=EDGE_CURVE('',#5971,#5972,#431,.T.);
#4791=EDGE_CURVE('',#5972,#5969,#432,.T.);
#4792=EDGE_CURVE('',#5973,#5974,#433,.T.);
#4793=EDGE_CURVE('',#5974,#5975,#434,.T.);
#4794=EDGE_CURVE('',#5975,#5976,#435,.T.);
#4795=EDGE_CURVE('',#5976,#5973,#436,.T.);
#4796=EDGE_CURVE('',#5977,#5978,#437,.T.);
#4797=EDGE_CURVE('',#5978,#5979,#438,.T.);
#4798=EDGE_CURVE('',#5979,#5980,#439,.T.);
#4799=EDGE_CURVE('',#5980,#5981,#440,.T.);
#4800=EDGE_CURVE('',#5977,#5981,#154,.T.);
#4801=EDGE_CURVE('',#5982,#5983,#441,.T.);
#4802=EDGE_CURVE('',#5983,#5984,#442,.T.);
#4803=EDGE_CURVE('',#5984,#5985,#443,.T.);
#4804=EDGE_CURVE('',#5985,#5986,#444,.T.);
#4805=EDGE_CURVE('',#5982,#5986,#155,.T.);
#4806=EDGE_CURVE('',#5987,#5988,#445,.T.);
#4807=EDGE_CURVE('',#5988,#5989,#446,.T.);
#4808=EDGE_CURVE('',#5989,#5990,#447,.T.);
#4809=EDGE_CURVE('',#5990,#5987,#448,.T.);
#4810=EDGE_CURVE('',#5991,#5992,#449,.T.);
#4811=EDGE_CURVE('',#5992,#5993,#450,.T.);
#4812=EDGE_CURVE('',#5993,#5994,#451,.T.);
#4813=EDGE_CURVE('',#5994,#5991,#452,.T.);
#4814=EDGE_CURVE('',#5995,#5996,#453,.T.);
#4815=EDGE_CURVE('',#5996,#5997,#454,.T.);
#4816=EDGE_CURVE('',#5997,#5998,#455,.T.);
#4817=EDGE_CURVE('',#5998,#5995,#456,.T.);
#4818=EDGE_CURVE('',#5999,#6000,#457,.T.);
#4819=EDGE_CURVE('',#6000,#6001,#458,.T.);
#4820=EDGE_CURVE('',#6001,#6002,#459,.T.);
#4821=EDGE_CURVE('',#6002,#5999,#460,.T.);
#4822=EDGE_CURVE('',#6003,#6004,#461,.T.);
#4823=EDGE_CURVE('',#6004,#6005,#462,.T.);
#4824=EDGE_CURVE('',#6005,#6006,#463,.T.);
#4825=EDGE_CURVE('',#6006,#6003,#464,.T.);
#4826=EDGE_CURVE('',#6007,#6008,#465,.T.);
#4827=EDGE_CURVE('',#6008,#6009,#466,.T.);
#4828=EDGE_CURVE('',#6009,#6010,#467,.T.);
#4829=EDGE_CURVE('',#6010,#6007,#468,.T.);
#4830=EDGE_CURVE('',#6011,#6012,#469,.T.);
#4831=EDGE_CURVE('',#6012,#6013,#470,.T.);
#4832=EDGE_CURVE('',#6013,#6014,#471,.T.);
#4833=EDGE_CURVE('',#6014,#6011,#472,.T.);
#4834=EDGE_CURVE('',#6015,#6016,#473,.T.);
#4835=EDGE_CURVE('',#6016,#6017,#474,.T.);
#4836=EDGE_CURVE('',#6018,#6017,#156,.T.);
#4837=EDGE_CURVE('',#6018,#6015,#475,.T.);
#4838=EDGE_CURVE('',#6019,#6020,#476,.T.);
#4839=EDGE_CURVE('',#6020,#6021,#477,.T.);
#4840=EDGE_CURVE('',#6022,#6021,#157,.T.);
#4841=EDGE_CURVE('',#6022,#6019,#478,.T.);
#4842=EDGE_CURVE('',#6023,#6024,#479,.T.);
#4843=EDGE_CURVE('',#6024,#6025,#480,.T.);
#4844=EDGE_CURVE('',#6025,#6026,#481,.T.);
#4845=EDGE_CURVE('',#6026,#6023,#482,.T.);
#4846=EDGE_CURVE('',#6027,#6028,#483,.T.);
#4847=EDGE_CURVE('',#6028,#6029,#484,.T.);
#4848=EDGE_CURVE('',#6029,#6030,#485,.T.);
#4849=EDGE_CURVE('',#6030,#6027,#486,.T.);
#4850=EDGE_CURVE('',#6031,#6032,#487,.T.);
#4851=EDGE_CURVE('',#6032,#6033,#488,.T.);
#4852=EDGE_CURVE('',#6033,#6034,#489,.T.);
#4853=EDGE_CURVE('',#6034,#6031,#490,.T.);
#4854=EDGE_CURVE('',#6035,#6036,#491,.T.);
#4855=EDGE_CURVE('',#6036,#6037,#492,.T.);
#4856=EDGE_CURVE('',#6037,#6038,#493,.T.);
#4857=EDGE_CURVE('',#6038,#6035,#494,.T.);
#4858=EDGE_CURVE('',#6039,#6040,#495,.T.);
#4859=EDGE_CURVE('',#6040,#6041,#496,.T.);
#4860=EDGE_CURVE('',#6041,#6042,#497,.T.);
#4861=EDGE_CURVE('',#6042,#6039,#498,.T.);
#4862=EDGE_CURVE('',#6043,#6044,#499,.T.);
#4863=EDGE_CURVE('',#6044,#6045,#500,.T.);
#4864=EDGE_CURVE('',#6045,#6046,#501,.T.);
#4865=EDGE_CURVE('',#6046,#6043,#502,.T.);
#4866=EDGE_CURVE('',#6047,#6048,#503,.T.);
#4867=EDGE_CURVE('',#6048,#6049,#504,.T.);
#4868=EDGE_CURVE('',#6049,#6050,#505,.T.);
#4869=EDGE_CURVE('',#6050,#6047,#506,.T.);
#4870=EDGE_CURVE('',#6051,#6052,#507,.T.);
#4871=EDGE_CURVE('',#6052,#6053,#508,.T.);
#4872=EDGE_CURVE('',#6053,#6054,#509,.T.);
#4873=EDGE_CURVE('',#6054,#6051,#510,.T.);
#4874=EDGE_CURVE('',#6055,#6056,#511,.T.);
#4875=EDGE_CURVE('',#6056,#6057,#512,.T.);
#4876=EDGE_CURVE('',#6058,#6057,#158,.T.);
#4877=EDGE_CURVE('',#6058,#6055,#513,.T.);
#4878=EDGE_CURVE('',#6059,#6060,#514,.T.);
#4879=EDGE_CURVE('',#6060,#6061,#515,.T.);
#4880=EDGE_CURVE('',#6061,#6062,#516,.T.);
#4881=EDGE_CURVE('',#6062,#6059,#517,.T.);
#4882=EDGE_CURVE('',#6063,#6064,#518,.T.);
#4883=EDGE_CURVE('',#6064,#6065,#519,.T.);
#4884=EDGE_CURVE('',#6065,#6066,#520,.T.);
#4885=EDGE_CURVE('',#6066,#6067,#521,.T.);
#4886=EDGE_CURVE('',#6063,#6067,#159,.T.);
#4887=EDGE_CURVE('',#6068,#6069,#160,.T.);
#4888=EDGE_CURVE('',#6068,#6070,#522,.T.);
#4889=EDGE_CURVE('',#6070,#6071,#523,.T.);
#4890=EDGE_CURVE('',#6071,#6069,#524,.T.);
#4891=EDGE_CURVE('',#6072,#6073,#161,.T.);
#4892=EDGE_CURVE('',#6072,#6074,#525,.T.);
#4893=EDGE_CURVE('',#6074,#6075,#526,.T.);
#4894=EDGE_CURVE('',#6075,#6076,#527,.T.);
#4895=EDGE_CURVE('',#6076,#6073,#528,.T.);
#4896=EDGE_CURVE('',#6077,#6078,#529,.T.);
#4897=EDGE_CURVE('',#6078,#6079,#530,.T.);
#4898=EDGE_CURVE('',#6080,#6079,#162,.T.);
#4899=EDGE_CURVE('',#6080,#6081,#531,.T.);
#4900=EDGE_CURVE('',#6081,#6077,#532,.T.);
#4901=EDGE_CURVE('',#6082,#6083,#163,.T.);
#4902=EDGE_CURVE('',#6082,#6084,#533,.T.);
#4903=EDGE_CURVE('',#6084,#6085,#534,.T.);
#4904=EDGE_CURVE('',#6085,#6083,#535,.T.);
#4905=EDGE_CURVE('',#6086,#6087,#164,.T.);
#4906=EDGE_CURVE('',#6086,#6088,#536,.T.);
#4907=EDGE_CURVE('',#6088,#6089,#537,.T.);
#4908=EDGE_CURVE('',#6089,#6087,#538,.T.);
#4909=EDGE_CURVE('',#6090,#6091,#165,.T.);
#4910=EDGE_CURVE('',#6090,#6092,#539,.T.);
#4911=EDGE_CURVE('',#6092,#6093,#540,.T.);
#4912=EDGE_CURVE('',#6093,#6091,#541,.T.);
#4913=EDGE_CURVE('',#6094,#6095,#166,.T.);
#4914=EDGE_CURVE('',#6094,#6096,#542,.T.);
#4915=EDGE_CURVE('',#6096,#6097,#543,.T.);
#4916=EDGE_CURVE('',#6097,#6095,#544,.T.);
#4917=EDGE_CURVE('',#6098,#6099,#167,.T.);
#4918=EDGE_CURVE('',#6098,#6100,#545,.T.);
#4919=EDGE_CURVE('',#6100,#6101,#546,.T.);
#4920=EDGE_CURVE('',#6101,#6099,#547,.T.);
#4921=EDGE_CURVE('',#6102,#6103,#168,.T.);
#4922=EDGE_CURVE('',#6102,#6104,#548,.T.);
#4923=EDGE_CURVE('',#6104,#6105,#549,.T.);
#4924=EDGE_CURVE('',#6105,#6103,#550,.T.);
#4925=EDGE_CURVE('',#6106,#6107,#169,.T.);
#4926=EDGE_CURVE('',#6106,#6108,#551,.T.);
#4927=EDGE_CURVE('',#6108,#6109,#552,.T.);
#4928=EDGE_CURVE('',#6109,#6110,#553,.T.);
#4929=EDGE_CURVE('',#6110,#6107,#554,.T.);
#4930=EDGE_CURVE('',#6111,#6112,#170,.T.);
#4931=EDGE_CURVE('',#6111,#6113,#555,.T.);
#4932=EDGE_CURVE('',#6113,#6114,#556,.T.);
#4933=EDGE_CURVE('',#6114,#6112,#557,.T.);
#4934=EDGE_CURVE('',#6115,#6116,#558,.T.);
#4935=EDGE_CURVE('',#6116,#6117,#559,.T.);
#4936=EDGE_CURVE('',#6117,#6118,#560,.F.);
#4937=EDGE_CURVE('',#6118,#6115,#561,.F.);
#4938=EDGE_CURVE('',#6119,#6120,#562,.T.);
#4939=EDGE_CURVE('',#6120,#6121,#563,.T.);
#4940=EDGE_CURVE('',#6121,#6122,#564,.T.);
#4941=EDGE_CURVE('',#6122,#6119,#565,.F.);
#4942=EDGE_CURVE('',#6123,#6124,#566,.T.);
#4943=EDGE_CURVE('',#6124,#6125,#567,.T.);
#4944=EDGE_CURVE('',#6125,#6126,#568,.F.);
#4945=EDGE_CURVE('',#6126,#6123,#569,.T.);
#4946=EDGE_CURVE('',#6127,#6128,#570,.T.);
#4947=EDGE_CURVE('',#6128,#6129,#571,.F.);
#4948=EDGE_CURVE('',#6129,#6130,#572,.F.);
#4949=EDGE_CURVE('',#6130,#6127,#573,.T.);
#4950=EDGE_CURVE('',#6131,#6132,#574,.T.);
#4951=EDGE_CURVE('',#6132,#6133,#575,.T.);
#4952=EDGE_CURVE('',#6133,#6134,#576,.F.);
#4953=EDGE_CURVE('',#6134,#6131,#577,.F.);
#4954=EDGE_CURVE('',#6135,#6136,#578,.T.);
#4955=EDGE_CURVE('',#6135,#6137,#171,.F.);
#4956=EDGE_CURVE('',#6137,#6138,#579,.T.);
#4957=EDGE_CURVE('',#6138,#6139,#172,.F.);
#4958=EDGE_CURVE('',#6139,#6140,#580,.T.);
#4959=EDGE_CURVE('',#6140,#6141,#173,.F.);
#4960=EDGE_CURVE('',#6142,#6141,#581,.T.);
#4961=EDGE_CURVE('',#6142,#6136,#174,.F.);
#4962=EDGE_CURVE('',#6143,#6144,#582,.T.);
#4963=EDGE_CURVE('',#6144,#6145,#583,.T.);
#4964=EDGE_CURVE('',#6145,#6146,#584,.F.);
#4965=EDGE_CURVE('',#6146,#6143,#585,.F.);
#4966=EDGE_CURVE('',#6147,#6148,#586,.F.);
#4967=EDGE_CURVE('',#6148,#6149,#587,.T.);
#4968=EDGE_CURVE('',#6149,#6150,#588,.T.);
#4969=EDGE_CURVE('',#6150,#6147,#589,.F.);
#4970=EDGE_CURVE('',#6151,#6152,#590,.T.);
#4971=EDGE_CURVE('',#6153,#6151,#591,.T.);
#4972=EDGE_CURVE('',#6153,#6154,#592,.T.);
#4973=EDGE_CURVE('',#6154,#6152,#593,.T.);
#4974=EDGE_CURVE('',#6155,#6156,#594,.T.);
#4975=EDGE_CURVE('',#6157,#6155,#595,.T.);
#4976=EDGE_CURVE('',#6157,#6158,#596,.T.);
#4977=EDGE_CURVE('',#6158,#6156,#597,.T.);
#4978=EDGE_CURVE('',#6159,#6160,#598,.T.);
#4979=EDGE_CURVE('',#6161,#6159,#599,.T.);
#4980=EDGE_CURVE('',#6161,#6162,#600,.T.);
#4981=EDGE_CURVE('',#6162,#6160,#601,.T.);
#4982=EDGE_CURVE('',#6163,#6164,#602,.T.);
#4983=EDGE_CURVE('',#6163,#6165,#603,.T.);
#4984=EDGE_CURVE('',#6166,#6165,#604,.T.);
#4985=EDGE_CURVE('',#6164,#6166,#605,.T.);
#4986=EDGE_CURVE('',#6167,#6168,#606,.T.);
#4987=EDGE_CURVE('',#6167,#6169,#607,.T.);
#4988=EDGE_CURVE('',#6170,#6169,#608,.T.);
#4989=EDGE_CURVE('',#6168,#6170,#609,.T.);
#4990=EDGE_CURVE('',#6171,#6172,#610,.T.);
#4991=EDGE_CURVE('',#6172,#6173,#611,.T.);
#4992=EDGE_CURVE('',#6173,#6174,#612,.T.);
#4993=EDGE_CURVE('',#6174,#6171,#613,.T.);
#4994=EDGE_CURVE('',#6175,#6176,#614,.T.);
#4995=EDGE_CURVE('',#6176,#6177,#615,.T.);
#4996=EDGE_CURVE('',#6177,#6178,#616,.T.);
#4997=EDGE_CURVE('',#6178,#6175,#617,.T.);
#4998=EDGE_CURVE('',#6179,#6180,#618,.T.);
#4999=EDGE_CURVE('',#6180,#6181,#619,.T.);
#5000=EDGE_CURVE('',#6181,#6182,#620,.T.);
#5001=EDGE_CURVE('',#6182,#6183,#621,.T.);
#5002=EDGE_CURVE('',#6179,#6183,#175,.F.);
#5003=EDGE_CURVE('',#6184,#6185,#622,.T.);
#5004=EDGE_CURVE('',#6185,#6186,#623,.T.);
#5005=EDGE_CURVE('',#6186,#6187,#624,.T.);
#5006=EDGE_CURVE('',#6187,#6184,#625,.T.);
#5007=EDGE_CURVE('',#6188,#6189,#626,.T.);
#5008=EDGE_CURVE('',#6189,#6190,#627,.T.);
#5009=EDGE_CURVE('',#6190,#6191,#628,.T.);
#5010=EDGE_CURVE('',#6191,#6188,#629,.T.);
#5011=EDGE_CURVE('',#6192,#6193,#630,.T.);
#5012=EDGE_CURVE('',#6193,#6194,#631,.T.);
#5013=EDGE_CURVE('',#6194,#6195,#632,.T.);
#5014=EDGE_CURVE('',#6195,#6192,#633,.T.);
#5015=EDGE_CURVE('',#6196,#6197,#634,.T.);
#5016=EDGE_CURVE('',#6197,#6198,#635,.T.);
#5017=EDGE_CURVE('',#6198,#6199,#636,.T.);
#5018=EDGE_CURVE('',#6199,#6196,#637,.T.);
#5019=EDGE_CURVE('',#6200,#6201,#638,.T.);
#5020=EDGE_CURVE('',#6201,#6202,#639,.T.);
#5021=EDGE_CURVE('',#6202,#6203,#640,.T.);
#5022=EDGE_CURVE('',#6203,#6200,#641,.T.);
#5023=EDGE_CURVE('',#6204,#6205,#642,.T.);
#5024=EDGE_CURVE('',#6205,#6206,#643,.T.);
#5025=EDGE_CURVE('',#6206,#6207,#644,.T.);
#5026=EDGE_CURVE('',#6207,#6204,#645,.T.);
#5027=EDGE_CURVE('',#6208,#6209,#646,.T.);
#5028=EDGE_CURVE('',#6209,#6210,#647,.T.);
#5029=EDGE_CURVE('',#6210,#6211,#648,.T.);
#5030=EDGE_CURVE('',#6211,#6208,#649,.T.);
#5031=EDGE_CURVE('',#6212,#6213,#650,.T.);
#5032=EDGE_CURVE('',#6213,#6214,#651,.T.);
#5033=EDGE_CURVE('',#6214,#6215,#652,.T.);
#5034=EDGE_CURVE('',#6215,#6212,#653,.T.);
#5035=EDGE_CURVE('',#6216,#6217,#654,.T.);
#5036=EDGE_CURVE('',#6217,#6218,#655,.T.);
#5037=EDGE_CURVE('',#6218,#6219,#656,.T.);
#5038=EDGE_CURVE('',#6219,#6216,#657,.T.);
#5039=EDGE_CURVE('',#6220,#6221,#658,.T.);
#5040=EDGE_CURVE('',#6221,#6222,#659,.T.);
#5041=EDGE_CURVE('',#6222,#6223,#660,.T.);
#5042=EDGE_CURVE('',#6223,#6220,#661,.T.);
#5043=EDGE_CURVE('',#6224,#6225,#662,.T.);
#5044=EDGE_CURVE('',#6225,#6226,#663,.T.);
#5045=EDGE_CURVE('',#6226,#6227,#664,.T.);
#5046=EDGE_CURVE('',#6227,#6224,#665,.T.);
#5047=EDGE_CURVE('',#6228,#6229,#666,.T.);
#5048=EDGE_CURVE('',#6229,#6230,#667,.T.);
#5049=EDGE_CURVE('',#6230,#6231,#668,.T.);
#5050=EDGE_CURVE('',#6231,#6228,#669,.T.);
#5051=EDGE_CURVE('',#6232,#6233,#670,.T.);
#5052=EDGE_CURVE('',#6233,#6234,#671,.T.);
#5053=EDGE_CURVE('',#6234,#6235,#672,.T.);
#5054=EDGE_CURVE('',#6235,#6232,#673,.T.);
#5055=EDGE_CURVE('',#6236,#6237,#674,.T.);
#5056=EDGE_CURVE('',#6237,#6238,#675,.T.);
#5057=EDGE_CURVE('',#6238,#6239,#676,.T.);
#5058=EDGE_CURVE('',#6239,#6236,#677,.T.);
#5059=EDGE_CURVE('',#6240,#6241,#678,.T.);
#5060=EDGE_CURVE('',#6241,#6242,#679,.T.);
#5061=EDGE_CURVE('',#6242,#6243,#680,.T.);
#5062=EDGE_CURVE('',#6243,#6240,#681,.T.);
#5063=EDGE_CURVE('',#6244,#6245,#682,.T.);
#5064=EDGE_CURVE('',#6245,#6246,#683,.T.);
#5065=EDGE_CURVE('',#6247,#6246,#176,.F.);
#5066=EDGE_CURVE('',#6247,#6248,#684,.T.);
#5067=EDGE_CURVE('',#6248,#6244,#685,.T.);
#5068=EDGE_CURVE('',#6249,#6250,#686,.T.);
#5069=EDGE_CURVE('',#6250,#6251,#687,.T.);
#5070=EDGE_CURVE('',#6251,#6252,#688,.T.);
#5071=EDGE_CURVE('',#6252,#6249,#689,.T.);
#5072=EDGE_CURVE('',#6253,#6254,#690,.T.);
#5073=EDGE_CURVE('',#6255,#6254,#177,.F.);
#5074=EDGE_CURVE('',#6255,#6256,#691,.T.);
#5075=EDGE_CURVE('',#6256,#6257,#692,.T.);
#5076=EDGE_CURVE('',#6257,#6253,#693,.T.);
#5077=EDGE_CURVE('',#6258,#6259,#694,.T.);
#5078=EDGE_CURVE('',#6259,#6260,#695,.T.);
#5079=EDGE_CURVE('',#6260,#6261,#696,.T.);
#5080=EDGE_CURVE('',#6261,#6258,#697,.T.);
#5081=EDGE_CURVE('',#6262,#6263,#698,.T.);
#5082=EDGE_CURVE('',#6263,#6264,#699,.T.);
#5083=EDGE_CURVE('',#6264,#6265,#700,.T.);
#5084=EDGE_CURVE('',#6265,#6262,#701,.T.);
#5085=EDGE_CURVE('',#6266,#6267,#702,.T.);
#5086=EDGE_CURVE('',#6267,#6268,#703,.T.);
#5087=EDGE_CURVE('',#6268,#6269,#704,.T.);
#5088=EDGE_CURVE('',#6269,#6266,#705,.T.);
#5089=EDGE_CURVE('',#6270,#6271,#706,.T.);
#5090=EDGE_CURVE('',#6271,#6272,#707,.T.);
#5091=EDGE_CURVE('',#6272,#6273,#708,.T.);
#5092=EDGE_CURVE('',#6270,#6273,#178,.F.);
#5093=EDGE_CURVE('',#6274,#6275,#709,.T.);
#5094=EDGE_CURVE('',#6275,#6276,#710,.T.);
#5095=EDGE_CURVE('',#6276,#6277,#711,.T.);
#5096=EDGE_CURVE('',#6277,#6274,#712,.T.);
#5097=EDGE_CURVE('',#6278,#6279,#713,.T.);
#5098=EDGE_CURVE('',#6279,#6280,#714,.T.);
#5099=EDGE_CURVE('',#6280,#6281,#715,.T.);
#5100=EDGE_CURVE('',#6281,#6278,#716,.T.);
#5101=EDGE_CURVE('',#6282,#6283,#717,.T.);
#5102=EDGE_CURVE('',#6283,#6284,#718,.T.);
#5103=EDGE_CURVE('',#6284,#6285,#719,.T.);
#5104=EDGE_CURVE('',#6285,#6282,#720,.T.);
#5105=EDGE_CURVE('',#6286,#6287,#721,.T.);
#5106=EDGE_CURVE('',#6287,#6288,#722,.T.);
#5107=EDGE_CURVE('',#6288,#6289,#723,.T.);
#5108=EDGE_CURVE('',#6289,#6286,#724,.T.);
#5109=EDGE_CURVE('',#6290,#6291,#725,.T.);
#5110=EDGE_CURVE('',#6291,#6292,#726,.T.);
#5111=EDGE_CURVE('',#6292,#6293,#727,.T.);
#5112=EDGE_CURVE('',#6293,#6290,#728,.T.);
#5113=EDGE_CURVE('',#6294,#6295,#729,.T.);
#5114=EDGE_CURVE('',#6296,#6295,#179,.F.);
#5115=EDGE_CURVE('',#6296,#6297,#730,.T.);
#5116=EDGE_CURVE('',#6297,#6294,#731,.T.);
#5117=EDGE_CURVE('',#6298,#6299,#732,.T.);
#5118=EDGE_CURVE('',#6299,#6300,#733,.T.);
#5119=EDGE_CURVE('',#6300,#6301,#734,.T.);
#5120=EDGE_CURVE('',#6301,#6302,#735,.T.);
#5121=EDGE_CURVE('',#6298,#6302,#180,.F.);
#5122=EDGE_CURVE('',#6303,#6304,#736,.T.);
#5123=EDGE_CURVE('',#6305,#6304,#181,.F.);
#5124=EDGE_CURVE('',#6305,#6306,#737,.T.);
#5125=EDGE_CURVE('',#6306,#6303,#738,.T.);
#5126=EDGE_CURVE('',#6307,#6153,#739,.T.);
#5127=EDGE_CURVE('',#6307,#6308,#740,.T.);
#5128=EDGE_CURVE('',#6308,#6154,#741,.T.);
#5129=EDGE_CURVE('',#6309,#6310,#742,.T.);
#5130=EDGE_CURVE('',#6310,#6311,#743,.T.);
#5131=EDGE_CURVE('',#6312,#6311,#744,.T.);
#5132=EDGE_CURVE('',#6309,#6312,#745,.T.);
#5133=EDGE_CURVE('',#6313,#6313,#182,.F.);
#5134=EDGE_CURVE('',#6314,#6314,#183,.F.);
#5135=EDGE_CURVE('',#6315,#6316,#746,.T.);
#5136=EDGE_CURVE('',#6317,#6316,#184,.F.);
#5137=EDGE_CURVE('',#6317,#6318,#747,.T.);
#5138=EDGE_CURVE('',#6318,#6315,#748,.T.);
#5139=EDGE_CURVE('',#6319,#6320,#749,.T.);
#5140=EDGE_CURVE('',#6321,#6320,#185,.F.);
#5141=EDGE_CURVE('',#6321,#6322,#750,.T.);
#5142=EDGE_CURVE('',#6322,#6319,#751,.T.);
#5143=EDGE_CURVE('',#6323,#6324,#752,.T.);
#5144=EDGE_CURVE('',#6325,#6324,#186,.F.);
#5145=EDGE_CURVE('',#6325,#6326,#753,.T.);
#5146=EDGE_CURVE('',#6326,#6327,#754,.T.);
#5147=EDGE_CURVE('',#6327,#6323,#755,.T.);
#5148=EDGE_CURVE('',#6328,#6329,#756,.T.);
#5149=EDGE_CURVE('',#6329,#6330,#757,.T.);
#5150=EDGE_CURVE('',#6331,#6330,#187,.F.);
#5151=EDGE_CURVE('',#6331,#6332,#758,.T.);
#5152=EDGE_CURVE('',#6332,#6328,#759,.T.);
#5153=EDGE_CURVE('',#6333,#6334,#760,.T.);
#5154=EDGE_CURVE('',#6334,#6335,#761,.T.);
#5155=EDGE_CURVE('',#6335,#6336,#762,.T.);
#5156=EDGE_CURVE('',#6333,#6336,#188,.F.);
#5157=EDGE_CURVE('',#6337,#6338,#763,.T.);
#5158=EDGE_CURVE('',#6338,#6339,#764,.T.);
#5159=EDGE_CURVE('',#6339,#6340,#765,.T.);
#5160=EDGE_CURVE('',#6340,#6337,#766,.T.);
#5161=EDGE_CURVE('',#6341,#6342,#767,.T.);
#5162=EDGE_CURVE('',#6342,#6343,#768,.T.);
#5163=EDGE_CURVE('',#6343,#6344,#769,.T.);
#5164=EDGE_CURVE('',#6344,#6341,#770,.T.);
#5165=EDGE_CURVE('',#6345,#6346,#771,.T.);
#5166=EDGE_CURVE('',#6347,#6346,#189,.F.);
#5167=EDGE_CURVE('',#6347,#6348,#772,.T.);
#5168=EDGE_CURVE('',#6348,#6345,#773,.T.);
#5169=EDGE_CURVE('',#6349,#6350,#774,.T.);
#5170=EDGE_CURVE('',#6350,#6351,#775,.T.);
#5171=EDGE_CURVE('',#6351,#6352,#776,.T.);
#5172=EDGE_CURVE('',#6352,#6349,#777,.T.);
#5173=EDGE_CURVE('',#6353,#6354,#778,.T.);
#5174=EDGE_CURVE('',#6354,#6355,#779,.T.);
#5175=EDGE_CURVE('',#6355,#6356,#780,.T.);
#5176=EDGE_CURVE('',#6356,#6353,#781,.T.);
#5177=EDGE_CURVE('',#6357,#6358,#782,.T.);
#5178=EDGE_CURVE('',#6358,#6359,#783,.T.);
#5179=EDGE_CURVE('',#6359,#6360,#784,.T.);
#5180=EDGE_CURVE('',#6357,#6360,#190,.F.);
#5181=EDGE_CURVE('',#6361,#6362,#785,.T.);
#5182=EDGE_CURVE('',#6363,#6362,#191,.F.);
#5183=EDGE_CURVE('',#6363,#6364,#786,.T.);
#5184=EDGE_CURVE('',#6364,#6361,#787,.T.);
#5185=EDGE_CURVE('',#6365,#6366,#788,.T.);
#5186=EDGE_CURVE('',#6367,#6366,#192,.F.);
#5187=EDGE_CURVE('',#6367,#6368,#789,.T.);
#5188=EDGE_CURVE('',#6368,#6365,#790,.T.);
#5189=EDGE_CURVE('',#6369,#6370,#791,.T.);
#5190=EDGE_CURVE('',#6370,#6371,#792,.T.);
#5191=EDGE_CURVE('',#6371,#6372,#793,.T.);
#5192=EDGE_CURVE('',#6372,#6369,#794,.T.);
#5193=EDGE_CURVE('',#6373,#6374,#795,.T.);
#5194=EDGE_CURVE('',#6374,#6375,#796,.T.);
#5195=EDGE_CURVE('',#6375,#6376,#797,.T.);
#5196=EDGE_CURVE('',#6376,#6373,#798,.T.);
#5197=EDGE_CURVE('',#6377,#6378,#799,.T.);
#5198=EDGE_CURVE('',#6378,#6379,#800,.T.);
#5199=EDGE_CURVE('',#6379,#6380,#801,.T.);
#5200=EDGE_CURVE('',#6380,#6377,#802,.T.);
#5201=EDGE_CURVE('',#6381,#6382,#803,.T.);
#5202=EDGE_CURVE('',#6382,#6383,#804,.T.);
#5203=EDGE_CURVE('',#6384,#6383,#193,.F.);
#5204=EDGE_CURVE('',#6384,#6385,#805,.T.);
#5205=EDGE_CURVE('',#6385,#6381,#806,.T.);
#5206=EDGE_CURVE('',#6386,#6387,#807,.T.);
#5207=EDGE_CURVE('',#6387,#6388,#808,.T.);
#5208=EDGE_CURVE('',#6388,#6389,#809,.T.);
#5209=EDGE_CURVE('',#6389,#6386,#810,.T.);
#5210=EDGE_CURVE('',#6390,#6391,#811,.T.);
#5211=EDGE_CURVE('',#6391,#6392,#812,.T.);
#5212=EDGE_CURVE('',#6392,#6393,#813,.T.);
#5213=EDGE_CURVE('',#6393,#6390,#814,.T.);
#5214=EDGE_CURVE('',#6394,#6395,#815,.T.);
#5215=EDGE_CURVE('',#6396,#6395,#194,.F.);
#5216=EDGE_CURVE('',#6396,#6397,#816,.T.);
#5217=EDGE_CURVE('',#6397,#6394,#817,.T.);
#5218=EDGE_CURVE('',#6398,#6399,#818,.T.);
#5219=EDGE_CURVE('',#6400,#6399,#195,.F.);
#5220=EDGE_CURVE('',#6400,#6401,#819,.T.);
#5221=EDGE_CURVE('',#6401,#6398,#820,.T.);
#5222=EDGE_CURVE('',#6402,#6403,#821,.T.);
#5223=EDGE_CURVE('',#6404,#6403,#196,.F.);
#5224=EDGE_CURVE('',#6404,#6405,#822,.T.);
#5225=EDGE_CURVE('',#6405,#6406,#823,.T.);
#5226=EDGE_CURVE('',#6406,#6402,#824,.T.);
#5227=EDGE_CURVE('',#6407,#6408,#825,.T.);
#5228=EDGE_CURVE('',#6408,#6409,#826,.T.);
#5229=EDGE_CURVE('',#6409,#6410,#827,.T.);
#5230=EDGE_CURVE('',#6410,#6407,#828,.T.);
#5231=EDGE_CURVE('',#6411,#6412,#829,.T.);
#5232=EDGE_CURVE('',#6412,#6413,#830,.T.);
#5233=EDGE_CURVE('',#6413,#6414,#831,.T.);
#5234=EDGE_CURVE('',#6414,#6411,#832,.T.);
#5235=EDGE_CURVE('',#6415,#6416,#833,.T.);
#5236=EDGE_CURVE('',#6416,#6417,#834,.T.);
#5237=EDGE_CURVE('',#6417,#6418,#835,.T.);
#5238=EDGE_CURVE('',#6418,#6415,#836,.T.);
#5239=EDGE_CURVE('',#6419,#6420,#837,.T.);
#5240=EDGE_CURVE('',#6420,#6421,#838,.T.);
#5241=EDGE_CURVE('',#6421,#6422,#839,.T.);
#5242=EDGE_CURVE('',#6422,#6419,#840,.T.);
#5243=EDGE_CURVE('',#6423,#6424,#841,.T.);
#5244=EDGE_CURVE('',#6424,#6425,#842,.T.);
#5245=EDGE_CURVE('',#6425,#6426,#843,.T.);
#5246=EDGE_CURVE('',#6426,#6423,#844,.T.);
#5247=EDGE_CURVE('',#6427,#6428,#845,.T.);
#5248=EDGE_CURVE('',#6428,#6429,#846,.T.);
#5249=EDGE_CURVE('',#6429,#6430,#847,.T.);
#5250=EDGE_CURVE('',#6430,#6427,#848,.T.);
#5251=EDGE_CURVE('',#6431,#6432,#849,.T.);
#5252=EDGE_CURVE('',#6432,#6433,#850,.T.);
#5253=EDGE_CURVE('',#6433,#6434,#851,.T.);
#5254=EDGE_CURVE('',#6434,#6431,#852,.T.);
#5255=EDGE_CURVE('',#6435,#6436,#853,.T.);
#5256=EDGE_CURVE('',#6436,#6437,#854,.T.);
#5257=EDGE_CURVE('',#6437,#6438,#855,.T.);
#5258=EDGE_CURVE('',#6438,#6435,#856,.T.);
#5259=EDGE_CURVE('',#6439,#6440,#857,.T.);
#5260=EDGE_CURVE('',#6440,#6441,#858,.T.);
#5261=EDGE_CURVE('',#6441,#6442,#859,.T.);
#5262=EDGE_CURVE('',#6442,#6439,#860,.T.);
#5263=EDGE_CURVE('',#6443,#6444,#861,.T.);
#5264=EDGE_CURVE('',#6444,#6445,#862,.T.);
#5265=EDGE_CURVE('',#6445,#6446,#863,.T.);
#5266=EDGE_CURVE('',#6446,#6443,#864,.T.);
#5267=EDGE_CURVE('',#6447,#6448,#865,.T.);
#5268=EDGE_CURVE('',#6448,#6449,#866,.T.);
#5269=EDGE_CURVE('',#6449,#6450,#867,.T.);
#5270=EDGE_CURVE('',#6450,#6447,#868,.T.);
#5271=EDGE_CURVE('',#6451,#6452,#869,.T.);
#5272=EDGE_CURVE('',#6452,#6453,#870,.T.);
#5273=EDGE_CURVE('',#6453,#6454,#871,.T.);
#5274=EDGE_CURVE('',#6454,#6451,#872,.T.);
#5275=EDGE_CURVE('',#6455,#6456,#873,.T.);
#5276=EDGE_CURVE('',#6456,#6457,#874,.T.);
#5277=EDGE_CURVE('',#6457,#6458,#875,.T.);
#5278=EDGE_CURVE('',#6458,#6455,#876,.T.);
#5279=EDGE_CURVE('',#6459,#6460,#877,.T.);
#5280=EDGE_CURVE('',#6460,#6461,#878,.T.);
#5281=EDGE_CURVE('',#6461,#6462,#879,.T.);
#5282=EDGE_CURVE('',#6462,#6459,#880,.T.);
#5283=EDGE_CURVE('',#6463,#6464,#881,.T.);
#5284=EDGE_CURVE('',#6464,#6465,#882,.T.);
#5285=EDGE_CURVE('',#6465,#6466,#883,.T.);
#5286=EDGE_CURVE('',#6466,#6463,#884,.T.);
#5287=EDGE_CURVE('',#6467,#6467,#197,.T.);
#5288=EDGE_CURVE('',#6468,#6468,#198,.T.);
#5289=EDGE_CURVE('',#6469,#6469,#199,.T.);
#5290=EDGE_CURVE('',#6470,#6470,#200,.T.);
#5291=EDGE_CURVE('',#6471,#6471,#201,.T.);
#5292=EDGE_CURVE('',#6472,#6472,#202,.T.);
#5293=EDGE_CURVE('',#6473,#6473,#203,.T.);
#5294=EDGE_CURVE('',#6474,#6474,#204,.T.);
#5295=EDGE_CURVE('',#6475,#6475,#205,.T.);
#5296=EDGE_CURVE('',#6476,#6476,#206,.T.);
#5297=EDGE_CURVE('',#6149,#6477,#207,.F.);
#5298=EDGE_CURVE('',#6478,#6477,#885,.T.);
#5299=EDGE_CURVE('',#6478,#6479,#208,.F.);
#5300=EDGE_CURVE('',#6479,#6480,#886,.T.);
#5301=EDGE_CURVE('',#6480,#6481,#209,.F.);
#5302=EDGE_CURVE('',#6481,#6482,#887,.T.);
#5303=EDGE_CURVE('',#6482,#6150,#210,.F.);
#5304=EDGE_CURVE('',#6483,#6151,#888,.T.);
#5305=EDGE_CURVE('',#6484,#6152,#889,.T.);
#5306=EDGE_CURVE('',#6483,#6484,#890,.T.);
#5307=EDGE_CURVE('',#6485,#6309,#891,.T.);
#5308=EDGE_CURVE('',#6485,#6486,#892,.T.);
#5309=EDGE_CURVE('',#6486,#6310,#893,.T.);
#5310=EDGE_CURVE('',#6487,#6312,#894,.T.);
#5311=EDGE_CURVE('',#6487,#6485,#895,.F.);
#5312=EDGE_CURVE('',#6488,#6311,#896,.T.);
#5313=EDGE_CURVE('',#6488,#6487,#897,.F.);
#5314=EDGE_CURVE('',#6489,#6166,#898,.T.);
#5315=EDGE_CURVE('',#6489,#6490,#899,.F.);
#5316=EDGE_CURVE('',#6490,#6164,#900,.T.);
#5317=EDGE_CURVE('',#6491,#6170,#901,.T.);
#5318=EDGE_CURVE('',#6491,#6492,#902,.F.);
#5319=EDGE_CURVE('',#6492,#6168,#903,.T.);
#5320=EDGE_CURVE('',#6493,#6169,#904,.T.);
#5321=EDGE_CURVE('',#6493,#6491,#905,.F.);
#5322=EDGE_CURVE('',#6494,#6167,#906,.T.);
#5323=EDGE_CURVE('',#6494,#6493,#907,.T.);
#5324=EDGE_CURVE('',#6495,#6163,#908,.T.);
#5325=EDGE_CURVE('',#6495,#6496,#909,.T.);
#5326=EDGE_CURVE('',#6496,#6165,#910,.T.);
#5327=EDGE_CURVE('',#6497,#6162,#911,.T.);
#5328=EDGE_CURVE('',#6497,#6498,#912,.T.);
#5329=EDGE_CURVE('',#6498,#6160,#913,.T.);
#5330=EDGE_CURVE('',#6499,#6161,#914,.T.);
#5331=EDGE_CURVE('',#6499,#6497,#915,.T.);
#5332=EDGE_CURVE('',#6479,#6500,#916,.F.);
#5333=EDGE_CURVE('',#6500,#6501,#917,.T.);
#5334=EDGE_CURVE('',#6501,#6480,#918,.T.);
#5335=EDGE_CURVE('',#6477,#6502,#919,.F.);
#5336=EDGE_CURVE('',#6502,#6503,#920,.F.);
#5337=EDGE_CURVE('',#6503,#6478,#921,.T.);
#5338=EDGE_CURVE('',#6504,#6159,#922,.T.);
#5339=EDGE_CURVE('',#6504,#6499,#923,.F.);
#5340=EDGE_CURVE('',#6481,#6505,#924,.F.);
#5341=EDGE_CURVE('',#6505,#6506,#925,.T.);
#5342=EDGE_CURVE('',#6506,#6482,#926,.T.);
#5343=EDGE_CURVE('',#6486,#6488,#927,.T.);
#5344=EDGE_CURVE('',#6307,#6483,#928,.T.);
#5345=EDGE_CURVE('',#6308,#6484,#929,.T.);
#5346=EDGE_CURVE('',#6507,#6507,#211,.T.);
#5347=EDGE_CURVE('',#6508,#6508,#212,.T.);
#5348=EDGE_CURVE('',#6509,#6509,#213,.T.);
#5349=EDGE_CURVE('',#6510,#6510,#214,.T.);
#5350=EDGE_CURVE('',#6511,#6511,#215,.T.);
#5351=EDGE_CURVE('',#6512,#6512,#216,.F.);
#5352=EDGE_CURVE('',#6513,#6513,#217,.T.);
#5353=EDGE_CURVE('',#6317,#6091,#930,.T.);
#5354=EDGE_CURVE('',#6318,#6093,#931,.T.);
#5355=EDGE_CURVE('',#6316,#6090,#932,.T.);
#5356=EDGE_CURVE('',#6315,#6092,#933,.T.);
#5357=EDGE_CURVE('',#6305,#6087,#934,.T.);
#5358=EDGE_CURVE('',#6306,#6089,#935,.T.);
#5359=EDGE_CURVE('',#6304,#6086,#936,.T.);
#5360=EDGE_CURVE('',#6303,#6088,#937,.T.);
#5361=EDGE_CURVE('',#6321,#6083,#938,.T.);
#5362=EDGE_CURVE('',#6322,#6085,#939,.T.);
#5363=EDGE_CURVE('',#6320,#6082,#940,.T.);
#5364=EDGE_CURVE('',#6319,#6084,#941,.T.);
#5365=EDGE_CURVE('',#6302,#6080,#942,.T.);
#5366=EDGE_CURVE('',#6298,#6079,#943,.T.);
#5367=EDGE_CURVE('',#6301,#6081,#944,.T.);
#5368=EDGE_CURVE('',#6300,#6077,#945,.T.);
#5369=EDGE_CURVE('',#6299,#6078,#946,.T.);
#5370=EDGE_CURVE('',#6326,#6076,#947,.T.);
#5371=EDGE_CURVE('',#6327,#6075,#948,.T.);
#5372=EDGE_CURVE('',#6325,#6073,#949,.T.);
#5373=EDGE_CURVE('',#6323,#6074,#950,.T.);
#5374=EDGE_CURVE('',#6324,#6072,#951,.T.);
#5375=EDGE_CURVE('',#6296,#6069,#952,.T.);
#5376=EDGE_CURVE('',#6297,#6071,#953,.T.);
#5377=EDGE_CURVE('',#6295,#6068,#954,.T.);
#5378=EDGE_CURVE('',#6294,#6070,#955,.T.);
#5379=EDGE_CURVE('',#6331,#6067,#956,.T.);
#5380=EDGE_CURVE('',#6332,#6066,#957,.T.);
#5381=EDGE_CURVE('',#6330,#6063,#958,.T.);
#5382=EDGE_CURVE('',#6328,#6065,#959,.T.);
#5383=EDGE_CURVE('',#6329,#6064,#960,.T.);
#5384=EDGE_CURVE('',#6292,#6059,#961,.T.);
#5385=EDGE_CURVE('',#6293,#6062,#962,.T.);
#5386=EDGE_CURVE('',#6291,#6060,#963,.T.);
#5387=EDGE_CURVE('',#6290,#6061,#964,.T.);
#5388=EDGE_CURVE('',#6336,#6058,#965,.T.);
#5389=EDGE_CURVE('',#6333,#6057,#966,.T.);
#5390=EDGE_CURVE('',#6335,#6055,#967,.T.);
#5391=EDGE_CURVE('',#6334,#6056,#968,.T.);
#5392=EDGE_CURVE('',#6288,#6051,#969,.T.);
#5393=EDGE_CURVE('',#6289,#6054,#970,.T.);
#5394=EDGE_CURVE('',#6287,#6052,#971,.T.);
#5395=EDGE_CURVE('',#6286,#6053,#972,.T.);
#5396=EDGE_CURVE('',#6339,#6047,#973,.T.);
#5397=EDGE_CURVE('',#6340,#6050,#974,.T.);
#5398=EDGE_CURVE('',#6338,#6048,#975,.T.);
#5399=EDGE_CURVE('',#6337,#6049,#976,.T.);
#5400=EDGE_CURVE('',#6284,#6043,#977,.T.);
#5401=EDGE_CURVE('',#6285,#6046,#978,.T.);
#5402=EDGE_CURVE('',#6283,#6044,#979,.T.);
#5403=EDGE_CURVE('',#6282,#6045,#980,.T.);
#5404=EDGE_CURVE('',#6343,#6039,#981,.T.);
#5405=EDGE_CURVE('',#6344,#6042,#982,.T.);
#5406=EDGE_CURVE('',#6342,#6040,#983,.T.);
#5407=EDGE_CURVE('',#6341,#6041,#984,.T.);
#5408=EDGE_CURVE('',#6280,#6035,#985,.T.);
#5409=EDGE_CURVE('',#6281,#6038,#986,.T.);
#5410=EDGE_CURVE('',#6279,#6036,#987,.T.);
#5411=EDGE_CURVE('',#6278,#6037,#988,.T.);
#5412=EDGE_CURVE('',#6348,#6097,#989,.T.);
#5413=EDGE_CURVE('',#6345,#6096,#990,.T.);
#5414=EDGE_CURVE('',#6347,#6095,#991,.T.);
#5415=EDGE_CURVE('',#6346,#6094,#992,.T.);
#5416=EDGE_CURVE('',#6351,#6031,#993,.T.);
#5417=EDGE_CURVE('',#6352,#6034,#994,.T.);
#5418=EDGE_CURVE('',#6350,#6032,#995,.T.);
#5419=EDGE_CURVE('',#6349,#6033,#996,.T.);
#5420=EDGE_CURVE('',#6276,#6027,#997,.T.);
#5421=EDGE_CURVE('',#6277,#6030,#998,.T.);
#5422=EDGE_CURVE('',#6275,#6028,#999,.T.);
#5423=EDGE_CURVE('',#6274,#6029,#1000,.T.);
#5424=EDGE_CURVE('',#6355,#6023,#1001,.T.);
#5425=EDGE_CURVE('',#6356,#6026,#1002,.T.);
#5426=EDGE_CURVE('',#6354,#6024,#1003,.T.);
#5427=EDGE_CURVE('',#6353,#6025,#1004,.T.);
#5428=EDGE_CURVE('',#6273,#6022,#1005,.T.);
#5429=EDGE_CURVE('',#6270,#6021,#1006,.T.);
#5430=EDGE_CURVE('',#6272,#6019,#1007,.T.);
#5431=EDGE_CURVE('',#6271,#6020,#1008,.T.);
#5432=EDGE_CURVE('',#6360,#6018,#1009,.T.);
#5433=EDGE_CURVE('',#6357,#6017,#1010,.T.);
#5434=EDGE_CURVE('',#6359,#6015,#1011,.T.);
#5435=EDGE_CURVE('',#6358,#6016,#1012,.T.);
#5436=EDGE_CURVE('',#6268,#6011,#1013,.T.);
#5437=EDGE_CURVE('',#6269,#6014,#1014,.T.);
#5438=EDGE_CURVE('',#6267,#6012,#1015,.T.);
#5439=EDGE_CURVE('',#6266,#6013,#1016,.T.);
#5440=EDGE_CURVE('',#6364,#6101,#1017,.T.);
#5441=EDGE_CURVE('',#6361,#6100,#1018,.T.);
#5442=EDGE_CURVE('',#6363,#6099,#1019,.T.);
#5443=EDGE_CURVE('',#6362,#6098,#1020,.T.);
#5444=EDGE_CURVE('',#6368,#6105,#1021,.T.);
#5445=EDGE_CURVE('',#6365,#6104,#1022,.T.);
#5446=EDGE_CURVE('',#6367,#6103,#1023,.T.);
#5447=EDGE_CURVE('',#6366,#6102,#1024,.T.);
#5448=EDGE_CURVE('',#6371,#6007,#1025,.T.);
#5449=EDGE_CURVE('',#6372,#6010,#1026,.T.);
#5450=EDGE_CURVE('',#6370,#6008,#1027,.T.);
#5451=EDGE_CURVE('',#6369,#6009,#1028,.T.);
#5452=EDGE_CURVE('',#6264,#6003,#1029,.T.);
#5453=EDGE_CURVE('',#6265,#6006,#1030,.T.);
#5454=EDGE_CURVE('',#6263,#6004,#1031,.T.);
#5455=EDGE_CURVE('',#6262,#6005,#1032,.T.);
#5456=EDGE_CURVE('',#6375,#5999,#1033,.T.);
#5457=EDGE_CURVE('',#6376,#6002,#1034,.T.);
#5458=EDGE_CURVE('',#6374,#6000,#1035,.T.);
#5459=EDGE_CURVE('',#6373,#6001,#1036,.T.);
#5460=EDGE_CURVE('',#6260,#5995,#1037,.T.);
#5461=EDGE_CURVE('',#6261,#5998,#1038,.T.);
#5462=EDGE_CURVE('',#6259,#5996,#1039,.T.);
#5463=EDGE_CURVE('',#6258,#5997,#1040,.T.);
#5464=EDGE_CURVE('',#6379,#5991,#1041,.T.);
#5465=EDGE_CURVE('',#6380,#5994,#1042,.T.);
#5466=EDGE_CURVE('',#6378,#5992,#1043,.T.);
#5467=EDGE_CURVE('',#6377,#5993,#1044,.T.);
#5468=EDGE_CURVE('',#6257,#6109,#1045,.T.);
#5469=EDGE_CURVE('',#6253,#6108,#1046,.T.);
#5470=EDGE_CURVE('',#6256,#6110,#1047,.T.);
#5471=EDGE_CURVE('',#6254,#6106,#1048,.T.);
#5472=EDGE_CURVE('',#6255,#6107,#1049,.T.);
#5473=EDGE_CURVE('',#6251,#5987,#1050,.T.);
#5474=EDGE_CURVE('',#6252,#5990,#1051,.T.);
#5475=EDGE_CURVE('',#6250,#5988,#1052,.T.);
#5476=EDGE_CURVE('',#6249,#5989,#1053,.T.);
#5477=EDGE_CURVE('',#6384,#5986,#1054,.T.);
#5478=EDGE_CURVE('',#6385,#5985,#1055,.T.);
#5479=EDGE_CURVE('',#6383,#5982,#1056,.T.);
#5480=EDGE_CURVE('',#6381,#5984,#1057,.T.);
#5481=EDGE_CURVE('',#6382,#5983,#1058,.T.);
#5482=EDGE_CURVE('',#6247,#5981,#1059,.T.);
#5483=EDGE_CURVE('',#6248,#5980,#1060,.T.);
#5484=EDGE_CURVE('',#6246,#5977,#1061,.T.);
#5485=EDGE_CURVE('',#6244,#5979,#1062,.T.);
#5486=EDGE_CURVE('',#6245,#5978,#1063,.T.);
#5487=EDGE_CURVE('',#6388,#5973,#1064,.T.);
#5488=EDGE_CURVE('',#6389,#5976,#1065,.T.);
#5489=EDGE_CURVE('',#6387,#5974,#1066,.T.);
#5490=EDGE_CURVE('',#6386,#5975,#1067,.T.);
#5491=EDGE_CURVE('',#6242,#5969,#1068,.T.);
#5492=EDGE_CURVE('',#6243,#5972,#1069,.T.);
#5493=EDGE_CURVE('',#6241,#5970,#1070,.T.);
#5494=EDGE_CURVE('',#6240,#5971,#1071,.T.);
#5495=EDGE_CURVE('',#6392,#5965,#1072,.T.);
#5496=EDGE_CURVE('',#6393,#5968,#1073,.T.);
#5497=EDGE_CURVE('',#6391,#5966,#1074,.T.);
#5498=EDGE_CURVE('',#6390,#5967,#1075,.T.);
#5499=EDGE_CURVE('',#6238,#5961,#1076,.T.);
#5500=EDGE_CURVE('',#6239,#5964,#1077,.T.);
#5501=EDGE_CURVE('',#6237,#5962,#1078,.T.);
#5502=EDGE_CURVE('',#6236,#5963,#1079,.T.);
#5503=EDGE_CURVE('',#6396,#5958,#1080,.T.);
#5504=EDGE_CURVE('',#6397,#5960,#1081,.T.);
#5505=EDGE_CURVE('',#6395,#5957,#1082,.T.);
#5506=EDGE_CURVE('',#6394,#5959,#1083,.T.);
#5507=EDGE_CURVE('',#6234,#5953,#1084,.T.);
#5508=EDGE_CURVE('',#6235,#5956,#1085,.T.);
#5509=EDGE_CURVE('',#6233,#5954,#1086,.T.);
#5510=EDGE_CURVE('',#6232,#5955,#1087,.T.);
#5511=EDGE_CURVE('',#6401,#6114,#1088,.T.);
#5512=EDGE_CURVE('',#6398,#6113,#1089,.T.);
#5513=EDGE_CURVE('',#6400,#6112,#1090,.T.);
#5514=EDGE_CURVE('',#6399,#6111,#1091,.T.);
#5515=EDGE_CURVE('',#6405,#5952,#1092,.T.);
#5516=EDGE_CURVE('',#6406,#5951,#1093,.T.);
#5517=EDGE_CURVE('',#6404,#5949,#1094,.T.);
#5518=EDGE_CURVE('',#6402,#5950,#1095,.T.);
#5519=EDGE_CURVE('',#6403,#5948,#1096,.T.);
#5520=EDGE_CURVE('',#6230,#5944,#1097,.T.);
#5521=EDGE_CURVE('',#6231,#5947,#1098,.T.);
#5522=EDGE_CURVE('',#6229,#5945,#1099,.T.);
#5523=EDGE_CURVE('',#6228,#5946,#1100,.T.);
#5524=EDGE_CURVE('',#6409,#5940,#1101,.T.);
#5525=EDGE_CURVE('',#6410,#5943,#1102,.T.);
#5526=EDGE_CURVE('',#6408,#5941,#1103,.T.);
#5527=EDGE_CURVE('',#6407,#5942,#1104,.T.);
#5528=EDGE_CURVE('',#6226,#5936,#1105,.T.);
#5529=EDGE_CURVE('',#6227,#5939,#1106,.T.);
#5530=EDGE_CURVE('',#6225,#5937,#1107,.T.);
#5531=EDGE_CURVE('',#6224,#5938,#1108,.T.);
#5532=EDGE_CURVE('',#6413,#5932,#1109,.T.);
#5533=EDGE_CURVE('',#6414,#5935,#1110,.T.);
#5534=EDGE_CURVE('',#6412,#5933,#1111,.T.);
#5535=EDGE_CURVE('',#6411,#5934,#1112,.T.);
#5536=EDGE_CURVE('',#6222,#5928,#1113,.T.);
#5537=EDGE_CURVE('',#6223,#5931,#1114,.T.);
#5538=EDGE_CURVE('',#6221,#5929,#1115,.T.);
#5539=EDGE_CURVE('',#6220,#5930,#1116,.T.);
#5540=EDGE_CURVE('',#6417,#5924,#1117,.T.);
#5541=EDGE_CURVE('',#6418,#5927,#1118,.T.);
#5542=EDGE_CURVE('',#6416,#5925,#1119,.T.);
#5543=EDGE_CURVE('',#6415,#5926,#1120,.T.);
#5544=EDGE_CURVE('',#6218,#5920,#1121,.T.);
#5545=EDGE_CURVE('',#6219,#5923,#1122,.T.);
#5546=EDGE_CURVE('',#6217,#5921,#1123,.T.);
#5547=EDGE_CURVE('',#6216,#5922,#1124,.T.);
#5548=EDGE_CURVE('',#6421,#5916,#1125,.T.);
#5549=EDGE_CURVE('',#6422,#5919,#1126,.T.);
#5550=EDGE_CURVE('',#6420,#5917,#1127,.T.);
#5551=EDGE_CURVE('',#6419,#5918,#1128,.T.);
#5552=EDGE_CURVE('',#6214,#5912,#1129,.T.);
#5553=EDGE_CURVE('',#6215,#5915,#1130,.T.);
#5554=EDGE_CURVE('',#6213,#5913,#1131,.T.);
#5555=EDGE_CURVE('',#6212,#5914,#1132,.T.);
#5556=EDGE_CURVE('',#6425,#5908,#1133,.T.);
#5557=EDGE_CURVE('',#6426,#5911,#1134,.T.);
#5558=EDGE_CURVE('',#6424,#5909,#1135,.T.);
#5559=EDGE_CURVE('',#6423,#5910,#1136,.T.);
#5560=EDGE_CURVE('',#6210,#5904,#1137,.T.);
#5561=EDGE_CURVE('',#6211,#5907,#1138,.T.);
#5562=EDGE_CURVE('',#6209,#5905,#1139,.T.);
#5563=EDGE_CURVE('',#6208,#5906,#1140,.T.);
#5564=EDGE_CURVE('',#6429,#5900,#1141,.T.);
#5565=EDGE_CURVE('',#6430,#5903,#1142,.T.);
#5566=EDGE_CURVE('',#6428,#5901,#1143,.T.);
#5567=EDGE_CURVE('',#6427,#5902,#1144,.T.);
#5568=EDGE_CURVE('',#6206,#5896,#1145,.T.);
#5569=EDGE_CURVE('',#6207,#5899,#1146,.T.);
#5570=EDGE_CURVE('',#6205,#5897,#1147,.T.);
#5571=EDGE_CURVE('',#6204,#5898,#1148,.T.);
#5572=EDGE_CURVE('',#6433,#5892,#1149,.T.);
#5573=EDGE_CURVE('',#6434,#5895,#1150,.T.);
#5574=EDGE_CURVE('',#6432,#5893,#1151,.T.);
#5575=EDGE_CURVE('',#6431,#5894,#1152,.T.);
#5576=EDGE_CURVE('',#6202,#5888,#1153,.T.);
#5577=EDGE_CURVE('',#6203,#5891,#1154,.T.);
#5578=EDGE_CURVE('',#6201,#5889,#1155,.T.);
#5579=EDGE_CURVE('',#6200,#5890,#1156,.T.);
#5580=EDGE_CURVE('',#6437,#5884,#1157,.T.);
#5581=EDGE_CURVE('',#6438,#5887,#1158,.T.);
#5582=EDGE_CURVE('',#6436,#5885,#1159,.T.);
#5583=EDGE_CURVE('',#6435,#5886,#1160,.T.);
#5584=EDGE_CURVE('',#6198,#5880,#1161,.T.);
#5585=EDGE_CURVE('',#6199,#5883,#1162,.T.);
#5586=EDGE_CURVE('',#6197,#5881,#1163,.T.);
#5587=EDGE_CURVE('',#6196,#5882,#1164,.T.);
#5588=EDGE_CURVE('',#6441,#5876,#1165,.T.);
#5589=EDGE_CURVE('',#6442,#5879,#1166,.T.);
#5590=EDGE_CURVE('',#6440,#5877,#1167,.T.);
#5591=EDGE_CURVE('',#6439,#5878,#1168,.T.);
#5592=EDGE_CURVE('',#6194,#5872,#1169,.T.);
#5593=EDGE_CURVE('',#6195,#5875,#1170,.T.);
#5594=EDGE_CURVE('',#6193,#5873,#1171,.T.);
#5595=EDGE_CURVE('',#6192,#5874,#1172,.T.);
#5596=EDGE_CURVE('',#6445,#5868,#1173,.T.);
#5597=EDGE_CURVE('',#6446,#5871,#1174,.T.);
#5598=EDGE_CURVE('',#6444,#5869,#1175,.T.);
#5599=EDGE_CURVE('',#6443,#5870,#1176,.T.);
#5600=EDGE_CURVE('',#6190,#5864,#1177,.T.);
#5601=EDGE_CURVE('',#6191,#5867,#1178,.T.);
#5602=EDGE_CURVE('',#6189,#5865,#1179,.T.);
#5603=EDGE_CURVE('',#6188,#5866,#1180,.T.);
#5604=EDGE_CURVE('',#6449,#5860,#1181,.T.);
#5605=EDGE_CURVE('',#6450,#5863,#1182,.T.);
#5606=EDGE_CURVE('',#6448,#5861,#1183,.T.);
#5607=EDGE_CURVE('',#6447,#5862,#1184,.T.);
#5608=EDGE_CURVE('',#6186,#5856,#1185,.T.);
#5609=EDGE_CURVE('',#6187,#5859,#1186,.T.);
#5610=EDGE_CURVE('',#6185,#5857,#1187,.T.);
#5611=EDGE_CURVE('',#6184,#5858,#1188,.T.);
#5612=EDGE_CURVE('',#6453,#5852,#1189,.T.);
#5613=EDGE_CURVE('',#6454,#5855,#1190,.T.);
#5614=EDGE_CURVE('',#6452,#5853,#1191,.T.);
#5615=EDGE_CURVE('',#6451,#5854,#1192,.T.);
#5616=EDGE_CURVE('',#6183,#5850,#1193,.T.);
#5617=EDGE_CURVE('',#6179,#5849,#1194,.T.);
#5618=EDGE_CURVE('',#6182,#5851,#1195,.T.);
#5619=EDGE_CURVE('',#6181,#5847,#1196,.T.);
#5620=EDGE_CURVE('',#6180,#5848,#1197,.T.);
#5621=EDGE_CURVE('',#6457,#5843,#1198,.T.);
#5622=EDGE_CURVE('',#6458,#5846,#1199,.T.);
#5623=EDGE_CURVE('',#6456,#5844,#1200,.T.);
#5624=EDGE_CURVE('',#6455,#5845,#1201,.T.);
#5625=EDGE_CURVE('',#6177,#5839,#1202,.T.);
#5626=EDGE_CURVE('',#6178,#5842,#1203,.T.);
#5627=EDGE_CURVE('',#6176,#5840,#1204,.T.);
#5628=EDGE_CURVE('',#6175,#5841,#1205,.T.);
#5629=EDGE_CURVE('',#6461,#5835,#1206,.T.);
#5630=EDGE_CURVE('',#6462,#5838,#1207,.T.);
#5631=EDGE_CURVE('',#6460,#5836,#1208,.T.);
#5632=EDGE_CURVE('',#6459,#5837,#1209,.T.);
#5633=EDGE_CURVE('',#6173,#5831,#1210,.T.);
#5634=EDGE_CURVE('',#6174,#5834,#1211,.T.);
#5635=EDGE_CURVE('',#6172,#5832,#1212,.T.);
#5636=EDGE_CURVE('',#6171,#5833,#1213,.T.);
#5637=EDGE_CURVE('',#6465,#5827,#1214,.T.);
#5638=EDGE_CURVE('',#6466,#5830,#1215,.T.);
#5639=EDGE_CURVE('',#6464,#5828,#1216,.T.);
#5640=EDGE_CURVE('',#6463,#5829,#1217,.T.);
#5641=EDGE_CURVE('',#6514,#6514,#218,.T.);
#5642=EDGE_CURVE('',#6515,#6515,#219,.T.);
#5643=EDGE_CURVE('',#6516,#6516,#220,.T.);
#5644=EDGE_CURVE('',#6517,#6517,#221,.T.);
#5645=EDGE_CURVE('',#6518,#6518,#222,.T.);
#5646=EDGE_CURVE('',#6519,#6519,#223,.T.);
#5647=EDGE_CURVE('',#6520,#6520,#224,.T.);
#5648=EDGE_CURVE('',#6521,#6521,#225,.T.);
#5649=EDGE_CURVE('',#6522,#6522,#226,.T.);
#5650=EDGE_CURVE('',#6523,#6523,#227,.T.);
#5651=EDGE_CURVE('',#6155,#6524,#1218,.T.);
#5652=EDGE_CURVE('',#6524,#6525,#1219,.F.);
#5653=EDGE_CURVE('',#6157,#6525,#1220,.T.);
#5654=EDGE_CURVE('',#6525,#6526,#1221,.T.);
#5655=EDGE_CURVE('',#6158,#6526,#1222,.T.);
#5656=EDGE_CURVE('',#6526,#6527,#1223,.T.);
#5657=EDGE_CURVE('',#6156,#6527,#1224,.T.);
#5658=EDGE_CURVE('',#6527,#6524,#1225,.F.);
#5659=EDGE_CURVE('',#6120,#6492,#48,.F.);
#5660=EDGE_CURVE('',#6121,#6491,#49,.F.);
#5661=EDGE_CURVE('',#6494,#6119,#50,.T.);
#5662=EDGE_CURVE('',#6493,#6122,#51,.T.);
#5663=EDGE_CURVE('',#6504,#6127,#52,.T.);
#5664=EDGE_CURVE('',#6499,#6130,#53,.T.);
#5665=EDGE_CURVE('',#6497,#6129,#54,.T.);
#5666=EDGE_CURVE('',#6128,#6498,#55,.F.);
#5667=EDGE_CURVE('',#6123,#6490,#56,.F.);
#5668=EDGE_CURVE('',#6489,#6124,#57,.T.);
#5669=EDGE_CURVE('',#6526,#6146,#58,.T.);
#5670=EDGE_CURVE('',#6143,#6525,#59,.F.);
#5671=EDGE_CURVE('',#6144,#6524,#60,.F.);
#5672=EDGE_CURVE('',#6527,#6145,#61,.T.);
#5673=EDGE_CURVE('',#6505,#6501,#228,.T.);
#5674=EDGE_CURVE('',#6505,#6118,#229,.F.);
#5675=EDGE_CURVE('',#6118,#6501,#230,.F.);
#5676=EDGE_CURVE('',#6500,#6503,#231,.T.);
#5677=EDGE_CURVE('',#6115,#6500,#232,.T.);
#5678=EDGE_CURVE('',#6506,#6117,#233,.T.);
#5679=EDGE_CURVE('',#6147,#6506,#234,.T.);
#5680=EDGE_CURVE('',#6115,#6503,#235,.F.);
#5681=EDGE_CURVE('',#6147,#6117,#236,.F.);
#5682=EDGE_CURVE('',#6116,#6502,#237,.T.);
#5683=EDGE_CURVE('',#6148,#6116,#238,.T.);
#5684=EDGE_CURVE('',#6148,#6502,#239,.F.);
#5685=EDGE_CURVE('',#6498,#6504,#1226,.F.);
#5686=EDGE_CURVE('',#6490,#6495,#1227,.F.);
#5687=EDGE_CURVE('',#6492,#6494,#1228,.F.);
#5688=EDGE_CURVE('',#6496,#6489,#1229,.F.);
#5689=EDGE_CURVE('',#6486,#6134,#62,.T.);
#5690=EDGE_CURVE('',#6131,#6485,#63,.F.);
#5691=EDGE_CURVE('',#6132,#6487,#64,.F.);
#5692=EDGE_CURVE('',#6488,#6133,#65,.T.);
#5693=EDGE_CURVE('',#6495,#6126,#66,.T.);
#5694=EDGE_CURVE('',#6496,#6125,#67,.T.);
#5695=EDGE_CURVE('',#6529,#6530,#1230,.T.);
#5696=EDGE_CURVE('',#6529,#6531,#1231,.T.);
#5697=EDGE_CURVE('',#6531,#6532,#1232,.T.);
#5698=EDGE_CURVE('',#6532,#6530,#1233,.F.);
#5699=EDGE_CURVE('',#6533,#6534,#1234,.T.);
#5700=EDGE_CURVE('',#6533,#6535,#1235,.T.);
#5701=EDGE_CURVE('',#6535,#6536,#1236,.T.);
#5702=EDGE_CURVE('',#6534,#6536,#1237,.T.);
#5703=EDGE_CURVE('',#6536,#6537,#6597,.T.);
#5704=EDGE_CURVE('',#6538,#6537,#1238,.T.);
#5705=EDGE_CURVE('',#6534,#6538,#6598,.T.);
#5706=EDGE_CURVE('',#6537,#6539,#6599,.T.);
#5707=EDGE_CURVE('',#6540,#6539,#1239,.T.);
#5708=EDGE_CURVE('',#6538,#6540,#6600,.T.);
#5709=EDGE_CURVE('',#6539,#6541,#6601,.T.);
#5710=EDGE_CURVE('',#6542,#6541,#1240,.T.);
#5711=EDGE_CURVE('',#6540,#6542,#6602,.T.);
#5712=EDGE_CURVE('',#6541,#6543,#6603,.T.);
#5713=EDGE_CURVE('',#6544,#6543,#1241,.T.);
#5714=EDGE_CURVE('',#6542,#6544,#6604,.T.);
#5715=EDGE_CURVE('',#6543,#6545,#1242,.T.);
#5716=EDGE_CURVE('',#6545,#6546,#1243,.F.);
#5717=EDGE_CURVE('',#6544,#6546,#1244,.T.);
#5718=EDGE_CURVE('',#6547,#6548,#1245,.T.);
#5719=EDGE_CURVE('',#6548,#6549,#1246,.F.);
#5720=EDGE_CURVE('',#6550,#6549,#1247,.T.);
#5721=EDGE_CURVE('',#6550,#6547,#1248,.T.);
#5722=EDGE_CURVE('',#6551,#6552,#1249,.T.);
#5723=EDGE_CURVE('',#6551,#6553,#1250,.T.);
#5724=EDGE_CURVE('',#6553,#6554,#1251,.T.);
#5725=EDGE_CURVE('',#6554,#6555,#1252,.F.);
#5726=EDGE_CURVE('',#6555,#6552,#240,.F.);
#5727=EDGE_CURVE('',#6556,#6557,#1253,.T.);
#5728=EDGE_CURVE('',#6557,#6558,#1254,.T.);
#5729=EDGE_CURVE('',#6558,#6559,#1255,.T.);
#5730=EDGE_CURVE('',#6559,#6556,#1256,.F.);
#5731=EDGE_CURVE('',#6560,#6561,#1257,.T.);
#5732=EDGE_CURVE('',#6561,#6562,#1258,.T.);
#5733=EDGE_CURVE('',#6563,#6562,#1259,.T.);
#5734=EDGE_CURVE('',#6564,#6563,#1260,.T.);
#5735=EDGE_CURVE('',#6564,#6560,#241,.F.);
#5736=EDGE_CURVE('',#6562,#6565,#6605,.T.);
#5737=EDGE_CURVE('',#6566,#6565,#1261,.T.);
#5738=EDGE_CURVE('',#6563,#6566,#242,.F.);
#5739=EDGE_CURVE('',#6565,#6567,#1262,.T.);
#5740=EDGE_CURVE('',#6568,#6567,#1263,.T.);
#5741=EDGE_CURVE('',#6566,#6568,#1264,.T.);
#5742=EDGE_CURVE('',#6567,#6569,#6606,.T.);
#5743=EDGE_CURVE('',#6570,#6569,#1265,.T.);
#5744=EDGE_CURVE('',#6568,#6570,#243,.F.);
#5745=EDGE_CURVE('',#6569,#6571,#6607,.T.);
#5746=EDGE_CURVE('',#6572,#6571,#1266,.T.);
#5747=EDGE_CURVE('',#6570,#6572,#6608,.T.);
#5748=EDGE_CURVE('',#6571,#6573,#6609,.T.);
#5749=EDGE_CURVE('',#6574,#6573,#1267,.T.);
#5750=EDGE_CURVE('',#6572,#6574,#6610,.T.);
#5751=EDGE_CURVE('',#6573,#6575,#6611,.T.);
#5752=EDGE_CURVE('',#6576,#6575,#1268,.T.);
#5753=EDGE_CURVE('',#6574,#6576,#6612,.T.);
#5754=EDGE_CURVE('',#6575,#6577,#1269,.T.);
#5755=EDGE_CURVE('',#6577,#6578,#1270,.F.);
#5756=EDGE_CURVE('',#6576,#6578,#1271,.T.);
#5757=EDGE_CURVE('',#6579,#6580,#1272,.F.);
#5758=EDGE_CURVE('',#6580,#6564,#1273,.T.);
#5759=EDGE_CURVE('',#6578,#6529,#244,.F.);
#5760=EDGE_CURVE('',#6530,#6533,#245,.F.);
#5761=EDGE_CURVE('',#6546,#6550,#246,.F.);
#5762=EDGE_CURVE('',#6549,#6551,#247,.F.);
#5763=EDGE_CURVE('',#6552,#6581,#1274,.T.);
#5764=EDGE_CURVE('',#6581,#6582,#1275,.T.);
#5765=EDGE_CURVE('',#6582,#6579,#1276,.F.);
#5766=EDGE_CURVE('',#6583,#6584,#1277,.F.);
#5767=EDGE_CURVE('',#6584,#6585,#1278,.F.);
#5768=EDGE_CURVE('',#6585,#6586,#1279,.F.);
#5769=EDGE_CURVE('',#6586,#6587,#6613,.T.);
#5770=EDGE_CURVE('',#6587,#6588,#6614,.T.);
#5771=EDGE_CURVE('',#6588,#6589,#6615,.T.);
#5772=EDGE_CURVE('',#6589,#6590,#6616,.T.);
#5773=EDGE_CURVE('',#6590,#6591,#6617,.T.);
#5774=EDGE_CURVE('',#6591,#6592,#6618,.T.);
#5775=EDGE_CURVE('',#6592,#6583,#6619,.T.);
#5776=EDGE_CURVE('',#6137,#6580,#248,.F.);
#5777=EDGE_CURVE('',#6580,#6135,#249,.F.);
#5778=EDGE_CURVE('',#6581,#6136,#250,.T.);
#5779=EDGE_CURVE('',#6555,#6557,#6620,.T.);
#5780=EDGE_CURVE('',#6556,#6560,#6621,.T.);
#5781=EDGE_CURVE('',#6138,#6579,#251,.T.);
#5782=EDGE_CURVE('',#6581,#6142,#252,.F.);
#5783=EDGE_CURVE('',#6139,#6579,#253,.F.);
#5784=EDGE_CURVE('',#6582,#6141,#254,.T.);
#5785=EDGE_CURVE('',#6140,#6582,#255,.T.);
#5786=EDGE_CURVE('',#6558,#6554,#256,.T.);
#5787=EDGE_CURVE('',#6553,#6548,#257,.T.);
#5788=EDGE_CURVE('',#6554,#5824,#258,.T.);
#5789=EDGE_CURVE('',#5825,#6553,#259,.T.);
#5790=EDGE_CURVE('',#6558,#5824,#260,.F.);
#5791=EDGE_CURVE('',#5825,#6548,#261,.F.);
#5792=EDGE_CURVE('',#6559,#5823,#262,.T.);
#5793=EDGE_CURVE('',#6561,#6559,#263,.T.);
#5794=EDGE_CURVE('',#6547,#6545,#264,.T.);
#5795=EDGE_CURVE('',#5826,#6547,#265,.T.);
#5796=EDGE_CURVE('',#6561,#5823,#266,.F.);
#5797=EDGE_CURVE('',#5826,#6545,#267,.F.);
#5798=EDGE_CURVE('',#6562,#5822,#268,.T.);
#5799=EDGE_CURVE('',#5819,#6543,#269,.T.);
#5800=EDGE_CURVE('',#6565,#5821,#6622,.T.);
#5801=EDGE_CURVE('',#6541,#6593,#270,.T.);
#5802=EDGE_CURVE('',#6591,#6539,#271,.T.);
#5803=EDGE_CURVE('',#6593,#6590,#6623,.T.);
#5804=EDGE_CURVE('',#5820,#6594,#6624,.T.);
#5805=EDGE_CURVE('',#6594,#6593,#6625,.T.);
#5806=EDGE_CURVE('',#6567,#6594,#6626,.T.);
#5807=EDGE_CURVE('',#6592,#6537,#272,.T.);
#5808=EDGE_CURVE('',#6569,#6589,#273,.T.);
#5809=EDGE_CURVE('',#6583,#6536,#274,.T.);
#5810=EDGE_CURVE('',#6571,#6588,#275,.T.);
#5811=EDGE_CURVE('',#6535,#6532,#276,.T.);
#5812=EDGE_CURVE('',#6584,#6535,#277,.T.);
#5813=EDGE_CURVE('',#6573,#6587,#278,.T.);
#5814=EDGE_CURVE('',#6584,#6532,#279,.F.);
#5815=EDGE_CURVE('',#6575,#6586,#280,.T.);
#5816=EDGE_CURVE('',#6585,#6531,#281,.T.);
#5817=EDGE_CURVE('',#6577,#6585,#282,.T.);
#5818=EDGE_CURVE('',#6577,#6531,#283,.F.);
#5819=VERTEX_POINT('',#11382);
#5820=VERTEX_POINT('',#11383);
#5821=VERTEX_POINT('',#11385);
#5822=VERTEX_POINT('',#11390);
#5823=VERTEX_POINT('',#11392);
#5824=VERTEX_POINT('',#11394);
#5825=VERTEX_POINT('',#11396);
#5826=VERTEX_POINT('',#11398);
#5827=VERTEX_POINT('',#11402);
#5828=VERTEX_POINT('',#11403);
#5829=VERTEX_POINT('',#11405);
#5830=VERTEX_POINT('',#11407);
#5831=VERTEX_POINT('',#11410);
#5832=VERTEX_POINT('',#11411);
#5833=VERTEX_POINT('',#11413);
#5834=VERTEX_POINT('',#11415);
#5835=VERTEX_POINT('',#11418);
#5836=VERTEX_POINT('',#11419);
#5837=VERTEX_POINT('',#11421);
#5838=VERTEX_POINT('',#11423);
#5839=VERTEX_POINT('',#11426);
#5840=VERTEX_POINT('',#11427);
#5841=VERTEX_POINT('',#11429);
#5842=VERTEX_POINT('',#11431);
#5843=VERTEX_POINT('',#11434);
#5844=VERTEX_POINT('',#11435);
#5845=VERTEX_POINT('',#11437);
#5846=VERTEX_POINT('',#11439);
#5847=VERTEX_POINT('',#11442);
#5848=VERTEX_POINT('',#11443);
#5849=VERTEX_POINT('',#11445);
#5850=VERTEX_POINT('',#11447);
#5851=VERTEX_POINT('',#11449);
#5852=VERTEX_POINT('',#11452);
#5853=VERTEX_POINT('',#11453);
#5854=VERTEX_POINT('',#11455);
#5855=VERTEX_POINT('',#11457);
#5856=VERTEX_POINT('',#11460);
#5857=VERTEX_POINT('',#11461);
#5858=VERTEX_POINT('',#11463);
#5859=VERTEX_POINT('',#11465);
#5860=VERTEX_POINT('',#11468);
#5861=VERTEX_POINT('',#11469);
#5862=VERTEX_POINT('',#11471);
#5863=VERTEX_POINT('',#11473);
#5864=VERTEX_POINT('',#11476);
#5865=VERTEX_POINT('',#11477);
#5866=VERTEX_POINT('',#11479);
#5867=VERTEX_POINT('',#11481);
#5868=VERTEX_POINT('',#11484);
#5869=VERTEX_POINT('',#11485);
#5870=VERTEX_POINT('',#11487);
#5871=VERTEX_POINT('',#11489);
#5872=VERTEX_POINT('',#11492);
#5873=VERTEX_POINT('',#11493);
#5874=VERTEX_POINT('',#11495);
#5875=VERTEX_POINT('',#11497);
#5876=VERTEX_POINT('',#11500);
#5877=VERTEX_POINT('',#11501);
#5878=VERTEX_POINT('',#11503);
#5879=VERTEX_POINT('',#11505);
#5880=VERTEX_POINT('',#11508);
#5881=VERTEX_POINT('',#11509);
#5882=VERTEX_POINT('',#11511);
#5883=VERTEX_POINT('',#11513);
#5884=VERTEX_POINT('',#11516);
#5885=VERTEX_POINT('',#11517);
#5886=VERTEX_POINT('',#11519);
#5887=VERTEX_POINT('',#11521);
#5888=VERTEX_POINT('',#11524);
#5889=VERTEX_POINT('',#11525);
#5890=VERTEX_POINT('',#11527);
#5891=VERTEX_POINT('',#11529);
#5892=VERTEX_POINT('',#11532);
#5893=VERTEX_POINT('',#11533);
#5894=VERTEX_POINT('',#11535);
#5895=VERTEX_POINT('',#11537);
#5896=VERTEX_POINT('',#11540);
#5897=VERTEX_POINT('',#11541);
#5898=VERTEX_POINT('',#11543);
#5899=VERTEX_POINT('',#11545);
#5900=VERTEX_POINT('',#11548);
#5901=VERTEX_POINT('',#11549);
#5902=VERTEX_POINT('',#11551);
#5903=VERTEX_POINT('',#11553);
#5904=VERTEX_POINT('',#11556);
#5905=VERTEX_POINT('',#11557);
#5906=VERTEX_POINT('',#11559);
#5907=VERTEX_POINT('',#11561);
#5908=VERTEX_POINT('',#11564);
#5909=VERTEX_POINT('',#11565);
#5910=VERTEX_POINT('',#11567);
#5911=VERTEX_POINT('',#11569);
#5912=VERTEX_POINT('',#11572);
#5913=VERTEX_POINT('',#11573);
#5914=VERTEX_POINT('',#11575);
#5915=VERTEX_POINT('',#11577);
#5916=VERTEX_POINT('',#11580);
#5917=VERTEX_POINT('',#11581);
#5918=VERTEX_POINT('',#11583);
#5919=VERTEX_POINT('',#11585);
#5920=VERTEX_POINT('',#11588);
#5921=VERTEX_POINT('',#11589);
#5922=VERTEX_POINT('',#11591);
#5923=VERTEX_POINT('',#11593);
#5924=VERTEX_POINT('',#11596);
#5925=VERTEX_POINT('',#11597);
#5926=VERTEX_POINT('',#11599);
#5927=VERTEX_POINT('',#11601);
#5928=VERTEX_POINT('',#11604);
#5929=VERTEX_POINT('',#11605);
#5930=VERTEX_POINT('',#11607);
#5931=VERTEX_POINT('',#11609);
#5932=VERTEX_POINT('',#11612);
#5933=VERTEX_POINT('',#11613);
#5934=VERTEX_POINT('',#11615);
#5935=VERTEX_POINT('',#11617);
#5936=VERTEX_POINT('',#11620);
#5937=VERTEX_POINT('',#11621);
#5938=VERTEX_POINT('',#11623);
#5939=VERTEX_POINT('',#11625);
#5940=VERTEX_POINT('',#11628);
#5941=VERTEX_POINT('',#11629);
#5942=VERTEX_POINT('',#11631);
#5943=VERTEX_POINT('',#11633);
#5944=VERTEX_POINT('',#11636);
#5945=VERTEX_POINT('',#11637);
#5946=VERTEX_POINT('',#11639);
#5947=VERTEX_POINT('',#11641);
#5948=VERTEX_POINT('',#11644);
#5949=VERTEX_POINT('',#11645);
#5950=VERTEX_POINT('',#11647);
#5951=VERTEX_POINT('',#11649);
#5952=VERTEX_POINT('',#11651);
#5953=VERTEX_POINT('',#11654);
#5954=VERTEX_POINT('',#11655);
#5955=VERTEX_POINT('',#11657);
#5956=VERTEX_POINT('',#11659);
#5957=VERTEX_POINT('',#11662);
#5958=VERTEX_POINT('',#11663);
#5959=VERTEX_POINT('',#11665);
#5960=VERTEX_POINT('',#11667);
#5961=VERTEX_POINT('',#11670);
#5962=VERTEX_POINT('',#11671);
#5963=VERTEX_POINT('',#11673);
#5964=VERTEX_POINT('',#11675);
#5965=VERTEX_POINT('',#11678);
#5966=VERTEX_POINT('',#11679);
#5967=VERTEX_POINT('',#11681);
#5968=VERTEX_POINT('',#11683);
#5969=VERTEX_POINT('',#11686);
#5970=VERTEX_POINT('',#11687);
#5971=VERTEX_POINT('',#11689);
#5972=VERTEX_POINT('',#11691);
#5973=VERTEX_POINT('',#11694);
#5974=VERTEX_POINT('',#11695);
#5975=VERTEX_POINT('',#11697);
#5976=VERTEX_POINT('',#11699);
#5977=VERTEX_POINT('',#11702);
#5978=VERTEX_POINT('',#11703);
#5979=VERTEX_POINT('',#11705);
#5980=VERTEX_POINT('',#11707);
#5981=VERTEX_POINT('',#11709);
#5982=VERTEX_POINT('',#11712);
#5983=VERTEX_POINT('',#11713);
#5984=VERTEX_POINT('',#11715);
#5985=VERTEX_POINT('',#11717);
#5986=VERTEX_POINT('',#11719);
#5987=VERTEX_POINT('',#11722);
#5988=VERTEX_POINT('',#11723);
#5989=VERTEX_POINT('',#11725);
#5990=VERTEX_POINT('',#11727);
#5991=VERTEX_POINT('',#11730);
#5992=VERTEX_POINT('',#11731);
#5993=VERTEX_POINT('',#11733);
#5994=VERTEX_POINT('',#11735);
#5995=VERTEX_POINT('',#11738);
#5996=VERTEX_POINT('',#11739);
#5997=VERTEX_POINT('',#11741);
#5998=VERTEX_POINT('',#11743);
#5999=VERTEX_POINT('',#11746);
#6000=VERTEX_POINT('',#11747);
#6001=VERTEX_POINT('',#11749);
#6002=VERTEX_POINT('',#11751);
#6003=VERTEX_POINT('',#11754);
#6004=VERTEX_POINT('',#11755);
#6005=VERTEX_POINT('',#11757);
#6006=VERTEX_POINT('',#11759);
#6007=VERTEX_POINT('',#11762);
#6008=VERTEX_POINT('',#11763);
#6009=VERTEX_POINT('',#11765);
#6010=VERTEX_POINT('',#11767);
#6011=VERTEX_POINT('',#11770);
#6012=VERTEX_POINT('',#11771);
#6013=VERTEX_POINT('',#11773);
#6014=VERTEX_POINT('',#11775);
#6015=VERTEX_POINT('',#11778);
#6016=VERTEX_POINT('',#11779);
#6017=VERTEX_POINT('',#11781);
#6018=VERTEX_POINT('',#11783);
#6019=VERTEX_POINT('',#11786);
#6020=VERTEX_POINT('',#11787);
#6021=VERTEX_POINT('',#11789);
#6022=VERTEX_POINT('',#11791);
#6023=VERTEX_POINT('',#11794);
#6024=VERTEX_POINT('',#11795);
#6025=VERTEX_POINT('',#11797);
#6026=VERTEX_POINT('',#11799);
#6027=VERTEX_POINT('',#11802);
#6028=VERTEX_POINT('',#11803);
#6029=VERTEX_POINT('',#11805);
#6030=VERTEX_POINT('',#11807);
#6031=VERTEX_POINT('',#11810);
#6032=VERTEX_POINT('',#11811);
#6033=VERTEX_POINT('',#11813);
#6034=VERTEX_POINT('',#11815);
#6035=VERTEX_POINT('',#11818);
#6036=VERTEX_POINT('',#11819);
#6037=VERTEX_POINT('',#11821);
#6038=VERTEX_POINT('',#11823);
#6039=VERTEX_POINT('',#11826);
#6040=VERTEX_POINT('',#11827);
#6041=VERTEX_POINT('',#11829);
#6042=VERTEX_POINT('',#11831);
#6043=VERTEX_POINT('',#11834);
#6044=VERTEX_POINT('',#11835);
#6045=VERTEX_POINT('',#11837);
#6046=VERTEX_POINT('',#11839);
#6047=VERTEX_POINT('',#11842);
#6048=VERTEX_POINT('',#11843);
#6049=VERTEX_POINT('',#11845);
#6050=VERTEX_POINT('',#11847);
#6051=VERTEX_POINT('',#11850);
#6052=VERTEX_POINT('',#11851);
#6053=VERTEX_POINT('',#11853);
#6054=VERTEX_POINT('',#11855);
#6055=VERTEX_POINT('',#11858);
#6056=VERTEX_POINT('',#11859);
#6057=VERTEX_POINT('',#11861);
#6058=VERTEX_POINT('',#11863);
#6059=VERTEX_POINT('',#11866);
#6060=VERTEX_POINT('',#11867);
#6061=VERTEX_POINT('',#11869);
#6062=VERTEX_POINT('',#11871);
#6063=VERTEX_POINT('',#11874);
#6064=VERTEX_POINT('',#11875);
#6065=VERTEX_POINT('',#11877);
#6066=VERTEX_POINT('',#11879);
#6067=VERTEX_POINT('',#11881);
#6068=VERTEX_POINT('',#11884);
#6069=VERTEX_POINT('',#11885);
#6070=VERTEX_POINT('',#11887);
#6071=VERTEX_POINT('',#11889);
#6072=VERTEX_POINT('',#11892);
#6073=VERTEX_POINT('',#11893);
#6074=VERTEX_POINT('',#11895);
#6075=VERTEX_POINT('',#11897);
#6076=VERTEX_POINT('',#11899);
#6077=VERTEX_POINT('',#11902);
#6078=VERTEX_POINT('',#11903);
#6079=VERTEX_POINT('',#11905);
#6080=VERTEX_POINT('',#11907);
#6081=VERTEX_POINT('',#11909);
#6082=VERTEX_POINT('',#11912);
#6083=VERTEX_POINT('',#11913);
#6084=VERTEX_POINT('',#11915);
#6085=VERTEX_POINT('',#11917);
#6086=VERTEX_POINT('',#11920);
#6087=VERTEX_POINT('',#11921);
#6088=VERTEX_POINT('',#11923);
#6089=VERTEX_POINT('',#11925);
#6090=VERTEX_POINT('',#11928);
#6091=VERTEX_POINT('',#11929);
#6092=VERTEX_POINT('',#11931);
#6093=VERTEX_POINT('',#11933);
#6094=VERTEX_POINT('',#11936);
#6095=VERTEX_POINT('',#11937);
#6096=VERTEX_POINT('',#11939);
#6097=VERTEX_POINT('',#11941);
#6098=VERTEX_POINT('',#11944);
#6099=VERTEX_POINT('',#11945);
#6100=VERTEX_POINT('',#11947);
#6101=VERTEX_POINT('',#11949);
#6102=VERTEX_POINT('',#11952);
#6103=VERTEX_POINT('',#11953);
#6104=VERTEX_POINT('',#11955);
#6105=VERTEX_POINT('',#11957);
#6106=VERTEX_POINT('',#11960);
#6107=VERTEX_POINT('',#11961);
#6108=VERTEX_POINT('',#11963);
#6109=VERTEX_POINT('',#11965);
#6110=VERTEX_POINT('',#11967);
#6111=VERTEX_POINT('',#11970);
#6112=VERTEX_POINT('',#11971);
#6113=VERTEX_POINT('',#11973);
#6114=VERTEX_POINT('',#11975);
#6115=VERTEX_POINT('',#11978);
#6116=VERTEX_POINT('',#11979);
#6117=VERTEX_POINT('',#11981);
#6118=VERTEX_POINT('',#11983);
#6119=VERTEX_POINT('',#11986);
#6120=VERTEX_POINT('',#11987);
#6121=VERTEX_POINT('',#11989);
#6122=VERTEX_POINT('',#11991);
#6123=VERTEX_POINT('',#11994);
#6124=VERTEX_POINT('',#11995);
#6125=VERTEX_POINT('',#11997);
#6126=VERTEX_POINT('',#11999);
#6127=VERTEX_POINT('',#12002);
#6128=VERTEX_POINT('',#12003);
#6129=VERTEX_POINT('',#12005);
#6130=VERTEX_POINT('',#12007);
#6131=VERTEX_POINT('',#12010);
#6132=VERTEX_POINT('',#12011);
#6133=VERTEX_POINT('',#12013);
#6134=VERTEX_POINT('',#12015);
#6135=VERTEX_POINT('',#12018);
#6136=VERTEX_POINT('',#12019);
#6137=VERTEX_POINT('',#12021);
#6138=VERTEX_POINT('',#12023);
#6139=VERTEX_POINT('',#12025);
#6140=VERTEX_POINT('',#12027);
#6141=VERTEX_POINT('',#12029);
#6142=VERTEX_POINT('',#12031);
#6143=VERTEX_POINT('',#12035);
#6144=VERTEX_POINT('',#12036);
#6145=VERTEX_POINT('',#12038);
#6146=VERTEX_POINT('',#12040);
#6147=VERTEX_POINT('',#12043);
#6148=VERTEX_POINT('',#12044);
#6149=VERTEX_POINT('',#12046);
#6150=VERTEX_POINT('',#12048);
#6151=VERTEX_POINT('',#12052);
#6152=VERTEX_POINT('',#12053);
#6153=VERTEX_POINT('',#12055);
#6154=VERTEX_POINT('',#12057);
#6155=VERTEX_POINT('',#12060);
#6156=VERTEX_POINT('',#12061);
#6157=VERTEX_POINT('',#12063);
#6158=VERTEX_POINT('',#12065);
#6159=VERTEX_POINT('',#12069);
#6160=VERTEX_POINT('',#12070);
#6161=VERTEX_POINT('',#12072);
#6162=VERTEX_POINT('',#12074);
#6163=VERTEX_POINT('',#12077);
#6164=VERTEX_POINT('',#12078);
#6165=VERTEX_POINT('',#12080);
#6166=VERTEX_POINT('',#12082);
#6167=VERTEX_POINT('',#12085);
#6168=VERTEX_POINT('',#12086);
#6169=VERTEX_POINT('',#12088);
#6170=VERTEX_POINT('',#12090);
#6171=VERTEX_POINT('',#12093);
#6172=VERTEX_POINT('',#12094);
#6173=VERTEX_POINT('',#12096);
#6174=VERTEX_POINT('',#12098);
#6175=VERTEX_POINT('',#12101);
#6176=VERTEX_POINT('',#12102);
#6177=VERTEX_POINT('',#12104);
#6178=VERTEX_POINT('',#12106);
#6179=VERTEX_POINT('',#12109);
#6180=VERTEX_POINT('',#12110);
#6181=VERTEX_POINT('',#12112);
#6182=VERTEX_POINT('',#12114);
#6183=VERTEX_POINT('',#12116);
#6184=VERTEX_POINT('',#12119);
#6185=VERTEX_POINT('',#12120);
#6186=VERTEX_POINT('',#12122);
#6187=VERTEX_POINT('',#12124);
#6188=VERTEX_POINT('',#12127);
#6189=VERTEX_POINT('',#12128);
#6190=VERTEX_POINT('',#12130);
#6191=VERTEX_POINT('',#12132);
#6192=VERTEX_POINT('',#12135);
#6193=VERTEX_POINT('',#12136);
#6194=VERTEX_POINT('',#12138);
#6195=VERTEX_POINT('',#12140);
#6196=VERTEX_POINT('',#12143);
#6197=VERTEX_POINT('',#12144);
#6198=VERTEX_POINT('',#12146);
#6199=VERTEX_POINT('',#12148);
#6200=VERTEX_POINT('',#12151);
#6201=VERTEX_POINT('',#12152);
#6202=VERTEX_POINT('',#12154);
#6203=VERTEX_POINT('',#12156);
#6204=VERTEX_POINT('',#12159);
#6205=VERTEX_POINT('',#12160);
#6206=VERTEX_POINT('',#12162);
#6207=VERTEX_POINT('',#12164);
#6208=VERTEX_POINT('',#12167);
#6209=VERTEX_POINT('',#12168);
#6210=VERTEX_POINT('',#12170);
#6211=VERTEX_POINT('',#12172);
#6212=VERTEX_POINT('',#12175);
#6213=VERTEX_POINT('',#12176);
#6214=VERTEX_POINT('',#12178);
#6215=VERTEX_POINT('',#12180);
#6216=VERTEX_POINT('',#12183);
#6217=VERTEX_POINT('',#12184);
#6218=VERTEX_POINT('',#12186);
#6219=VERTEX_POINT('',#12188);
#6220=VERTEX_POINT('',#12191);
#6221=VERTEX_POINT('',#12192);
#6222=VERTEX_POINT('',#12194);
#6223=VERTEX_POINT('',#12196);
#6224=VERTEX_POINT('',#12199);
#6225=VERTEX_POINT('',#12200);
#6226=VERTEX_POINT('',#12202);
#6227=VERTEX_POINT('',#12204);
#6228=VERTEX_POINT('',#12207);
#6229=VERTEX_POINT('',#12208);
#6230=VERTEX_POINT('',#12210);
#6231=VERTEX_POINT('',#12212);
#6232=VERTEX_POINT('',#12215);
#6233=VERTEX_POINT('',#12216);
#6234=VERTEX_POINT('',#12218);
#6235=VERTEX_POINT('',#12220);
#6236=VERTEX_POINT('',#12223);
#6237=VERTEX_POINT('',#12224);
#6238=VERTEX_POINT('',#12226);
#6239=VERTEX_POINT('',#12228);
#6240=VERTEX_POINT('',#12231);
#6241=VERTEX_POINT('',#12232);
#6242=VERTEX_POINT('',#12234);
#6243=VERTEX_POINT('',#12236);
#6244=VERTEX_POINT('',#12239);
#6245=VERTEX_POINT('',#12240);
#6246=VERTEX_POINT('',#12242);
#6247=VERTEX_POINT('',#12244);
#6248=VERTEX_POINT('',#12246);
#6249=VERTEX_POINT('',#12249);
#6250=VERTEX_POINT('',#12250);
#6251=VERTEX_POINT('',#12252);
#6252=VERTEX_POINT('',#12254);
#6253=VERTEX_POINT('',#12257);
#6254=VERTEX_POINT('',#12258);
#6255=VERTEX_POINT('',#12260);
#6256=VERTEX_POINT('',#12262);
#6257=VERTEX_POINT('',#12264);
#6258=VERTEX_POINT('',#12267);
#6259=VERTEX_POINT('',#12268);
#6260=VERTEX_POINT('',#12270);
#6261=VERTEX_POINT('',#12272);
#6262=VERTEX_POINT('',#12275);
#6263=VERTEX_POINT('',#12276);
#6264=VERTEX_POINT('',#12278);
#6265=VERTEX_POINT('',#12280);
#6266=VERTEX_POINT('',#12283);
#6267=VERTEX_POINT('',#12284);
#6268=VERTEX_POINT('',#12286);
#6269=VERTEX_POINT('',#12288);
#6270=VERTEX_POINT('',#12291);
#6271=VERTEX_POINT('',#12292);
#6272=VERTEX_POINT('',#12294);
#6273=VERTEX_POINT('',#12296);
#6274=VERTEX_POINT('',#12299);
#6275=VERTEX_POINT('',#12300);
#6276=VERTEX_POINT('',#12302);
#6277=VERTEX_POINT('',#12304);
#6278=VERTEX_POINT('',#12307);
#6279=VERTEX_POINT('',#12308);
#6280=VERTEX_POINT('',#12310);
#6281=VERTEX_POINT('',#12312);
#6282=VERTEX_POINT('',#12315);
#6283=VERTEX_POINT('',#12316);
#6284=VERTEX_POINT('',#12318);
#6285=VERTEX_POINT('',#12320);
#6286=VERTEX_POINT('',#12323);
#6287=VERTEX_POINT('',#12324);
#6288=VERTEX_POINT('',#12326);
#6289=VERTEX_POINT('',#12328);
#6290=VERTEX_POINT('',#12331);
#6291=VERTEX_POINT('',#12332);
#6292=VERTEX_POINT('',#12334);
#6293=VERTEX_POINT('',#12336);
#6294=VERTEX_POINT('',#12339);
#6295=VERTEX_POINT('',#12340);
#6296=VERTEX_POINT('',#12342);
#6297=VERTEX_POINT('',#12344);
#6298=VERTEX_POINT('',#12347);
#6299=VERTEX_POINT('',#12348);
#6300=VERTEX_POINT('',#12350);
#6301=VERTEX_POINT('',#12352);
#6302=VERTEX_POINT('',#12354);
#6303=VERTEX_POINT('',#12357);
#6304=VERTEX_POINT('',#12358);
#6305=VERTEX_POINT('',#12360);
#6306=VERTEX_POINT('',#12362);
#6307=VERTEX_POINT('',#12365);
#6308=VERTEX_POINT('',#12367);
#6309=VERTEX_POINT('',#12370);
#6310=VERTEX_POINT('',#12371);
#6311=VERTEX_POINT('',#12373);
#6312=VERTEX_POINT('',#12375);
#6313=VERTEX_POINT('',#12378);
#6314=VERTEX_POINT('',#12380);
#6315=VERTEX_POINT('',#12382);
#6316=VERTEX_POINT('',#12383);
#6317=VERTEX_POINT('',#12385);
#6318=VERTEX_POINT('',#12387);
#6319=VERTEX_POINT('',#12390);
#6320=VERTEX_POINT('',#12391);
#6321=VERTEX_POINT('',#12393);
#6322=VERTEX_POINT('',#12395);
#6323=VERTEX_POINT('',#12398);
#6324=VERTEX_POINT('',#12399);
#6325=VERTEX_POINT('',#12401);
#6326=VERTEX_POINT('',#12403);
#6327=VERTEX_POINT('',#12405);
#6328=VERTEX_POINT('',#12408);
#6329=VERTEX_POINT('',#12409);
#6330=VERTEX_POINT('',#12411);
#6331=VERTEX_POINT('',#12413);
#6332=VERTEX_POINT('',#12415);
#6333=VERTEX_POINT('',#12418);
#6334=VERTEX_POINT('',#12419);
#6335=VERTEX_POINT('',#12421);
#6336=VERTEX_POINT('',#12423);
#6337=VERTEX_POINT('',#12426);
#6338=VERTEX_POINT('',#12427);
#6339=VERTEX_POINT('',#12429);
#6340=VERTEX_POINT('',#12431);
#6341=VERTEX_POINT('',#12434);
#6342=VERTEX_POINT('',#12435);
#6343=VERTEX_POINT('',#12437);
#6344=VERTEX_POINT('',#12439);
#6345=VERTEX_POINT('',#12442);
#6346=VERTEX_POINT('',#12443);
#6347=VERTEX_POINT('',#12445);
#6348=VERTEX_POINT('',#12447);
#6349=VERTEX_POINT('',#12450);
#6350=VERTEX_POINT('',#12451);
#6351=VERTEX_POINT('',#12453);
#6352=VERTEX_POINT('',#12455);
#6353=VERTEX_POINT('',#12458);
#6354=VERTEX_POINT('',#12459);
#6355=VERTEX_POINT('',#12461);
#6356=VERTEX_POINT('',#12463);
#6357=VERTEX_POINT('',#12466);
#6358=VERTEX_POINT('',#12467);
#6359=VERTEX_POINT('',#12469);
#6360=VERTEX_POINT('',#12471);
#6361=VERTEX_POINT('',#12474);
#6362=VERTEX_POINT('',#12475);
#6363=VERTEX_POINT('',#12477);
#6364=VERTEX_POINT('',#12479);
#6365=VERTEX_POINT('',#12482);
#6366=VERTEX_POINT('',#12483);
#6367=VERTEX_POINT('',#12485);
#6368=VERTEX_POINT('',#12487);
#6369=VERTEX_POINT('',#12490);
#6370=VERTEX_POINT('',#12491);
#6371=VERTEX_POINT('',#12493);
#6372=VERTEX_POINT('',#12495);
#6373=VERTEX_POINT('',#12498);
#6374=VERTEX_POINT('',#12499);
#6375=VERTEX_POINT('',#12501);
#6376=VERTEX_POINT('',#12503);
#6377=VERTEX_POINT('',#12506);
#6378=VERTEX_POINT('',#12507);
#6379=VERTEX_POINT('',#12509);
#6380=VERTEX_POINT('',#12511);
#6381=VERTEX_POINT('',#12514);
#6382=VERTEX_POINT('',#12515);
#6383=VERTEX_POINT('',#12517);
#6384=VERTEX_POINT('',#12519);
#6385=VERTEX_POINT('',#12521);
#6386=VERTEX_POINT('',#12524);
#6387=VERTEX_POINT('',#12525);
#6388=VERTEX_POINT('',#12527);
#6389=VERTEX_POINT('',#12529);
#6390=VERTEX_POINT('',#12532);
#6391=VERTEX_POINT('',#12533);
#6392=VERTEX_POINT('',#12535);
#6393=VERTEX_POINT('',#12537);
#6394=VERTEX_POINT('',#12540);
#6395=VERTEX_POINT('',#12541);
#6396=VERTEX_POINT('',#12543);
#6397=VERTEX_POINT('',#12545);
#6398=VERTEX_POINT('',#12548);
#6399=VERTEX_POINT('',#12549);
#6400=VERTEX_POINT('',#12551);
#6401=VERTEX_POINT('',#12553);
#6402=VERTEX_POINT('',#12556);
#6403=VERTEX_POINT('',#12557);
#6404=VERTEX_POINT('',#12559);
#6405=VERTEX_POINT('',#12561);
#6406=VERTEX_POINT('',#12563);
#6407=VERTEX_POINT('',#12566);
#6408=VERTEX_POINT('',#12567);
#6409=VERTEX_POINT('',#12569);
#6410=VERTEX_POINT('',#12571);
#6411=VERTEX_POINT('',#12574);
#6412=VERTEX_POINT('',#12575);
#6413=VERTEX_POINT('',#12577);
#6414=VERTEX_POINT('',#12579);
#6415=VERTEX_POINT('',#12582);
#6416=VERTEX_POINT('',#12583);
#6417=VERTEX_POINT('',#12585);
#6418=VERTEX_POINT('',#12587);
#6419=VERTEX_POINT('',#12590);
#6420=VERTEX_POINT('',#12591);
#6421=VERTEX_POINT('',#12593);
#6422=VERTEX_POINT('',#12595);
#6423=VERTEX_POINT('',#12598);
#6424=VERTEX_POINT('',#12599);
#6425=VERTEX_POINT('',#12601);
#6426=VERTEX_POINT('',#12603);
#6427=VERTEX_POINT('',#12606);
#6428=VERTEX_POINT('',#12607);
#6429=VERTEX_POINT('',#12609);
#6430=VERTEX_POINT('',#12611);
#6431=VERTEX_POINT('',#12614);
#6432=VERTEX_POINT('',#12615);
#6433=VERTEX_POINT('',#12617);
#6434=VERTEX_POINT('',#12619);
#6435=VERTEX_POINT('',#12622);
#6436=VERTEX_POINT('',#12623);
#6437=VERTEX_POINT('',#12625);
#6438=VERTEX_POINT('',#12627);
#6439=VERTEX_POINT('',#12630);
#6440=VERTEX_POINT('',#12631);
#6441=VERTEX_POINT('',#12633);
#6442=VERTEX_POINT('',#12635);
#6443=VERTEX_POINT('',#12638);
#6444=VERTEX_POINT('',#12639);
#6445=VERTEX_POINT('',#12641);
#6446=VERTEX_POINT('',#12643);
#6447=VERTEX_POINT('',#12646);
#6448=VERTEX_POINT('',#12647);
#6449=VERTEX_POINT('',#12649);
#6450=VERTEX_POINT('',#12651);
#6451=VERTEX_POINT('',#12654);
#6452=VERTEX_POINT('',#12655);
#6453=VERTEX_POINT('',#12657);
#6454=VERTEX_POINT('',#12659);
#6455=VERTEX_POINT('',#12662);
#6456=VERTEX_POINT('',#12663);
#6457=VERTEX_POINT('',#12665);
#6458=VERTEX_POINT('',#12667);
#6459=VERTEX_POINT('',#12670);
#6460=VERTEX_POINT('',#12671);
#6461=VERTEX_POINT('',#12673);
#6462=VERTEX_POINT('',#12675);
#6463=VERTEX_POINT('',#12678);
#6464=VERTEX_POINT('',#12679);
#6465=VERTEX_POINT('',#12681);
#6466=VERTEX_POINT('',#12683);
#6467=VERTEX_POINT('',#12687);
#6468=VERTEX_POINT('',#12689);
#6469=VERTEX_POINT('',#12691);
#6470=VERTEX_POINT('',#12693);
#6471=VERTEX_POINT('',#12695);
#6472=VERTEX_POINT('',#12697);
#6473=VERTEX_POINT('',#12699);
#6474=VERTEX_POINT('',#12701);
#6475=VERTEX_POINT('',#12703);
#6476=VERTEX_POINT('',#12705);
#6477=VERTEX_POINT('',#12707);
#6478=VERTEX_POINT('',#12709);
#6479=VERTEX_POINT('',#12711);
#6480=VERTEX_POINT('',#12713);
#6481=VERTEX_POINT('',#12715);
#6482=VERTEX_POINT('',#12717);
#6483=VERTEX_POINT('',#12720);
#6484=VERTEX_POINT('',#12722);
#6485=VERTEX_POINT('',#12726);
#6486=VERTEX_POINT('',#12728);
#6487=VERTEX_POINT('',#12732);
#6488=VERTEX_POINT('',#12736);
#6489=VERTEX_POINT('',#12740);
#6490=VERTEX_POINT('',#12742);
#6491=VERTEX_POINT('',#12746);
#6492=VERTEX_POINT('',#12748);
#6493=VERTEX_POINT('',#12752);
#6494=VERTEX_POINT('',#12756);
#6495=VERTEX_POINT('',#12760);
#6496=VERTEX_POINT('',#12762);
#6497=VERTEX_POINT('',#12766);
#6498=VERTEX_POINT('',#12768);
#6499=VERTEX_POINT('',#12772);
#6500=VERTEX_POINT('',#12776);
#6501=VERTEX_POINT('',#12778);
#6502=VERTEX_POINT('',#12782);
#6503=VERTEX_POINT('',#12784);
#6504=VERTEX_POINT('',#12788);
#6505=VERTEX_POINT('',#12792);
#6506=VERTEX_POINT('',#12794);
#6507=VERTEX_POINT('',#12805);
#6508=VERTEX_POINT('',#12808);
#6509=VERTEX_POINT('',#12811);
#6510=VERTEX_POINT('',#12814);
#6511=VERTEX_POINT('',#12818);
#6512=VERTEX_POINT('',#12821);
#6513=VERTEX_POINT('',#12823);
#6514=VERTEX_POINT('',#13403);
#6515=VERTEX_POINT('',#13407);
#6516=VERTEX_POINT('',#13411);
#6517=VERTEX_POINT('',#13415);
#6518=VERTEX_POINT('',#13419);
#6519=VERTEX_POINT('',#13423);
#6520=VERTEX_POINT('',#13427);
#6521=VERTEX_POINT('',#13431);
#6522=VERTEX_POINT('',#13435);
#6523=VERTEX_POINT('',#13439);
#6524=VERTEX_POINT('',#13443);
#6525=VERTEX_POINT('',#13445);
#6526=VERTEX_POINT('',#13449);
#6527=VERTEX_POINT('',#13453);
#6528=VERTEX_POINT('',#13530);
#6529=VERTEX_POINT('',#13533);
#6530=VERTEX_POINT('',#13534);
#6531=VERTEX_POINT('',#13536);
#6532=VERTEX_POINT('',#13538);
#6533=VERTEX_POINT('',#13542);
#6534=VERTEX_POINT('',#13543);
#6535=VERTEX_POINT('',#13545);
#6536=VERTEX_POINT('',#13547);
#6537=VERTEX_POINT('',#13561);
#6538=VERTEX_POINT('',#13563);
#6539=VERTEX_POINT('',#13579);
#6540=VERTEX_POINT('',#13581);
#6541=VERTEX_POINT('',#13597);
#6542=VERTEX_POINT('',#13599);
#6543=VERTEX_POINT('',#13615);
#6544=VERTEX_POINT('',#13617);
#6545=VERTEX_POINT('',#13623);
#6546=VERTEX_POINT('',#13625);
#6547=VERTEX_POINT('',#13629);
#6548=VERTEX_POINT('',#13630);
#6549=VERTEX_POINT('',#13632);
#6550=VERTEX_POINT('',#13634);
#6551=VERTEX_POINT('',#13638);
#6552=VERTEX_POINT('',#13639);
#6553=VERTEX_POINT('',#13641);
#6554=VERTEX_POINT('',#13643);
#6555=VERTEX_POINT('',#13645);
#6556=VERTEX_POINT('',#13649);
#6557=VERTEX_POINT('',#13650);
#6558=VERTEX_POINT('',#13652);
#6559=VERTEX_POINT('',#13654);
#6560=VERTEX_POINT('',#13658);
#6561=VERTEX_POINT('',#13659);
#6562=VERTEX_POINT('',#13661);
#6563=VERTEX_POINT('',#13663);
#6564=VERTEX_POINT('',#13665);
#6565=VERTEX_POINT('',#13672);
#6566=VERTEX_POINT('',#13674);
#6567=VERTEX_POINT('',#13678);
#6568=VERTEX_POINT('',#13680);
#6569=VERTEX_POINT('',#13687);
#6570=VERTEX_POINT('',#13689);
#6571=VERTEX_POINT('',#13703);
#6572=VERTEX_POINT('',#13705);
#6573=VERTEX_POINT('',#13721);
#6574=VERTEX_POINT('',#13723);
#6575=VERTEX_POINT('',#13739);
#6576=VERTEX_POINT('',#13741);
#6577=VERTEX_POINT('',#13747);
#6578=VERTEX_POINT('',#13749);
#6579=VERTEX_POINT('',#13753);
#6580=VERTEX_POINT('',#13754);
#6581=VERTEX_POINT('',#13761);
#6582=VERTEX_POINT('',#13763);
#6583=VERTEX_POINT('',#13767);
#6584=VERTEX_POINT('',#13768);
#6585=VERTEX_POINT('',#13770);
#6586=VERTEX_POINT('',#13772);
#6587=VERTEX_POINT('',#13777);
#6588=VERTEX_POINT('',#13782);
#6589=VERTEX_POINT('',#13787);
#6590=VERTEX_POINT('',#13792);
#6591=VERTEX_POINT('',#13797);
#6592=VERTEX_POINT('',#13802);
#6593=VERTEX_POINT('',#13888);
#6594=VERTEX_POINT('',#13910);
#6595=B_SPLINE_CURVE_WITH_KNOTS('',3,(#11378,#11379,#11380,#11381),
 .UNSPECIFIED.,.F.,.F.,(4,4),(0.,0.00108634783236354),.UNSPECIFIED.);
#6596=B_SPLINE_CURVE_WITH_KNOTS('',3,(#11386,#11387,#11388,#11389),
 .UNSPECIFIED.,.F.,.F.,(4,4),(0.,0.000676781683429108),.UNSPECIFIED.);
#6597=B_SPLINE_CURVE_WITH_KNOTS('',3,(#13557,#13558,#13559,#13560),
 .UNSPECIFIED.,.F.,.F.,(4,4),(-6.00000000100626E-8,0.000720180640761119),
 .UNSPECIFIED.);
#6598=B_SPLINE_CURVE_WITH_KNOTS('',2,(#13564,#13565,#13566),
 .UNSPECIFIED.,.F.,.F.,(3,3),(0.,1.),.PIECEWISE_BEZIER_KNOTS.);
#6599=B_SPLINE_CURVE_WITH_KNOTS('',3,(#13575,#13576,#13577,#13578),
 .UNSPECIFIED.,.F.,.F.,(4,4),(-5.99999998004762E-8,0.000699184848335205),
 .UNSPECIFIED.);
#6600=B_SPLINE_CURVE_WITH_KNOTS('',2,(#13582,#13583,#13584),
 .UNSPECIFIED.,.F.,.F.,(3,3),(0.,1.),.PIECEWISE_BEZIER_KNOTS.);
#6601=B_SPLINE_CURVE_WITH_KNOTS('',3,(#13593,#13594,#13595,#13596),
 .UNSPECIFIED.,.F.,.F.,(4,4),(-5.99999999049715E-8,0.000931834098142604),
 .UNSPECIFIED.);
#6602=B_SPLINE_CURVE_WITH_KNOTS('',2,(#13600,#13601,#13602),
 .UNSPECIFIED.,.F.,.F.,(3,3),(0.,1.),.PIECEWISE_BEZIER_KNOTS.);
#6603=B_SPLINE_CURVE_WITH_KNOTS('',3,(#13611,#13612,#13613,#13614),
 .UNSPECIFIED.,.F.,.F.,(4,4),(-5.99999998588093E-8,0.00109996723075421),
 .UNSPECIFIED.);
#6604=B_SPLINE_CURVE_WITH_KNOTS('',2,(#13618,#13619,#13620),
 .UNSPECIFIED.,.F.,.F.,(3,3),(0.,1.),.PIECEWISE_BEZIER_KNOTS.);
#6605=B_SPLINE_CURVE_WITH_KNOTS('',3,(#13668,#13669,#13670,#13671),
 .UNSPECIFIED.,.F.,.F.,(4,4),(-6.00000000038433E-8,0.000474983011382819),
 .UNSPECIFIED.);
#6606=B_SPLINE_CURVE_WITH_KNOTS('',3,(#13683,#13684,#13685,#13686),
 .UNSPECIFIED.,.F.,.F.,(4,4),(-5.99999999276064E-8,0.000637653086134449),
 .UNSPECIFIED.);
#6607=B_SPLINE_CURVE_WITH_KNOTS('',3,(#13699,#13700,#13701,#13702),
 .UNSPECIFIED.,.F.,.F.,(4,4),(-5.99999999231559E-8,0.000715060686616514),
 .UNSPECIFIED.);
#6608=B_SPLINE_CURVE_WITH_KNOTS('',2,(#13706,#13707,#13708),
 .UNSPECIFIED.,.F.,.F.,(3,3),(0.,1.),.PIECEWISE_BEZIER_KNOTS.);
#6609=B_SPLINE_CURVE_WITH_KNOTS('',3,(#13717,#13718,#13719,#13720),
 .UNSPECIFIED.,.F.,.F.,(4,4),(-6.00000000134005E-8,0.00109211595831295),
 .UNSPECIFIED.);
#6610=B_SPLINE_CURVE_WITH_KNOTS('',2,(#13724,#13725,#13726),
 .UNSPECIFIED.,.F.,.F.,(3,3),(0.,1.),.PIECEWISE_BEZIER_KNOTS.);
#6611=B_SPLINE_CURVE_WITH_KNOTS('',3,(#13735,#13736,#13737,#13738),
 .UNSPECIFIED.,.F.,.F.,(4,4),(-5.99999999080606E-8,0.00111046834136487),
 .UNSPECIFIED.);
#6612=B_SPLINE_CURVE_WITH_KNOTS('',2,(#13742,#13743,#13744),
 .UNSPECIFIED.,.F.,.F.,(3,3),(0.,1.),.PIECEWISE_BEZIER_KNOTS.);
#6613=B_SPLINE_CURVE_WITH_KNOTS('',3,(#13773,#13774,#13775,#13776),
 .UNSPECIFIED.,.F.,.F.,(4,4),(0.,0.000942269782977686),.UNSPECIFIED.);
#6614=B_SPLINE_CURVE_WITH_KNOTS('',3,(#13778,#13779,#13780,#13781),
 .UNSPECIFIED.,.F.,.F.,(4,4),(0.,0.000931376597455923),.UNSPECIFIED.);
#6615=B_SPLINE_CURVE_WITH_KNOTS('',3,(#13783,#13784,#13785,#13786),
 .UNSPECIFIED.,.F.,.F.,(4,4),(0.,0.000622797722707141),.UNSPECIFIED.);
#6616=B_SPLINE_CURVE_WITH_KNOTS('',3,(#13788,#13789,#13790,#13791),
 .UNSPECIFIED.,.F.,.F.,(4,4),(0.,0.000129860083653243),.UNSPECIFIED.);
#6617=B_SPLINE_CURVE_WITH_KNOTS('',3,(#13793,#13794,#13795,#13796),
 .UNSPECIFIED.,.F.,.F.,(4,4),(0.000425240605427634,0.00110161985797431),
 .UNSPECIFIED.);
#6618=B_SPLINE_CURVE_WITH_KNOTS('',3,(#13798,#13799,#13800,#13801),
 .UNSPECIFIED.,.F.,.F.,(4,4),(0.,0.000865780923078981),.UNSPECIFIED.);
#6619=B_SPLINE_CURVE_WITH_KNOTS('',3,(#13803,#13804,#13805,#13806),
 .UNSPECIFIED.,.F.,.F.,(4,4),(0.,0.000862728056926947),.UNSPECIFIED.);
#6620=B_SPLINE_CURVE_WITH_KNOTS('',3,(#13812,#13813,#13814,#13815),
 .UNSPECIFIED.,.F.,.F.,(4,4),(0.,0.000314106854587772),.UNSPECIFIED.);
#6621=B_SPLINE_CURVE_WITH_KNOTS('',3,(#13816,#13817,#13818,#13819),
 .UNSPECIFIED.,.F.,.F.,(4,4),(0.,0.000314107967574601),.UNSPECIFIED.);
#6622=B_SPLINE_CURVE_WITH_KNOTS('',3,(#13870,#13871,#13872,#13873,#13874),
 .UNSPECIFIED.,.F.,.F.,(4,1,4),(0.,0.000199806588835455,0.00039961317767091),
 .UNSPECIFIED.);
#6623=B_SPLINE_CURVE_WITH_KNOTS('',3,(#13890,#13891,#13892,#13893),
 .UNSPECIFIED.,.F.,.F.,(4,4),(4.59112185126023E-5,0.00046452256456423),
 .UNSPECIFIED.);
#6624=B_SPLINE_CURVE_WITH_KNOTS('',3,(#13906,#13907,#13908,#13909),
 .UNSPECIFIED.,.F.,.F.,(4,4),(-3.06913633098763E-6,7.38590217023607E-5),
 .UNSPECIFIED.);
#6625=B_SPLINE_CURVE_WITH_KNOTS('',3,(#13911,#13912,#13913,#13914),
 .UNSPECIFIED.,.F.,.F.,(4,4),(5.77432188112544E-5,0.000130689534174747),
 .UNSPECIFIED.);
#6626=B_SPLINE_CURVE_WITH_KNOTS('',3,(#13916,#13917,#13918,#13919),
 .UNSPECIFIED.,.F.,.F.,(4,4),(1.73472347597681E-18,0.000293691210976817),
 .UNSPECIFIED.);
#6627=EDGE_LOOP('',(#2276,#2277,#2278,#2279,#2280,#2281,#2282,#2283));
#6628=EDGE_LOOP('',(#2284,#2285,#2286,#2287));
#6629=EDGE_LOOP('',(#2288,#2289,#2290,#2291));
#6630=EDGE_LOOP('',(#2292,#2293,#2294,#2295));
#6631=EDGE_LOOP('',(#2296,#2297,#2298,#2299));
#6632=EDGE_LOOP('',(#2300,#2301,#2302,#2303));
#6633=EDGE_LOOP('',(#2304,#2305,#2306,#2307,#2308));
#6634=EDGE_LOOP('',(#2309,#2310,#2311,#2312));
#6635=EDGE_LOOP('',(#2313,#2314,#2315,#2316));
#6636=EDGE_LOOP('',(#2317,#2318,#2319,#2320));
#6637=EDGE_LOOP('',(#2321,#2322,#2323,#2324));
#6638=EDGE_LOOP('',(#2325,#2326,#2327,#2328));
#6639=EDGE_LOOP('',(#2329,#2330,#2331,#2332));
#6640=EDGE_LOOP('',(#2333,#2334,#2335,#2336));
#6641=EDGE_LOOP('',(#2337,#2338,#2339,#2340));
#6642=EDGE_LOOP('',(#2341,#2342,#2343,#2344));
#6643=EDGE_LOOP('',(#2345,#2346,#2347,#2348));
#6644=EDGE_LOOP('',(#2349,#2350,#2351,#2352));
#6645=EDGE_LOOP('',(#2353,#2354,#2355,#2356));
#6646=EDGE_LOOP('',(#2357,#2358,#2359,#2360));
#6647=EDGE_LOOP('',(#2361,#2362,#2363,#2364));
#6648=EDGE_LOOP('',(#2365,#2366,#2367,#2368));
#6649=EDGE_LOOP('',(#2369,#2370,#2371,#2372));
#6650=EDGE_LOOP('',(#2373,#2374,#2375,#2376));
#6651=EDGE_LOOP('',(#2377,#2378,#2379,#2380));
#6652=EDGE_LOOP('',(#2381,#2382,#2383,#2384));
#6653=EDGE_LOOP('',(#2385,#2386,#2387,#2388));
#6654=EDGE_LOOP('',(#2389,#2390,#2391,#2392));
#6655=EDGE_LOOP('',(#2393,#2394,#2395,#2396));
#6656=EDGE_LOOP('',(#2397,#2398,#2399,#2400));
#6657=EDGE_LOOP('',(#2401,#2402,#2403,#2404));
#6658=EDGE_LOOP('',(#2405,#2406,#2407,#2408,#2409));
#6659=EDGE_LOOP('',(#2410,#2411,#2412,#2413));
#6660=EDGE_LOOP('',(#2414,#2415,#2416,#2417));
#6661=EDGE_LOOP('',(#2418,#2419,#2420,#2421));
#6662=EDGE_LOOP('',(#2422,#2423,#2424,#2425));
#6663=EDGE_LOOP('',(#2426,#2427,#2428,#2429));
#6664=EDGE_LOOP('',(#2430,#2431,#2432,#2433));
#6665=EDGE_LOOP('',(#2434,#2435,#2436,#2437,#2438));
#6666=EDGE_LOOP('',(#2439,#2440,#2441,#2442,#2443));
#6667=EDGE_LOOP('',(#2444,#2445,#2446,#2447));
#6668=EDGE_LOOP('',(#2448,#2449,#2450,#2451));
#6669=EDGE_LOOP('',(#2452,#2453,#2454,#2455));
#6670=EDGE_LOOP('',(#2456,#2457,#2458,#2459));
#6671=EDGE_LOOP('',(#2460,#2461,#2462,#2463));
#6672=EDGE_LOOP('',(#2464,#2465,#2466,#2467));
#6673=EDGE_LOOP('',(#2468,#2469,#2470,#2471));
#6674=EDGE_LOOP('',(#2472,#2473,#2474,#2475));
#6675=EDGE_LOOP('',(#2476,#2477,#2478,#2479));
#6676=EDGE_LOOP('',(#2480,#2481,#2482,#2483));
#6677=EDGE_LOOP('',(#2484,#2485,#2486,#2487));
#6678=EDGE_LOOP('',(#2488,#2489,#2490,#2491));
#6679=EDGE_LOOP('',(#2492,#2493,#2494,#2495));
#6680=EDGE_LOOP('',(#2496,#2497,#2498,#2499));
#6681=EDGE_LOOP('',(#2500,#2501,#2502,#2503));
#6682=EDGE_LOOP('',(#2504,#2505,#2506,#2507));
#6683=EDGE_LOOP('',(#2508,#2509,#2510,#2511));
#6684=EDGE_LOOP('',(#2512,#2513,#2514,#2515));
#6685=EDGE_LOOP('',(#2516,#2517,#2518,#2519));
#6686=EDGE_LOOP('',(#2520,#2521,#2522,#2523,#2524));
#6687=EDGE_LOOP('',(#2525,#2526,#2527,#2528));
#6688=EDGE_LOOP('',(#2529,#2530,#2531,#2532,#2533));
#6689=EDGE_LOOP('',(#2534,#2535,#2536,#2537,#2538));
#6690=EDGE_LOOP('',(#2539,#2540,#2541,#2542));
#6691=EDGE_LOOP('',(#2543,#2544,#2545,#2546));
#6692=EDGE_LOOP('',(#2547,#2548,#2549,#2550));
#6693=EDGE_LOOP('',(#2551,#2552,#2553,#2554));
#6694=EDGE_LOOP('',(#2555,#2556,#2557,#2558));
#6695=EDGE_LOOP('',(#2559,#2560,#2561,#2562));
#6696=EDGE_LOOP('',(#2563,#2564,#2565,#2566,#2567));
#6697=EDGE_LOOP('',(#2568,#2569,#2570,#2571));
#6698=EDGE_LOOP('',(#2572,#2573,#2574,#2575));
#6699=EDGE_LOOP('',(#2576,#2577,#2578,#2579));
#6700=EDGE_LOOP('',(#2580,#2581,#2582,#2583));
#6701=EDGE_LOOP('',(#2584,#2585,#2586,#2587));
#6702=EDGE_LOOP('',(#2588,#2589,#2590,#2591));
#6703=EDGE_LOOP('',(#2592,#2593,#2594,#2595,#2596,#2597,#2598,#2599));
#6704=EDGE_LOOP('',(#2600,#2601,#2602,#2603));
#6705=EDGE_LOOP('',(#2604,#2605,#2606,#2607));
#6706=EDGE_LOOP('',(#2608,#2609,#2610,#2611));
#6707=EDGE_LOOP('',(#2612,#2613,#2614,#2615));
#6708=EDGE_LOOP('',(#2616,#2617,#2618,#2619));
#6709=EDGE_LOOP('',(#2620,#2621,#2622,#2623));
#6710=EDGE_LOOP('',(#2624,#2625,#2626,#2627));
#6711=EDGE_LOOP('',(#2628,#2629,#2630,#2631));
#6712=EDGE_LOOP('',(#2632,#2633,#2634,#2635));
#6713=EDGE_LOOP('',(#2636,#2637,#2638,#2639,#2640));
#6714=EDGE_LOOP('',(#2641,#2642,#2643,#2644));
#6715=EDGE_LOOP('',(#2645,#2646,#2647,#2648));
#6716=EDGE_LOOP('',(#2649,#2650,#2651,#2652));
#6717=EDGE_LOOP('',(#2653,#2654,#2655,#2656));
#6718=EDGE_LOOP('',(#2657,#2658,#2659,#2660));
#6719=EDGE_LOOP('',(#2661,#2662,#2663,#2664));
#6720=EDGE_LOOP('',(#2665,#2666,#2667,#2668));
#6721=EDGE_LOOP('',(#2669,#2670,#2671,#2672));
#6722=EDGE_LOOP('',(#2673,#2674,#2675,#2676));
#6723=EDGE_LOOP('',(#2677,#2678,#2679,#2680));
#6724=EDGE_LOOP('',(#2681,#2682,#2683,#2684));
#6725=EDGE_LOOP('',(#2685,#2686,#2687,#2688));
#6726=EDGE_LOOP('',(#2689,#2690,#2691,#2692));
#6727=EDGE_LOOP('',(#2693,#2694,#2695,#2696));
#6728=EDGE_LOOP('',(#2697,#2698,#2699,#2700));
#6729=EDGE_LOOP('',(#2701,#2702,#2703,#2704,#2705));
#6730=EDGE_LOOP('',(#2706,#2707,#2708,#2709));
#6731=EDGE_LOOP('',(#2710,#2711,#2712,#2713,#2714));
#6732=EDGE_LOOP('',(#2715,#2716,#2717,#2718));
#6733=EDGE_LOOP('',(#2719,#2720,#2721,#2722));
#6734=EDGE_LOOP('',(#2723,#2724,#2725,#2726));
#6735=EDGE_LOOP('',(#2727,#2728,#2729,#2730));
#6736=EDGE_LOOP('',(#2731,#2732,#2733,#2734));
#6737=EDGE_LOOP('',(#2735,#2736,#2737,#2738));
#6738=EDGE_LOOP('',(#2739,#2740,#2741,#2742));
#6739=EDGE_LOOP('',(#2743,#2744,#2745,#2746));
#6740=EDGE_LOOP('',(#2747,#2748,#2749,#2750));
#6741=EDGE_LOOP('',(#2751,#2752,#2753,#2754));
#6742=EDGE_LOOP('',(#2755,#2756,#2757,#2758,#2759));
#6743=EDGE_LOOP('',(#2760,#2761,#2762,#2763));
#6744=EDGE_LOOP('',(#2764,#2765,#2766,#2767));
#6745=EDGE_LOOP('',(#2768,#2769,#2770,#2771));
#6746=EDGE_LOOP('',(#2772));
#6747=EDGE_LOOP('',(#2773));
#6748=EDGE_LOOP('',(#2774,#2775,#2776,#2777));
#6749=EDGE_LOOP('',(#2778,#2779,#2780,#2781));
#6750=EDGE_LOOP('',(#2782,#2783,#2784,#2785,#2786));
#6751=EDGE_LOOP('',(#2787,#2788,#2789,#2790,#2791));
#6752=EDGE_LOOP('',(#2792,#2793,#2794,#2795));
#6753=EDGE_LOOP('',(#2796,#2797,#2798,#2799));
#6754=EDGE_LOOP('',(#2800,#2801,#2802,#2803));
#6755=EDGE_LOOP('',(#2804,#2805,#2806,#2807));
#6756=EDGE_LOOP('',(#2808,#2809,#2810,#2811));
#6757=EDGE_LOOP('',(#2812,#2813,#2814,#2815));
#6758=EDGE_LOOP('',(#2816,#2817,#2818,#2819));
#6759=EDGE_LOOP('',(#2820,#2821,#2822,#2823));
#6760=EDGE_LOOP('',(#2824,#2825,#2826,#2827));
#6761=EDGE_LOOP('',(#2828,#2829,#2830,#2831));
#6762=EDGE_LOOP('',(#2832,#2833,#2834,#2835));
#6763=EDGE_LOOP('',(#2836,#2837,#2838,#2839));
#6764=EDGE_LOOP('',(#2840,#2841,#2842,#2843,#2844));
#6765=EDGE_LOOP('',(#2845,#2846,#2847,#2848));
#6766=EDGE_LOOP('',(#2849,#2850,#2851,#2852));
#6767=EDGE_LOOP('',(#2853,#2854,#2855,#2856));
#6768=EDGE_LOOP('',(#2857,#2858,#2859,#2860));
#6769=EDGE_LOOP('',(#2861,#2862,#2863,#2864,#2865));
#6770=EDGE_LOOP('',(#2866,#2867,#2868,#2869));
#6771=EDGE_LOOP('',(#2870,#2871,#2872,#2873));
#6772=EDGE_LOOP('',(#2874,#2875,#2876,#2877));
#6773=EDGE_LOOP('',(#2878,#2879,#2880,#2881));
#6774=EDGE_LOOP('',(#2882,#2883,#2884,#2885));
#6775=EDGE_LOOP('',(#2886,#2887,#2888,#2889));
#6776=EDGE_LOOP('',(#2890,#2891,#2892,#2893));
#6777=EDGE_LOOP('',(#2894,#2895,#2896,#2897));
#6778=EDGE_LOOP('',(#2898,#2899,#2900,#2901));
#6779=EDGE_LOOP('',(#2902,#2903,#2904,#2905));
#6780=EDGE_LOOP('',(#2906,#2907,#2908,#2909));
#6781=EDGE_LOOP('',(#2910,#2911,#2912,#2913));
#6782=EDGE_LOOP('',(#2914,#2915,#2916,#2917));
#6783=EDGE_LOOP('',(#2918,#2919,#2920,#2921));
#6784=EDGE_LOOP('',(#2922,#2923,#2924,#2925));
#6785=EDGE_LOOP('',(#2926));
#6786=EDGE_LOOP('',(#2927));
#6787=EDGE_LOOP('',(#2928));
#6788=EDGE_LOOP('',(#2929));
#6789=EDGE_LOOP('',(#2930));
#6790=EDGE_LOOP('',(#2931));
#6791=EDGE_LOOP('',(#2932));
#6792=EDGE_LOOP('',(#2933));
#6793=EDGE_LOOP('',(#2934));
#6794=EDGE_LOOP('',(#2935));
#6795=EDGE_LOOP('',(#2936,#2937,#2938,#2939,#2940,#2941,#2942,#2943));
#6796=EDGE_LOOP('',(#2944,#2945,#2946,#2947));
#6797=EDGE_LOOP('',(#2948,#2949,#2950,#2951));
#6798=EDGE_LOOP('',(#2952,#2953,#2954,#2955));
#6799=EDGE_LOOP('',(#2956,#2957,#2958,#2959));
#6800=EDGE_LOOP('',(#2960,#2961,#2962,#2963));
#6801=EDGE_LOOP('',(#2964,#2965,#2966,#2967));
#6802=EDGE_LOOP('',(#2968,#2969,#2970,#2971));
#6803=EDGE_LOOP('',(#2972,#2973,#2974,#2975));
#6804=EDGE_LOOP('',(#2976,#2977,#2978,#2979));
#6805=EDGE_LOOP('',(#2980,#2981,#2982,#2983));
#6806=EDGE_LOOP('',(#2984,#2985,#2986,#2987));
#6807=EDGE_LOOP('',(#2988,#2989,#2990,#2991));
#6808=EDGE_LOOP('',(#2992,#2993,#2994,#2995));
#6809=EDGE_LOOP('',(#2996,#2997,#2998,#2999));
#6810=EDGE_LOOP('',(#3000,#3001,#3002,#3003));
#6811=EDGE_LOOP('',(#3004,#3005,#3006,#3007));
#6812=EDGE_LOOP('',(#3008,#3009,#3010,#3011));
#6813=EDGE_LOOP('',(#3012,#3013,#3014,#3015));
#6814=EDGE_LOOP('',(#3016,#3017,#3018,#3019));
#6815=EDGE_LOOP('',(#3020));
#6816=EDGE_LOOP('',(#3021));
#6817=EDGE_LOOP('',(#3022));
#6818=EDGE_LOOP('',(#3023));
#6819=EDGE_LOOP('',(#3024));
#6820=EDGE_LOOP('',(#3025));
#6821=EDGE_LOOP('',(#3026));
#6822=EDGE_LOOP('',(#3027));
#6823=EDGE_LOOP('',(#3028));
#6824=EDGE_LOOP('',(#3029));
#6825=EDGE_LOOP('',(#3030));
#6826=EDGE_LOOP('',(#3031));
#6827=EDGE_LOOP('',(#3032));
#6828=EDGE_LOOP('',(#3033));
#6829=EDGE_LOOP('',(#3034));
#6830=EDGE_LOOP('',(#3035,#3036,#3037,#3038));
#6831=EDGE_LOOP('',(#3039,#3040,#3041,#3042));
#6832=EDGE_LOOP('',(#3043,#3044,#3045,#3046));
#6833=EDGE_LOOP('',(#3047,#3048,#3049,#3050));
#6834=EDGE_LOOP('',(#3051,#3052,#3053,#3054));
#6835=EDGE_LOOP('',(#3055,#3056,#3057,#3058));
#6836=EDGE_LOOP('',(#3059,#3060,#3061,#3062));
#6837=EDGE_LOOP('',(#3063,#3064,#3065,#3066));
#6838=EDGE_LOOP('',(#3067,#3068,#3069,#3070));
#6839=EDGE_LOOP('',(#3071,#3072,#3073,#3074));
#6840=EDGE_LOOP('',(#3075,#3076,#3077,#3078));
#6841=EDGE_LOOP('',(#3079,#3080,#3081,#3082));
#6842=EDGE_LOOP('',(#3083,#3084,#3085,#3086));
#6843=EDGE_LOOP('',(#3087,#3088,#3089,#3090));
#6844=EDGE_LOOP('',(#3091,#3092,#3093,#3094));
#6845=EDGE_LOOP('',(#3095,#3096,#3097,#3098));
#6846=EDGE_LOOP('',(#3099,#3100,#3101,#3102));
#6847=EDGE_LOOP('',(#3103,#3104,#3105,#3106));
#6848=EDGE_LOOP('',(#3107,#3108,#3109,#3110));
#6849=EDGE_LOOP('',(#3111,#3112,#3113,#3114));
#6850=EDGE_LOOP('',(#3115,#3116,#3117,#3118));
#6851=EDGE_LOOP('',(#3119,#3120,#3121,#3122));
#6852=EDGE_LOOP('',(#3123,#3124,#3125,#3126));
#6853=EDGE_LOOP('',(#3127,#3128,#3129,#3130));
#6854=EDGE_LOOP('',(#3131,#3132,#3133,#3134));
#6855=EDGE_LOOP('',(#3135,#3136,#3137,#3138));
#6856=EDGE_LOOP('',(#3139,#3140,#3141,#3142));
#6857=EDGE_LOOP('',(#3143,#3144,#3145,#3146));
#6858=EDGE_LOOP('',(#3147,#3148,#3149,#3150));
#6859=EDGE_LOOP('',(#3151,#3152,#3153,#3154));
#6860=EDGE_LOOP('',(#3155,#3156,#3157,#3158));
#6861=EDGE_LOOP('',(#3159,#3160,#3161,#3162));
#6862=EDGE_LOOP('',(#3163,#3164,#3165,#3166));
#6863=EDGE_LOOP('',(#3167,#3168,#3169,#3170));
#6864=EDGE_LOOP('',(#3171,#3172,#3173,#3174));
#6865=EDGE_LOOP('',(#3175,#3176,#3177,#3178));
#6866=EDGE_LOOP('',(#3179,#3180,#3181,#3182));
#6867=EDGE_LOOP('',(#3183,#3184,#3185,#3186));
#6868=EDGE_LOOP('',(#3187,#3188,#3189,#3190));
#6869=EDGE_LOOP('',(#3191,#3192,#3193,#3194));
#6870=EDGE_LOOP('',(#3195,#3196,#3197,#3198));
#6871=EDGE_LOOP('',(#3199,#3200,#3201,#3202));
#6872=EDGE_LOOP('',(#3203,#3204,#3205,#3206));
#6873=EDGE_LOOP('',(#3207,#3208,#3209,#3210));
#6874=EDGE_LOOP('',(#3211,#3212,#3213,#3214));
#6875=EDGE_LOOP('',(#3215,#3216,#3217,#3218));
#6876=EDGE_LOOP('',(#3219,#3220,#3221,#3222));
#6877=EDGE_LOOP('',(#3223,#3224,#3225,#3226));
#6878=EDGE_LOOP('',(#3227,#3228,#3229,#3230));
#6879=EDGE_LOOP('',(#3231,#3232,#3233,#3234));
#6880=EDGE_LOOP('',(#3235,#3236,#3237,#3238));
#6881=EDGE_LOOP('',(#3239,#3240,#3241,#3242));
#6882=EDGE_LOOP('',(#3243,#3244,#3245,#3246));
#6883=EDGE_LOOP('',(#3247,#3248,#3249,#3250));
#6884=EDGE_LOOP('',(#3251,#3252,#3253,#3254));
#6885=EDGE_LOOP('',(#3255,#3256,#3257,#3258));
#6886=EDGE_LOOP('',(#3259,#3260,#3261,#3262));
#6887=EDGE_LOOP('',(#3263,#3264,#3265,#3266));
#6888=EDGE_LOOP('',(#3267,#3268,#3269,#3270));
#6889=EDGE_LOOP('',(#3271,#3272,#3273,#3274));
#6890=EDGE_LOOP('',(#3275,#3276,#3277,#3278));
#6891=EDGE_LOOP('',(#3279,#3280,#3281,#3282));
#6892=EDGE_LOOP('',(#3283,#3284,#3285,#3286));
#6893=EDGE_LOOP('',(#3287,#3288,#3289,#3290));
#6894=EDGE_LOOP('',(#3291,#3292,#3293,#3294));
#6895=EDGE_LOOP('',(#3295,#3296,#3297,#3298));
#6896=EDGE_LOOP('',(#3299,#3300,#3301,#3302));
#6897=EDGE_LOOP('',(#3303,#3304,#3305,#3306));
#6898=EDGE_LOOP('',(#3307,#3308,#3309,#3310));
#6899=EDGE_LOOP('',(#3311,#3312,#3313,#3314));
#6900=EDGE_LOOP('',(#3315,#3316,#3317,#3318));
#6901=EDGE_LOOP('',(#3319,#3320,#3321,#3322));
#6902=EDGE_LOOP('',(#3323,#3324,#3325,#3326));
#6903=EDGE_LOOP('',(#3327,#3328,#3329,#3330));
#6904=EDGE_LOOP('',(#3331,#3332,#3333,#3334));
#6905=EDGE_LOOP('',(#3335,#3336,#3337,#3338));
#6906=EDGE_LOOP('',(#3339,#3340,#3341,#3342));
#6907=EDGE_LOOP('',(#3343,#3344,#3345,#3346));
#6908=EDGE_LOOP('',(#3347,#3348,#3349,#3350));
#6909=EDGE_LOOP('',(#3351,#3352,#3353,#3354));
#6910=EDGE_LOOP('',(#3355,#3356,#3357,#3358));
#6911=EDGE_LOOP('',(#3359,#3360,#3361,#3362));
#6912=EDGE_LOOP('',(#3363,#3364,#3365,#3366));
#6913=EDGE_LOOP('',(#3367,#3368,#3369,#3370));
#6914=EDGE_LOOP('',(#3371,#3372,#3373,#3374));
#6915=EDGE_LOOP('',(#3375,#3376,#3377,#3378));
#6916=EDGE_LOOP('',(#3379,#3380,#3381,#3382));
#6917=EDGE_LOOP('',(#3383,#3384,#3385,#3386));
#6918=EDGE_LOOP('',(#3387,#3388,#3389,#3390));
#6919=EDGE_LOOP('',(#3391,#3392,#3393,#3394));
#6920=EDGE_LOOP('',(#3395,#3396,#3397,#3398));
#6921=EDGE_LOOP('',(#3399,#3400,#3401,#3402));
#6922=EDGE_LOOP('',(#3403,#3404,#3405,#3406));
#6923=EDGE_LOOP('',(#3407,#3408,#3409,#3410));
#6924=EDGE_LOOP('',(#3411,#3412,#3413,#3414));
#6925=EDGE_LOOP('',(#3415,#3416,#3417,#3418));
#6926=EDGE_LOOP('',(#3419,#3420,#3421,#3422));
#6927=EDGE_LOOP('',(#3423,#3424,#3425,#3426));
#6928=EDGE_LOOP('',(#3427,#3428,#3429,#3430));
#6929=EDGE_LOOP('',(#3431,#3432,#3433,#3434));
#6930=EDGE_LOOP('',(#3435,#3436,#3437,#3438));
#6931=EDGE_LOOP('',(#3439,#3440,#3441,#3442));
#6932=EDGE_LOOP('',(#3443,#3444,#3445,#3446));
#6933=EDGE_LOOP('',(#3447,#3448,#3449,#3450));
#6934=EDGE_LOOP('',(#3451,#3452,#3453,#3454));
#6935=EDGE_LOOP('',(#3455,#3456,#3457,#3458));
#6936=EDGE_LOOP('',(#3459,#3460,#3461,#3462));
#6937=EDGE_LOOP('',(#3463,#3464,#3465,#3466));
#6938=EDGE_LOOP('',(#3467,#3468,#3469,#3470));
#6939=EDGE_LOOP('',(#3471,#3472,#3473,#3474));
#6940=EDGE_LOOP('',(#3475,#3476,#3477,#3478));
#6941=EDGE_LOOP('',(#3479,#3480,#3481,#3482));
#6942=EDGE_LOOP('',(#3483,#3484,#3485,#3486));
#6943=EDGE_LOOP('',(#3487,#3488,#3489,#3490));
#6944=EDGE_LOOP('',(#3491,#3492,#3493,#3494));
#6945=EDGE_LOOP('',(#3495,#3496,#3497,#3498));
#6946=EDGE_LOOP('',(#3499,#3500,#3501,#3502));
#6947=EDGE_LOOP('',(#3503,#3504,#3505,#3506));
#6948=EDGE_LOOP('',(#3507,#3508,#3509,#3510));
#6949=EDGE_LOOP('',(#3511,#3512,#3513,#3514));
#6950=EDGE_LOOP('',(#3515,#3516,#3517,#3518));
#6951=EDGE_LOOP('',(#3519,#3520,#3521,#3522));
#6952=EDGE_LOOP('',(#3523,#3524,#3525,#3526));
#6953=EDGE_LOOP('',(#3527,#3528,#3529,#3530));
#6954=EDGE_LOOP('',(#3531,#3532,#3533,#3534));
#6955=EDGE_LOOP('',(#3535,#3536,#3537,#3538));
#6956=EDGE_LOOP('',(#3539,#3540,#3541,#3542));
#6957=EDGE_LOOP('',(#3543,#3544,#3545,#3546));
#6958=EDGE_LOOP('',(#3547,#3548,#3549,#3550));
#6959=EDGE_LOOP('',(#3551,#3552,#3553,#3554));
#6960=EDGE_LOOP('',(#3555,#3556,#3557,#3558));
#6961=EDGE_LOOP('',(#3559,#3560,#3561,#3562));
#6962=EDGE_LOOP('',(#3563,#3564,#3565,#3566));
#6963=EDGE_LOOP('',(#3567,#3568,#3569,#3570));
#6964=EDGE_LOOP('',(#3571,#3572,#3573,#3574));
#6965=EDGE_LOOP('',(#3575,#3576,#3577,#3578));
#6966=EDGE_LOOP('',(#3579,#3580,#3581,#3582));
#6967=EDGE_LOOP('',(#3583,#3584,#3585,#3586));
#6968=EDGE_LOOP('',(#3587,#3588,#3589,#3590));
#6969=EDGE_LOOP('',(#3591,#3592,#3593,#3594));
#6970=EDGE_LOOP('',(#3595,#3596,#3597,#3598));
#6971=EDGE_LOOP('',(#3599,#3600,#3601,#3602));
#6972=EDGE_LOOP('',(#3603,#3604,#3605,#3606));
#6973=EDGE_LOOP('',(#3607,#3608,#3609,#3610));
#6974=EDGE_LOOP('',(#3611,#3612,#3613,#3614));
#6975=EDGE_LOOP('',(#3615,#3616,#3617,#3618));
#6976=EDGE_LOOP('',(#3619,#3620,#3621,#3622));
#6977=EDGE_LOOP('',(#3623,#3624,#3625,#3626));
#6978=EDGE_LOOP('',(#3627,#3628,#3629,#3630));
#6979=EDGE_LOOP('',(#3631,#3632,#3633,#3634));
#6980=EDGE_LOOP('',(#3635,#3636,#3637,#3638));
#6981=EDGE_LOOP('',(#3639,#3640,#3641,#3642));
#6982=EDGE_LOOP('',(#3643,#3644,#3645,#3646));
#6983=EDGE_LOOP('',(#3647,#3648,#3649,#3650));
#6984=EDGE_LOOP('',(#3651,#3652,#3653,#3654));
#6985=EDGE_LOOP('',(#3655,#3656,#3657,#3658));
#6986=EDGE_LOOP('',(#3659,#3660,#3661,#3662));
#6987=EDGE_LOOP('',(#3663,#3664,#3665,#3666));
#6988=EDGE_LOOP('',(#3667,#3668,#3669,#3670));
#6989=EDGE_LOOP('',(#3671,#3672,#3673,#3674));
#6990=EDGE_LOOP('',(#3675,#3676,#3677,#3678));
#6991=EDGE_LOOP('',(#3679,#3680,#3681,#3682));
#6992=EDGE_LOOP('',(#3683,#3684,#3685,#3686));
#6993=EDGE_LOOP('',(#3687,#3688,#3689,#3690));
#6994=EDGE_LOOP('',(#3691,#3692,#3693,#3694));
#6995=EDGE_LOOP('',(#3695,#3696,#3697,#3698));
#6996=EDGE_LOOP('',(#3699,#3700,#3701,#3702));
#6997=EDGE_LOOP('',(#3703,#3704,#3705,#3706));
#6998=EDGE_LOOP('',(#3707,#3708,#3709,#3710));
#6999=EDGE_LOOP('',(#3711,#3712,#3713,#3714));
#7000=EDGE_LOOP('',(#3715,#3716,#3717,#3718));
#7001=EDGE_LOOP('',(#3719,#3720,#3721,#3722));
#7002=EDGE_LOOP('',(#3723,#3724,#3725,#3726));
#7003=EDGE_LOOP('',(#3727,#3728,#3729,#3730));
#7004=EDGE_LOOP('',(#3731,#3732,#3733,#3734));
#7005=EDGE_LOOP('',(#3735,#3736,#3737,#3738));
#7006=EDGE_LOOP('',(#3739,#3740,#3741,#3742));
#7007=EDGE_LOOP('',(#3743,#3744,#3745,#3746));
#7008=EDGE_LOOP('',(#3747,#3748,#3749,#3750));
#7009=EDGE_LOOP('',(#3751,#3752,#3753,#3754));
#7010=EDGE_LOOP('',(#3755,#3756,#3757,#3758));
#7011=EDGE_LOOP('',(#3759,#3760,#3761,#3762));
#7012=EDGE_LOOP('',(#3763,#3764,#3765,#3766));
#7013=EDGE_LOOP('',(#3767,#3768,#3769,#3770));
#7014=EDGE_LOOP('',(#3771,#3772,#3773,#3774));
#7015=EDGE_LOOP('',(#3775,#3776,#3777,#3778));
#7016=EDGE_LOOP('',(#3779,#3780,#3781,#3782));
#7017=EDGE_LOOP('',(#3783,#3784,#3785,#3786));
#7018=EDGE_LOOP('',(#3787,#3788,#3789,#3790));
#7019=EDGE_LOOP('',(#3791,#3792,#3793,#3794));
#7020=EDGE_LOOP('',(#3795,#3796,#3797,#3798));
#7021=EDGE_LOOP('',(#3799,#3800,#3801,#3802));
#7022=EDGE_LOOP('',(#3803,#3804,#3805,#3806));
#7023=EDGE_LOOP('',(#3807,#3808,#3809,#3810));
#7024=EDGE_LOOP('',(#3811,#3812,#3813,#3814));
#7025=EDGE_LOOP('',(#3815,#3816,#3817,#3818));
#7026=EDGE_LOOP('',(#3819,#3820,#3821,#3822));
#7027=EDGE_LOOP('',(#3823,#3824,#3825,#3826));
#7028=EDGE_LOOP('',(#3827,#3828,#3829,#3830));
#7029=EDGE_LOOP('',(#3831,#3832,#3833,#3834));
#7030=EDGE_LOOP('',(#3835,#3836,#3837,#3838));
#7031=EDGE_LOOP('',(#3839,#3840,#3841,#3842));
#7032=EDGE_LOOP('',(#3843,#3844,#3845,#3846));
#7033=EDGE_LOOP('',(#3847,#3848,#3849,#3850));
#7034=EDGE_LOOP('',(#3851,#3852,#3853,#3854));
#7035=EDGE_LOOP('',(#3855,#3856,#3857,#3858));
#7036=EDGE_LOOP('',(#3859,#3860,#3861,#3862));
#7037=EDGE_LOOP('',(#3863,#3864,#3865,#3866));
#7038=EDGE_LOOP('',(#3867,#3868,#3869,#3870));
#7039=EDGE_LOOP('',(#3871,#3872,#3873,#3874));
#7040=EDGE_LOOP('',(#3875,#3876,#3877,#3878));
#7041=EDGE_LOOP('',(#3879,#3880,#3881,#3882));
#7042=EDGE_LOOP('',(#3883,#3884,#3885,#3886));
#7043=EDGE_LOOP('',(#3887,#3888,#3889,#3890));
#7044=EDGE_LOOP('',(#3891,#3892,#3893,#3894));
#7045=EDGE_LOOP('',(#3895,#3896,#3897,#3898));
#7046=EDGE_LOOP('',(#3899,#3900,#3901,#3902));
#7047=EDGE_LOOP('',(#3903,#3904,#3905,#3906));
#7048=EDGE_LOOP('',(#3907,#3908,#3909,#3910));
#7049=EDGE_LOOP('',(#3911,#3912,#3913,#3914));
#7050=EDGE_LOOP('',(#3915,#3916,#3917,#3918));
#7051=EDGE_LOOP('',(#3919,#3920,#3921,#3922));
#7052=EDGE_LOOP('',(#3923,#3924,#3925,#3926));
#7053=EDGE_LOOP('',(#3927,#3928,#3929,#3930));
#7054=EDGE_LOOP('',(#3931,#3932,#3933,#3934));
#7055=EDGE_LOOP('',(#3935,#3936,#3937,#3938));
#7056=EDGE_LOOP('',(#3939,#3940,#3941,#3942));
#7057=EDGE_LOOP('',(#3943,#3944,#3945,#3946));
#7058=EDGE_LOOP('',(#3947,#3948,#3949,#3950));
#7059=EDGE_LOOP('',(#3951,#3952,#3953,#3954));
#7060=EDGE_LOOP('',(#3955,#3956,#3957,#3958));
#7061=EDGE_LOOP('',(#3959,#3960,#3961,#3962));
#7062=EDGE_LOOP('',(#3963,#3964,#3965,#3966));
#7063=EDGE_LOOP('',(#3967,#3968,#3969,#3970));
#7064=EDGE_LOOP('',(#3971,#3972,#3973,#3974));
#7065=EDGE_LOOP('',(#3975,#3976,#3977,#3978));
#7066=EDGE_LOOP('',(#3979,#3980,#3981,#3982));
#7067=EDGE_LOOP('',(#3983,#3984,#3985,#3986));
#7068=EDGE_LOOP('',(#3987,#3988,#3989,#3990));
#7069=EDGE_LOOP('',(#3991,#3992,#3993,#3994));
#7070=EDGE_LOOP('',(#3995,#3996,#3997,#3998));
#7071=EDGE_LOOP('',(#3999,#4000,#4001,#4002));
#7072=EDGE_LOOP('',(#4003,#4004,#4005,#4006));
#7073=EDGE_LOOP('',(#4007,#4008,#4009,#4010));
#7074=EDGE_LOOP('',(#4011,#4012,#4013,#4014));
#7075=EDGE_LOOP('',(#4015,#4016,#4017,#4018));
#7076=EDGE_LOOP('',(#4019,#4020,#4021,#4022));
#7077=EDGE_LOOP('',(#4023,#4024,#4025,#4026));
#7078=EDGE_LOOP('',(#4027,#4028,#4029,#4030));
#7079=EDGE_LOOP('',(#4031,#4032,#4033,#4034));
#7080=EDGE_LOOP('',(#4035,#4036,#4037,#4038));
#7081=EDGE_LOOP('',(#4039,#4040,#4041,#4042));
#7082=EDGE_LOOP('',(#4043,#4044,#4045,#4046));
#7083=EDGE_LOOP('',(#4047,#4048,#4049,#4050));
#7084=EDGE_LOOP('',(#4051,#4052,#4053,#4054));
#7085=EDGE_LOOP('',(#4055,#4056,#4057,#4058));
#7086=EDGE_LOOP('',(#4059,#4060,#4061,#4062));
#7087=EDGE_LOOP('',(#4063,#4064,#4065,#4066));
#7088=EDGE_LOOP('',(#4067,#4068,#4069,#4070));
#7089=EDGE_LOOP('',(#4071,#4072,#4073,#4074));
#7090=EDGE_LOOP('',(#4075,#4076,#4077,#4078));
#7091=EDGE_LOOP('',(#4079,#4080,#4081,#4082));
#7092=EDGE_LOOP('',(#4083,#4084,#4085,#4086));
#7093=EDGE_LOOP('',(#4087,#4088,#4089,#4090));
#7094=EDGE_LOOP('',(#4091,#4092,#4093,#4094));
#7095=EDGE_LOOP('',(#4095,#4096,#4097,#4098));
#7096=EDGE_LOOP('',(#4099,#4100,#4101,#4102));
#7097=EDGE_LOOP('',(#4103,#4104,#4105,#4106));
#7098=EDGE_LOOP('',(#4107,#4108,#4109,#4110));
#7099=EDGE_LOOP('',(#4111,#4112,#4113,#4114));
#7100=EDGE_LOOP('',(#4115,#4116,#4117,#4118));
#7101=EDGE_LOOP('',(#4119,#4120,#4121,#4122));
#7102=EDGE_LOOP('',(#4123,#4124,#4125,#4126));
#7103=EDGE_LOOP('',(#4127,#4128,#4129,#4130));
#7104=EDGE_LOOP('',(#4131,#4132,#4133,#4134));
#7105=EDGE_LOOP('',(#4135,#4136,#4137,#4138));
#7106=EDGE_LOOP('',(#4139,#4140,#4141,#4142));
#7107=EDGE_LOOP('',(#4143,#4144,#4145,#4146));
#7108=EDGE_LOOP('',(#4147,#4148,#4149,#4150));
#7109=EDGE_LOOP('',(#4151,#4152,#4153,#4154));
#7110=EDGE_LOOP('',(#4155,#4156,#4157,#4158));
#7111=EDGE_LOOP('',(#4159,#4160,#4161,#4162));
#7112=EDGE_LOOP('',(#4163,#4164,#4165,#4166));
#7113=EDGE_LOOP('',(#4167,#4168,#4169,#4170));
#7114=EDGE_LOOP('',(#4171,#4172,#4173,#4174));
#7115=EDGE_LOOP('',(#4175,#4176,#4177,#4178));
#7116=EDGE_LOOP('',(#4179,#4180,#4181,#4182));
#7117=EDGE_LOOP('',(#4183,#4184,#4185,#4186));
#7118=EDGE_LOOP('',(#4187));
#7119=EDGE_LOOP('',(#4188));
#7120=EDGE_LOOP('',(#4189));
#7121=EDGE_LOOP('',(#4190));
#7122=EDGE_LOOP('',(#4191));
#7123=EDGE_LOOP('',(#4192));
#7124=EDGE_LOOP('',(#4193));
#7125=EDGE_LOOP('',(#4194));
#7126=EDGE_LOOP('',(#4195));
#7127=EDGE_LOOP('',(#4196));
#7128=EDGE_LOOP('',(#4197));
#7129=EDGE_LOOP('',(#4198));
#7130=EDGE_LOOP('',(#4199));
#7131=EDGE_LOOP('',(#4200));
#7132=EDGE_LOOP('',(#4201));
#7133=EDGE_LOOP('',(#4202));
#7134=EDGE_LOOP('',(#4203));
#7135=EDGE_LOOP('',(#4204));
#7136=EDGE_LOOP('',(#4205));
#7137=EDGE_LOOP('',(#4206));
#7138=EDGE_LOOP('',(#4207));
#7139=EDGE_LOOP('',(#4208));
#7140=EDGE_LOOP('',(#4209));
#7141=EDGE_LOOP('',(#4210));
#7142=EDGE_LOOP('',(#4211));
#7143=EDGE_LOOP('',(#4212));
#7144=EDGE_LOOP('',(#4213));
#7145=EDGE_LOOP('',(#4214));
#7146=EDGE_LOOP('',(#4215));
#7147=EDGE_LOOP('',(#4216));
#7148=EDGE_LOOP('',(#4217,#4218,#4219,#4220));
#7149=EDGE_LOOP('',(#4221,#4222,#4223,#4224));
#7150=EDGE_LOOP('',(#4225,#4226,#4227,#4228));
#7151=EDGE_LOOP('',(#4229,#4230,#4231,#4232));
#7152=EDGE_LOOP('',(#4233,#4234,#4235,#4236));
#7153=EDGE_LOOP('',(#4237,#4238,#4239,#4240));
#7154=EDGE_LOOP('',(#4241,#4242,#4243,#4244));
#7155=EDGE_LOOP('',(#4245,#4246,#4247,#4248));
#7156=EDGE_LOOP('',(#4249,#4250,#4251,#4252));
#7157=EDGE_LOOP('',(#4253,#4254,#4255,#4256));
#7158=EDGE_LOOP('',(#4257,#4258,#4259,#4260));
#7159=EDGE_LOOP('',(#4261,#4262,#4263,#4264));
#7160=EDGE_LOOP('',(#4265,#4266,#4267,#4268));
#7161=EDGE_LOOP('',(#4269,#4270,#4271,#4272));
#7162=EDGE_LOOP('',(#4273,#4274,#4275,#4276));
#7163=EDGE_LOOP('',(#4277,#4278,#4279,#4280));
#7164=EDGE_LOOP('',(#4281,#4282,#4283));
#7165=EDGE_LOOP('',(#4284,#4285,#4286,#4287));
#7166=EDGE_LOOP('',(#4288,#4289,#4290,#4291));
#7167=EDGE_LOOP('',(#4292,#4293,#4294,#4295));
#7168=EDGE_LOOP('',(#4296,#4297,#4298,#4299));
#7169=EDGE_LOOP('',(#4300,#4301,#4302));
#7170=EDGE_LOOP('',(#4303,#4304,#4305));
#7171=EDGE_LOOP('',(#4306,#4307,#4308,#4309));
#7172=EDGE_LOOP('',(#4310,#4311,#4312,#4313));
#7173=EDGE_LOOP('',(#4314,#4315,#4316));
#7174=EDGE_LOOP('',(#4317,#4318,#4319,#4320));
#7175=EDGE_LOOP('',(#4321,#4322,#4323,#4324));
#7176=EDGE_LOOP('',(#4325,#4326,#4327,#4328));
#7177=EDGE_LOOP('',(#4329,#4330,#4331,#4332));
#7178=EDGE_LOOP('',(#4333,#4334,#4335,#4336));
#7179=EDGE_LOOP('',(#4337,#4338,#4339,#4340));
#7180=EDGE_LOOP('',(#4341,#4342,#4343,#4344));
#7181=EDGE_LOOP('',(#4345,#4346,#4347,#4348));
#7182=EDGE_LOOP('',(#4349,#4350,#4351,#4352));
#7183=EDGE_LOOP('',(#4353,#4354,#4355,#4356));
#7184=EDGE_LOOP('',(#4357,#4358,#4359,#4360));
#7185=EDGE_LOOP('',(#4361,#4362,#4363,#4364));
#7186=EDGE_LOOP('',(#4365,#4366,#4367,#4368));
#7187=EDGE_LOOP('',(#4369,#4370,#4371,#4372));
#7188=EDGE_LOOP('',(#4373));
#7189=EDGE_LOOP('',(#4374,#4375,#4376,#4377));
#7190=EDGE_LOOP('',(#4378,#4379,#4380,#4381));
#7191=EDGE_LOOP('',(#4382,#4383,#4384,#4385));
#7192=EDGE_LOOP('',(#4386,#4387,#4388,#4389));
#7193=EDGE_LOOP('',(#4390,#4391,#4392,#4393));
#7194=EDGE_LOOP('',(#4394,#4395,#4396,#4397));
#7195=EDGE_LOOP('',(#4398,#4399,#4400,#4401));
#7196=EDGE_LOOP('',(#4402,#4403,#4404,#4405));
#7197=EDGE_LOOP('',(#4406,#4407,#4408,#4409,#4410));
#7198=EDGE_LOOP('',(#4411,#4412,#4413,#4414));
#7199=EDGE_LOOP('',(#4415,#4416,#4417,#4418,#4419));
#7200=EDGE_LOOP('',(#4420,#4421,#4422,#4423));
#7201=EDGE_LOOP('',(#4424,#4425,#4426,#4427));
#7202=EDGE_LOOP('',(#4428,#4429,#4430,#4431));
#7203=EDGE_LOOP('',(#4432,#4433,#4434,#4435));
#7204=EDGE_LOOP('',(#4436,#4437,#4438,#4439));
#7205=EDGE_LOOP('',(#4440,#4441,#4442,#4443));
#7206=EDGE_LOOP('',(#4444,#4445,#4446,#4447));
#7207=EDGE_LOOP('',(#4448,#4449,#4450,#4451,#4452,#4453,#4454,#4455,#4456,
#4457,#4458,#4459,#4460,#4461,#4462,#4463,#4464,#4465,#4466,#4467,#4468,
#4469,#4470,#4471,#4472,#4473));
#7208=EDGE_LOOP('',(#4474,#4475,#4476,#4477,#4478,#4479,#4480,#4481,#4482,
#4483));
#7209=EDGE_LOOP('',(#4484,#4485,#4486));
#7210=EDGE_LOOP('',(#4487,#4488,#4489,#4490,#4491,#4492,#4493,#4494,#4495,
#4496));
#7211=EDGE_LOOP('',(#4497,#4498,#4499,#4500));
#7212=EDGE_LOOP('',(#4501,#4502,#4503));
#7213=EDGE_LOOP('',(#4504,#4505,#4506));
#7214=EDGE_LOOP('',(#4507,#4508,#4509,#4510));
#7215=EDGE_LOOP('',(#4511,#4512,#4513,#4514));
#7216=EDGE_LOOP('',(#4515,#4516,#4517));
#7217=EDGE_LOOP('',(#4518,#4519,#4520,#4521));
#7218=EDGE_LOOP('',(#4522,#4523,#4524,#4525));
#7219=EDGE_LOOP('',(#4526,#4527,#4528,#4529));
#7220=EDGE_LOOP('',(#4530,#4531,#4532));
#7221=EDGE_LOOP('',(#4533,#4534,#4535));
#7222=EDGE_LOOP('',(#4536,#4537,#4538,#4539));
#7223=EDGE_LOOP('',(#4540,#4541,#4542,#4543));
#7224=EDGE_LOOP('',(#4544,#4545,#4546,#4547));
#7225=EDGE_LOOP('',(#4548,#4549,#4550,#4551));
#7226=EDGE_LOOP('',(#4552,#4553,#4554));
#7227=EDGE_LOOP('',(#4555,#4556,#4557));
#7228=EDGE_LOOP('',(#4558,#4559,#4560,#4561));
#7229=EDGE_LOOP('',(#4562,#4563,#4564,#4565));
#7230=EDGE_LOOP('',(#4566,#4567,#4568,#4569));
#7231=EDGE_LOOP('',(#4570,#4571,#4572,#4573,#4574));
#7232=EDGE_LOOP('',(#4575,#4576,#4577,#4578,#4579,#4580));
#7233=EDGE_LOOP('',(#4581,#4582,#4583,#4584,#4585));
#7234=EDGE_LOOP('',(#4586,#4587,#4588,#4589));
#7235=EDGE_LOOP('',(#4590,#4591,#4592,#4593,#4594,#4595));
#7236=EDGE_LOOP('',(#4596,#4597,#4598,#4599));
#7237=EDGE_LOOP('',(#4600,#4601,#4602,#4603));
#7238=EDGE_LOOP('',(#4604,#4605,#4606,#4607));
#7239=EDGE_LOOP('',(#4608,#4609,#4610,#4611));
#7240=EDGE_LOOP('',(#4612,#4613,#4614,#4615));
#7241=EDGE_LOOP('',(#4616,#4617,#4618));
#7242=EDGE_LOOP('',(#4619,#4620,#4621,#4622));
#7243=EDGE_LOOP('',(#4623,#4624,#4625,#4626));
#7244=EDGE_LOOP('',(#4627,#4628,#4629,#4630));
#7245=EDGE_LOOP('',(#4631,#4632,#4633));
#7246=EDGE_LOOP('',(#4634,#4635,#4636,#4637));
#7247=FACE_BOUND('',#6627,.T.);
#7248=FACE_BOUND('',#6628,.T.);
#7249=FACE_BOUND('',#6629,.T.);
#7250=FACE_BOUND('',#6630,.T.);
#7251=FACE_BOUND('',#6631,.T.);
#7252=FACE_BOUND('',#6632,.T.);
#7253=FACE_BOUND('',#6633,.T.);
#7254=FACE_BOUND('',#6634,.T.);
#7255=FACE_BOUND('',#6635,.T.);
#7256=FACE_BOUND('',#6636,.T.);
#7257=FACE_BOUND('',#6637,.T.);
#7258=FACE_BOUND('',#6638,.T.);
#7259=FACE_BOUND('',#6639,.T.);
#7260=FACE_BOUND('',#6640,.T.);
#7261=FACE_BOUND('',#6641,.T.);
#7262=FACE_BOUND('',#6642,.T.);
#7263=FACE_BOUND('',#6643,.T.);
#7264=FACE_BOUND('',#6644,.T.);
#7265=FACE_BOUND('',#6645,.T.);
#7266=FACE_BOUND('',#6646,.T.);
#7267=FACE_BOUND('',#6647,.T.);
#7268=FACE_BOUND('',#6648,.T.);
#7269=FACE_BOUND('',#6649,.T.);
#7270=FACE_BOUND('',#6650,.T.);
#7271=FACE_BOUND('',#6651,.T.);
#7272=FACE_BOUND('',#6652,.T.);
#7273=FACE_BOUND('',#6653,.T.);
#7274=FACE_BOUND('',#6654,.T.);
#7275=FACE_BOUND('',#6655,.T.);
#7276=FACE_BOUND('',#6656,.T.);
#7277=FACE_BOUND('',#6657,.T.);
#7278=FACE_BOUND('',#6658,.T.);
#7279=FACE_BOUND('',#6659,.T.);
#7280=FACE_BOUND('',#6660,.T.);
#7281=FACE_BOUND('',#6661,.T.);
#7282=FACE_BOUND('',#6662,.T.);
#7283=FACE_BOUND('',#6663,.T.);
#7284=FACE_BOUND('',#6664,.T.);
#7285=FACE_BOUND('',#6665,.T.);
#7286=FACE_BOUND('',#6666,.T.);
#7287=FACE_BOUND('',#6667,.T.);
#7288=FACE_BOUND('',#6668,.T.);
#7289=FACE_BOUND('',#6669,.T.);
#7290=FACE_BOUND('',#6670,.T.);
#7291=FACE_BOUND('',#6671,.T.);
#7292=FACE_BOUND('',#6672,.T.);
#7293=FACE_BOUND('',#6673,.T.);
#7294=FACE_BOUND('',#6674,.T.);
#7295=FACE_BOUND('',#6675,.T.);
#7296=FACE_BOUND('',#6676,.T.);
#7297=FACE_BOUND('',#6677,.T.);
#7298=FACE_BOUND('',#6678,.T.);
#7299=FACE_BOUND('',#6679,.T.);
#7300=FACE_BOUND('',#6680,.T.);
#7301=FACE_BOUND('',#6681,.T.);
#7302=FACE_BOUND('',#6682,.T.);
#7303=FACE_BOUND('',#6683,.T.);
#7304=FACE_BOUND('',#6684,.T.);
#7305=FACE_BOUND('',#6685,.T.);
#7306=FACE_BOUND('',#6686,.T.);
#7307=FACE_BOUND('',#6687,.T.);
#7308=FACE_BOUND('',#6688,.T.);
#7309=FACE_BOUND('',#6689,.T.);
#7310=FACE_BOUND('',#6690,.T.);
#7311=FACE_BOUND('',#6691,.T.);
#7312=FACE_BOUND('',#6692,.T.);
#7313=FACE_BOUND('',#6693,.T.);
#7314=FACE_BOUND('',#6694,.T.);
#7315=FACE_BOUND('',#6695,.T.);
#7316=FACE_BOUND('',#6696,.T.);
#7317=FACE_BOUND('',#6697,.T.);
#7318=FACE_BOUND('',#6698,.T.);
#7319=FACE_BOUND('',#6699,.T.);
#7320=FACE_BOUND('',#6700,.T.);
#7321=FACE_BOUND('',#6701,.T.);
#7322=FACE_BOUND('',#6702,.T.);
#7323=FACE_BOUND('',#6703,.T.);
#7324=FACE_BOUND('',#6704,.T.);
#7325=FACE_BOUND('',#6705,.T.);
#7326=FACE_BOUND('',#6706,.T.);
#7327=FACE_BOUND('',#6707,.T.);
#7328=FACE_BOUND('',#6708,.T.);
#7329=FACE_BOUND('',#6709,.T.);
#7330=FACE_BOUND('',#6710,.T.);
#7331=FACE_BOUND('',#6711,.T.);
#7332=FACE_BOUND('',#6712,.T.);
#7333=FACE_BOUND('',#6713,.T.);
#7334=FACE_BOUND('',#6714,.T.);
#7335=FACE_BOUND('',#6715,.T.);
#7336=FACE_BOUND('',#6716,.T.);
#7337=FACE_BOUND('',#6717,.T.);
#7338=FACE_BOUND('',#6718,.T.);
#7339=FACE_BOUND('',#6719,.T.);
#7340=FACE_BOUND('',#6720,.T.);
#7341=FACE_BOUND('',#6721,.T.);
#7342=FACE_BOUND('',#6722,.T.);
#7343=FACE_BOUND('',#6723,.T.);
#7344=FACE_BOUND('',#6724,.T.);
#7345=FACE_BOUND('',#6725,.T.);
#7346=FACE_BOUND('',#6726,.T.);
#7347=FACE_BOUND('',#6727,.T.);
#7348=FACE_BOUND('',#6728,.T.);
#7349=FACE_BOUND('',#6729,.T.);
#7350=FACE_BOUND('',#6730,.T.);
#7351=FACE_BOUND('',#6731,.T.);
#7352=FACE_BOUND('',#6732,.T.);
#7353=FACE_BOUND('',#6733,.T.);
#7354=FACE_BOUND('',#6734,.T.);
#7355=FACE_BOUND('',#6735,.T.);
#7356=FACE_BOUND('',#6736,.T.);
#7357=FACE_BOUND('',#6737,.T.);
#7358=FACE_BOUND('',#6738,.T.);
#7359=FACE_BOUND('',#6739,.T.);
#7360=FACE_BOUND('',#6740,.T.);
#7361=FACE_BOUND('',#6741,.T.);
#7362=FACE_BOUND('',#6742,.T.);
#7363=FACE_BOUND('',#6743,.T.);
#7364=FACE_BOUND('',#6744,.T.);
#7365=FACE_BOUND('',#6745,.T.);
#7366=FACE_BOUND('',#6746,.T.);
#7367=FACE_BOUND('',#6747,.T.);
#7368=FACE_BOUND('',#6748,.T.);
#7369=FACE_BOUND('',#6749,.T.);
#7370=FACE_BOUND('',#6750,.T.);
#7371=FACE_BOUND('',#6751,.T.);
#7372=FACE_BOUND('',#6752,.T.);
#7373=FACE_BOUND('',#6753,.T.);
#7374=FACE_BOUND('',#6754,.T.);
#7375=FACE_BOUND('',#6755,.T.);
#7376=FACE_BOUND('',#6756,.T.);
#7377=FACE_BOUND('',#6757,.T.);
#7378=FACE_BOUND('',#6758,.T.);
#7379=FACE_BOUND('',#6759,.T.);
#7380=FACE_BOUND('',#6760,.T.);
#7381=FACE_BOUND('',#6761,.T.);
#7382=FACE_BOUND('',#6762,.T.);
#7383=FACE_BOUND('',#6763,.T.);
#7384=FACE_BOUND('',#6764,.T.);
#7385=FACE_BOUND('',#6765,.T.);
#7386=FACE_BOUND('',#6766,.T.);
#7387=FACE_BOUND('',#6767,.T.);
#7388=FACE_BOUND('',#6768,.T.);
#7389=FACE_BOUND('',#6769,.T.);
#7390=FACE_BOUND('',#6770,.T.);
#7391=FACE_BOUND('',#6771,.T.);
#7392=FACE_BOUND('',#6772,.T.);
#7393=FACE_BOUND('',#6773,.T.);
#7394=FACE_BOUND('',#6774,.T.);
#7395=FACE_BOUND('',#6775,.T.);
#7396=FACE_BOUND('',#6776,.T.);
#7397=FACE_BOUND('',#6777,.T.);
#7398=FACE_BOUND('',#6778,.T.);
#7399=FACE_BOUND('',#6779,.T.);
#7400=FACE_BOUND('',#6780,.T.);
#7401=FACE_BOUND('',#6781,.T.);
#7402=FACE_BOUND('',#6782,.T.);
#7403=FACE_BOUND('',#6783,.T.);
#7404=FACE_BOUND('',#6784,.T.);
#7405=FACE_BOUND('',#6785,.T.);
#7406=FACE_BOUND('',#6786,.T.);
#7407=FACE_BOUND('',#6787,.T.);
#7408=FACE_BOUND('',#6788,.T.);
#7409=FACE_BOUND('',#6789,.T.);
#7410=FACE_BOUND('',#6790,.T.);
#7411=FACE_BOUND('',#6791,.T.);
#7412=FACE_BOUND('',#6792,.T.);
#7413=FACE_BOUND('',#6793,.T.);
#7414=FACE_BOUND('',#6794,.T.);
#7415=FACE_BOUND('',#6795,.T.);
#7416=FACE_BOUND('',#6796,.T.);
#7417=FACE_BOUND('',#6797,.T.);
#7418=FACE_BOUND('',#6798,.T.);
#7419=FACE_BOUND('',#6799,.T.);
#7420=FACE_BOUND('',#6800,.T.);
#7421=FACE_BOUND('',#6801,.T.);
#7422=FACE_BOUND('',#6802,.T.);
#7423=FACE_BOUND('',#6803,.T.);
#7424=FACE_BOUND('',#6804,.T.);
#7425=FACE_BOUND('',#6805,.T.);
#7426=FACE_BOUND('',#6806,.T.);
#7427=FACE_BOUND('',#6807,.T.);
#7428=FACE_BOUND('',#6808,.T.);
#7429=FACE_BOUND('',#6809,.T.);
#7430=FACE_BOUND('',#6810,.T.);
#7431=FACE_BOUND('',#6811,.T.);
#7432=FACE_BOUND('',#6812,.T.);
#7433=FACE_BOUND('',#6813,.T.);
#7434=FACE_BOUND('',#6814,.T.);
#7435=FACE_BOUND('',#6815,.T.);
#7436=FACE_BOUND('',#6816,.T.);
#7437=FACE_BOUND('',#6817,.T.);
#7438=FACE_BOUND('',#6818,.T.);
#7439=FACE_BOUND('',#6819,.T.);
#7440=FACE_BOUND('',#6820,.T.);
#7441=FACE_BOUND('',#6821,.T.);
#7442=FACE_BOUND('',#6822,.T.);
#7443=FACE_BOUND('',#6823,.T.);
#7444=FACE_BOUND('',#6824,.T.);
#7445=FACE_BOUND('',#6825,.T.);
#7446=FACE_BOUND('',#6826,.T.);
#7447=FACE_BOUND('',#6827,.T.);
#7448=FACE_BOUND('',#6828,.T.);
#7449=FACE_BOUND('',#6829,.T.);
#7450=FACE_BOUND('',#6830,.T.);
#7451=FACE_BOUND('',#6831,.T.);
#7452=FACE_BOUND('',#6832,.T.);
#7453=FACE_BOUND('',#6833,.T.);
#7454=FACE_BOUND('',#6834,.T.);
#7455=FACE_BOUND('',#6835,.T.);
#7456=FACE_BOUND('',#6836,.T.);
#7457=FACE_BOUND('',#6837,.T.);
#7458=FACE_BOUND('',#6838,.T.);
#7459=FACE_BOUND('',#6839,.T.);
#7460=FACE_BOUND('',#6840,.T.);
#7461=FACE_BOUND('',#6841,.T.);
#7462=FACE_BOUND('',#6842,.T.);
#7463=FACE_BOUND('',#6843,.T.);
#7464=FACE_BOUND('',#6844,.T.);
#7465=FACE_BOUND('',#6845,.T.);
#7466=FACE_BOUND('',#6846,.T.);
#7467=FACE_BOUND('',#6847,.T.);
#7468=FACE_BOUND('',#6848,.T.);
#7469=FACE_BOUND('',#6849,.T.);
#7470=FACE_BOUND('',#6850,.T.);
#7471=FACE_BOUND('',#6851,.T.);
#7472=FACE_BOUND('',#6852,.T.);
#7473=FACE_BOUND('',#6853,.T.);
#7474=FACE_BOUND('',#6854,.T.);
#7475=FACE_BOUND('',#6855,.T.);
#7476=FACE_BOUND('',#6856,.T.);
#7477=FACE_BOUND('',#6857,.T.);
#7478=FACE_BOUND('',#6858,.T.);
#7479=FACE_BOUND('',#6859,.T.);
#7480=FACE_BOUND('',#6860,.T.);
#7481=FACE_BOUND('',#6861,.T.);
#7482=FACE_BOUND('',#6862,.T.);
#7483=FACE_BOUND('',#6863,.T.);
#7484=FACE_BOUND('',#6864,.T.);
#7485=FACE_BOUND('',#6865,.T.);
#7486=FACE_BOUND('',#6866,.T.);
#7487=FACE_BOUND('',#6867,.T.);
#7488=FACE_BOUND('',#6868,.T.);
#7489=FACE_BOUND('',#6869,.T.);
#7490=FACE_BOUND('',#6870,.T.);
#7491=FACE_BOUND('',#6871,.T.);
#7492=FACE_BOUND('',#6872,.T.);
#7493=FACE_BOUND('',#6873,.T.);
#7494=FACE_BOUND('',#6874,.T.);
#7495=FACE_BOUND('',#6875,.T.);
#7496=FACE_BOUND('',#6876,.T.);
#7497=FACE_BOUND('',#6877,.T.);
#7498=FACE_BOUND('',#6878,.T.);
#7499=FACE_BOUND('',#6879,.T.);
#7500=FACE_BOUND('',#6880,.T.);
#7501=FACE_BOUND('',#6881,.T.);
#7502=FACE_BOUND('',#6882,.T.);
#7503=FACE_BOUND('',#6883,.T.);
#7504=FACE_BOUND('',#6884,.T.);
#7505=FACE_BOUND('',#6885,.T.);
#7506=FACE_BOUND('',#6886,.T.);
#7507=FACE_BOUND('',#6887,.T.);
#7508=FACE_BOUND('',#6888,.T.);
#7509=FACE_BOUND('',#6889,.T.);
#7510=FACE_BOUND('',#6890,.T.);
#7511=FACE_BOUND('',#6891,.T.);
#7512=FACE_BOUND('',#6892,.T.);
#7513=FACE_BOUND('',#6893,.T.);
#7514=FACE_BOUND('',#6894,.T.);
#7515=FACE_BOUND('',#6895,.T.);
#7516=FACE_BOUND('',#6896,.T.);
#7517=FACE_BOUND('',#6897,.T.);
#7518=FACE_BOUND('',#6898,.T.);
#7519=FACE_BOUND('',#6899,.T.);
#7520=FACE_BOUND('',#6900,.T.);
#7521=FACE_BOUND('',#6901,.T.);
#7522=FACE_BOUND('',#6902,.T.);
#7523=FACE_BOUND('',#6903,.T.);
#7524=FACE_BOUND('',#6904,.T.);
#7525=FACE_BOUND('',#6905,.T.);
#7526=FACE_BOUND('',#6906,.T.);
#7527=FACE_BOUND('',#6907,.T.);
#7528=FACE_BOUND('',#6908,.T.);
#7529=FACE_BOUND('',#6909,.T.);
#7530=FACE_BOUND('',#6910,.T.);
#7531=FACE_BOUND('',#6911,.T.);
#7532=FACE_BOUND('',#6912,.T.);
#7533=FACE_BOUND('',#6913,.T.);
#7534=FACE_BOUND('',#6914,.T.);
#7535=FACE_BOUND('',#6915,.T.);
#7536=FACE_BOUND('',#6916,.T.);
#7537=FACE_BOUND('',#6917,.T.);
#7538=FACE_BOUND('',#6918,.T.);
#7539=FACE_BOUND('',#6919,.T.);
#7540=FACE_BOUND('',#6920,.T.);
#7541=FACE_BOUND('',#6921,.T.);
#7542=FACE_BOUND('',#6922,.T.);
#7543=FACE_BOUND('',#6923,.T.);
#7544=FACE_BOUND('',#6924,.T.);
#7545=FACE_BOUND('',#6925,.T.);
#7546=FACE_BOUND('',#6926,.T.);
#7547=FACE_BOUND('',#6927,.T.);
#7548=FACE_BOUND('',#6928,.T.);
#7549=FACE_BOUND('',#6929,.T.);
#7550=FACE_BOUND('',#6930,.T.);
#7551=FACE_BOUND('',#6931,.T.);
#7552=FACE_BOUND('',#6932,.T.);
#7553=FACE_BOUND('',#6933,.T.);
#7554=FACE_BOUND('',#6934,.T.);
#7555=FACE_BOUND('',#6935,.T.);
#7556=FACE_BOUND('',#6936,.T.);
#7557=FACE_BOUND('',#6937,.T.);
#7558=FACE_BOUND('',#6938,.T.);
#7559=FACE_BOUND('',#6939,.T.);
#7560=FACE_BOUND('',#6940,.T.);
#7561=FACE_BOUND('',#6941,.T.);
#7562=FACE_BOUND('',#6942,.T.);
#7563=FACE_BOUND('',#6943,.T.);
#7564=FACE_BOUND('',#6944,.T.);
#7565=FACE_BOUND('',#6945,.T.);
#7566=FACE_BOUND('',#6946,.T.);
#7567=FACE_BOUND('',#6947,.T.);
#7568=FACE_BOUND('',#6948,.T.);
#7569=FACE_BOUND('',#6949,.T.);
#7570=FACE_BOUND('',#6950,.T.);
#7571=FACE_BOUND('',#6951,.T.);
#7572=FACE_BOUND('',#6952,.T.);
#7573=FACE_BOUND('',#6953,.T.);
#7574=FACE_BOUND('',#6954,.T.);
#7575=FACE_BOUND('',#6955,.T.);
#7576=FACE_BOUND('',#6956,.T.);
#7577=FACE_BOUND('',#6957,.T.);
#7578=FACE_BOUND('',#6958,.T.);
#7579=FACE_BOUND('',#6959,.T.);
#7580=FACE_BOUND('',#6960,.T.);
#7581=FACE_BOUND('',#6961,.T.);
#7582=FACE_BOUND('',#6962,.T.);
#7583=FACE_BOUND('',#6963,.T.);
#7584=FACE_BOUND('',#6964,.T.);
#7585=FACE_BOUND('',#6965,.T.);
#7586=FACE_BOUND('',#6966,.T.);
#7587=FACE_BOUND('',#6967,.T.);
#7588=FACE_BOUND('',#6968,.T.);
#7589=FACE_BOUND('',#6969,.T.);
#7590=FACE_BOUND('',#6970,.T.);
#7591=FACE_BOUND('',#6971,.T.);
#7592=FACE_BOUND('',#6972,.T.);
#7593=FACE_BOUND('',#6973,.T.);
#7594=FACE_BOUND('',#6974,.T.);
#7595=FACE_BOUND('',#6975,.T.);
#7596=FACE_BOUND('',#6976,.T.);
#7597=FACE_BOUND('',#6977,.T.);
#7598=FACE_BOUND('',#6978,.T.);
#7599=FACE_BOUND('',#6979,.T.);
#7600=FACE_BOUND('',#6980,.T.);
#7601=FACE_BOUND('',#6981,.T.);
#7602=FACE_BOUND('',#6982,.T.);
#7603=FACE_BOUND('',#6983,.T.);
#7604=FACE_BOUND('',#6984,.T.);
#7605=FACE_BOUND('',#6985,.T.);
#7606=FACE_BOUND('',#6986,.T.);
#7607=FACE_BOUND('',#6987,.T.);
#7608=FACE_BOUND('',#6988,.T.);
#7609=FACE_BOUND('',#6989,.T.);
#7610=FACE_BOUND('',#6990,.T.);
#7611=FACE_BOUND('',#6991,.T.);
#7612=FACE_BOUND('',#6992,.T.);
#7613=FACE_BOUND('',#6993,.T.);
#7614=FACE_BOUND('',#6994,.T.);
#7615=FACE_BOUND('',#6995,.T.);
#7616=FACE_BOUND('',#6996,.T.);
#7617=FACE_BOUND('',#6997,.T.);
#7618=FACE_BOUND('',#6998,.T.);
#7619=FACE_BOUND('',#6999,.T.);
#7620=FACE_BOUND('',#7000,.T.);
#7621=FACE_BOUND('',#7001,.T.);
#7622=FACE_BOUND('',#7002,.T.);
#7623=FACE_BOUND('',#7003,.T.);
#7624=FACE_BOUND('',#7004,.T.);
#7625=FACE_BOUND('',#7005,.T.);
#7626=FACE_BOUND('',#7006,.T.);
#7627=FACE_BOUND('',#7007,.T.);
#7628=FACE_BOUND('',#7008,.T.);
#7629=FACE_BOUND('',#7009,.T.);
#7630=FACE_BOUND('',#7010,.T.);
#7631=FACE_BOUND('',#7011,.T.);
#7632=FACE_BOUND('',#7012,.T.);
#7633=FACE_BOUND('',#7013,.T.);
#7634=FACE_BOUND('',#7014,.T.);
#7635=FACE_BOUND('',#7015,.T.);
#7636=FACE_BOUND('',#7016,.T.);
#7637=FACE_BOUND('',#7017,.T.);
#7638=FACE_BOUND('',#7018,.T.);
#7639=FACE_BOUND('',#7019,.T.);
#7640=FACE_BOUND('',#7020,.T.);
#7641=FACE_BOUND('',#7021,.T.);
#7642=FACE_BOUND('',#7022,.T.);
#7643=FACE_BOUND('',#7023,.T.);
#7644=FACE_BOUND('',#7024,.T.);
#7645=FACE_BOUND('',#7025,.T.);
#7646=FACE_BOUND('',#7026,.T.);
#7647=FACE_BOUND('',#7027,.T.);
#7648=FACE_BOUND('',#7028,.T.);
#7649=FACE_BOUND('',#7029,.T.);
#7650=FACE_BOUND('',#7030,.T.);
#7651=FACE_BOUND('',#7031,.T.);
#7652=FACE_BOUND('',#7032,.T.);
#7653=FACE_BOUND('',#7033,.T.);
#7654=FACE_BOUND('',#7034,.T.);
#7655=FACE_BOUND('',#7035,.T.);
#7656=FACE_BOUND('',#7036,.T.);
#7657=FACE_BOUND('',#7037,.T.);
#7658=FACE_BOUND('',#7038,.T.);
#7659=FACE_BOUND('',#7039,.T.);
#7660=FACE_BOUND('',#7040,.T.);
#7661=FACE_BOUND('',#7041,.T.);
#7662=FACE_BOUND('',#7042,.T.);
#7663=FACE_BOUND('',#7043,.T.);
#7664=FACE_BOUND('',#7044,.T.);
#7665=FACE_BOUND('',#7045,.T.);
#7666=FACE_BOUND('',#7046,.T.);
#7667=FACE_BOUND('',#7047,.T.);
#7668=FACE_BOUND('',#7048,.T.);
#7669=FACE_BOUND('',#7049,.T.);
#7670=FACE_BOUND('',#7050,.T.);
#7671=FACE_BOUND('',#7051,.T.);
#7672=FACE_BOUND('',#7052,.T.);
#7673=FACE_BOUND('',#7053,.T.);
#7674=FACE_BOUND('',#7054,.T.);
#7675=FACE_BOUND('',#7055,.T.);
#7676=FACE_BOUND('',#7056,.T.);
#7677=FACE_BOUND('',#7057,.T.);
#7678=FACE_BOUND('',#7058,.T.);
#7679=FACE_BOUND('',#7059,.T.);
#7680=FACE_BOUND('',#7060,.T.);
#7681=FACE_BOUND('',#7061,.T.);
#7682=FACE_BOUND('',#7062,.T.);
#7683=FACE_BOUND('',#7063,.T.);
#7684=FACE_BOUND('',#7064,.T.);
#7685=FACE_BOUND('',#7065,.T.);
#7686=FACE_BOUND('',#7066,.T.);
#7687=FACE_BOUND('',#7067,.T.);
#7688=FACE_BOUND('',#7068,.T.);
#7689=FACE_BOUND('',#7069,.T.);
#7690=FACE_BOUND('',#7070,.T.);
#7691=FACE_BOUND('',#7071,.T.);
#7692=FACE_BOUND('',#7072,.T.);
#7693=FACE_BOUND('',#7073,.T.);
#7694=FACE_BOUND('',#7074,.T.);
#7695=FACE_BOUND('',#7075,.T.);
#7696=FACE_BOUND('',#7076,.T.);
#7697=FACE_BOUND('',#7077,.T.);
#7698=FACE_BOUND('',#7078,.T.);
#7699=FACE_BOUND('',#7079,.T.);
#7700=FACE_BOUND('',#7080,.T.);
#7701=FACE_BOUND('',#7081,.T.);
#7702=FACE_BOUND('',#7082,.T.);
#7703=FACE_BOUND('',#7083,.T.);
#7704=FACE_BOUND('',#7084,.T.);
#7705=FACE_BOUND('',#7085,.T.);
#7706=FACE_BOUND('',#7086,.T.);
#7707=FACE_BOUND('',#7087,.T.);
#7708=FACE_BOUND('',#7088,.T.);
#7709=FACE_BOUND('',#7089,.T.);
#7710=FACE_BOUND('',#7090,.T.);
#7711=FACE_BOUND('',#7091,.T.);
#7712=FACE_BOUND('',#7092,.T.);
#7713=FACE_BOUND('',#7093,.T.);
#7714=FACE_BOUND('',#7094,.T.);
#7715=FACE_BOUND('',#7095,.T.);
#7716=FACE_BOUND('',#7096,.T.);
#7717=FACE_BOUND('',#7097,.T.);
#7718=FACE_BOUND('',#7098,.T.);
#7719=FACE_BOUND('',#7099,.T.);
#7720=FACE_BOUND('',#7100,.T.);
#7721=FACE_BOUND('',#7101,.T.);
#7722=FACE_BOUND('',#7102,.T.);
#7723=FACE_BOUND('',#7103,.T.);
#7724=FACE_BOUND('',#7104,.T.);
#7725=FACE_BOUND('',#7105,.T.);
#7726=FACE_BOUND('',#7106,.T.);
#7727=FACE_BOUND('',#7107,.T.);
#7728=FACE_BOUND('',#7108,.T.);
#7729=FACE_BOUND('',#7109,.T.);
#7730=FACE_BOUND('',#7110,.T.);
#7731=FACE_BOUND('',#7111,.T.);
#7732=FACE_BOUND('',#7112,.T.);
#7733=FACE_BOUND('',#7113,.T.);
#7734=FACE_BOUND('',#7114,.T.);
#7735=FACE_BOUND('',#7115,.T.);
#7736=FACE_BOUND('',#7116,.T.);
#7737=FACE_BOUND('',#7117,.T.);
#7738=FACE_BOUND('',#7118,.T.);
#7739=FACE_BOUND('',#7119,.T.);
#7740=FACE_BOUND('',#7120,.T.);
#7741=FACE_BOUND('',#7121,.T.);
#7742=FACE_BOUND('',#7122,.T.);
#7743=FACE_BOUND('',#7123,.T.);
#7744=FACE_BOUND('',#7124,.T.);
#7745=FACE_BOUND('',#7125,.T.);
#7746=FACE_BOUND('',#7126,.T.);
#7747=FACE_BOUND('',#7127,.T.);
#7748=FACE_BOUND('',#7128,.T.);
#7749=FACE_BOUND('',#7129,.T.);
#7750=FACE_BOUND('',#7130,.T.);
#7751=FACE_BOUND('',#7131,.T.);
#7752=FACE_BOUND('',#7132,.T.);
#7753=FACE_BOUND('',#7133,.T.);
#7754=FACE_BOUND('',#7134,.T.);
#7755=FACE_BOUND('',#7135,.T.);
#7756=FACE_BOUND('',#7136,.T.);
#7757=FACE_BOUND('',#7137,.T.);
#7758=FACE_BOUND('',#7138,.T.);
#7759=FACE_BOUND('',#7139,.T.);
#7760=FACE_BOUND('',#7140,.T.);
#7761=FACE_BOUND('',#7141,.T.);
#7762=FACE_BOUND('',#7142,.T.);
#7763=FACE_BOUND('',#7143,.T.);
#7764=FACE_BOUND('',#7144,.T.);
#7765=FACE_BOUND('',#7145,.T.);
#7766=FACE_BOUND('',#7146,.T.);
#7767=FACE_BOUND('',#7147,.T.);
#7768=FACE_BOUND('',#7148,.T.);
#7769=FACE_BOUND('',#7149,.T.);
#7770=FACE_BOUND('',#7150,.T.);
#7771=FACE_BOUND('',#7151,.T.);
#7772=FACE_BOUND('',#7152,.T.);
#7773=FACE_BOUND('',#7153,.T.);
#7774=FACE_BOUND('',#7154,.T.);
#7775=FACE_BOUND('',#7155,.T.);
#7776=FACE_BOUND('',#7156,.T.);
#7777=FACE_BOUND('',#7157,.T.);
#7778=FACE_BOUND('',#7158,.T.);
#7779=FACE_BOUND('',#7159,.T.);
#7780=FACE_BOUND('',#7160,.T.);
#7781=FACE_BOUND('',#7161,.T.);
#7782=FACE_BOUND('',#7162,.T.);
#7783=FACE_BOUND('',#7163,.T.);
#7784=FACE_BOUND('',#7164,.T.);
#7785=FACE_BOUND('',#7165,.T.);
#7786=FACE_BOUND('',#7166,.T.);
#7787=FACE_BOUND('',#7167,.T.);
#7788=FACE_BOUND('',#7168,.T.);
#7789=FACE_BOUND('',#7169,.T.);
#7790=FACE_BOUND('',#7170,.T.);
#7791=FACE_BOUND('',#7171,.T.);
#7792=FACE_BOUND('',#7172,.T.);
#7793=FACE_BOUND('',#7173,.T.);
#7794=FACE_BOUND('',#7174,.T.);
#7795=FACE_BOUND('',#7175,.T.);
#7796=FACE_BOUND('',#7176,.T.);
#7797=FACE_BOUND('',#7177,.T.);
#7798=FACE_BOUND('',#7178,.T.);
#7799=FACE_BOUND('',#7179,.T.);
#7800=FACE_BOUND('',#7180,.T.);
#7801=FACE_BOUND('',#7181,.T.);
#7802=FACE_BOUND('',#7182,.T.);
#7803=FACE_BOUND('',#7183,.T.);
#7804=FACE_BOUND('',#7184,.T.);
#7805=FACE_BOUND('',#7185,.T.);
#7806=FACE_BOUND('',#7186,.T.);
#7807=FACE_BOUND('',#7187,.T.);
#7808=FACE_BOUND('',#32,.T.);
#7809=FACE_BOUND('',#7188,.T.);
#7810=FACE_BOUND('',#7189,.T.);
#7811=FACE_BOUND('',#7190,.T.);
#7812=FACE_BOUND('',#7191,.T.);
#7813=FACE_BOUND('',#7192,.T.);
#7814=FACE_BOUND('',#7193,.T.);
#7815=FACE_BOUND('',#7194,.T.);
#7816=FACE_BOUND('',#7195,.T.);
#7817=FACE_BOUND('',#7196,.T.);
#7818=FACE_BOUND('',#7197,.T.);
#7819=FACE_BOUND('',#7198,.T.);
#7820=FACE_BOUND('',#7199,.T.);
#7821=FACE_BOUND('',#7200,.T.);
#7822=FACE_BOUND('',#7201,.T.);
#7823=FACE_BOUND('',#7202,.T.);
#7824=FACE_BOUND('',#7203,.T.);
#7825=FACE_BOUND('',#7204,.T.);
#7826=FACE_BOUND('',#7205,.T.);
#7827=FACE_BOUND('',#7206,.T.);
#7828=FACE_BOUND('',#7207,.T.);
#7829=FACE_BOUND('',#7208,.T.);
#7830=FACE_BOUND('',#7209,.T.);
#7831=FACE_BOUND('',#7210,.T.);
#7832=FACE_BOUND('',#7211,.T.);
#7833=FACE_BOUND('',#7212,.T.);
#7834=FACE_BOUND('',#7213,.T.);
#7835=FACE_BOUND('',#7214,.T.);
#7836=FACE_BOUND('',#7215,.T.);
#7837=FACE_BOUND('',#7216,.T.);
#7838=FACE_BOUND('',#7217,.T.);
#7839=FACE_BOUND('',#7218,.T.);
#7840=FACE_BOUND('',#7219,.T.);
#7841=FACE_BOUND('',#7220,.T.);
#7842=FACE_BOUND('',#7221,.T.);
#7843=FACE_BOUND('',#7222,.T.);
#7844=FACE_BOUND('',#7223,.T.);
#7845=FACE_BOUND('',#7224,.T.);
#7846=FACE_BOUND('',#7225,.T.);
#7847=FACE_BOUND('',#7226,.T.);
#7848=FACE_BOUND('',#7227,.T.);
#7849=FACE_BOUND('',#7228,.T.);
#7850=FACE_BOUND('',#7229,.T.);
#7851=FACE_BOUND('',#7230,.T.);
#7852=FACE_BOUND('',#7231,.T.);
#7853=FACE_BOUND('',#7232,.T.);
#7854=FACE_BOUND('',#7233,.T.);
#7855=FACE_BOUND('',#7234,.T.);
#7856=FACE_BOUND('',#7235,.T.);
#7857=FACE_BOUND('',#7236,.T.);
#7858=FACE_BOUND('',#7237,.T.);
#7859=FACE_BOUND('',#7238,.T.);
#7860=FACE_BOUND('',#7239,.T.);
#7861=FACE_BOUND('',#7240,.T.);
#7862=FACE_BOUND('',#7241,.T.);
#7863=FACE_BOUND('',#7242,.T.);
#7864=FACE_BOUND('',#7243,.T.);
#7865=FACE_BOUND('',#7244,.T.);
#7866=FACE_BOUND('',#7245,.T.);
#7867=FACE_BOUND('',#7246,.T.);
#7868=PLANE('',#8647);
#7869=PLANE('',#8648);
#7870=PLANE('',#8673);
#7871=PLANE('',#8674);
#7872=PLANE('',#8675);
#7873=PLANE('',#8698);
#7874=PLANE('',#8713);
#7875=PLANE('',#8714);
#7876=PLANE('',#8715);
#7877=PLANE('',#8716);
#7878=PLANE('',#8717);
#7879=PLANE('',#8718);
#7880=PLANE('',#8719);
#7881=PLANE('',#8720);
#7882=PLANE('',#8721);
#7883=PLANE('',#8722);
#7884=PLANE('',#8723);
#7885=PLANE('',#8724);
#7886=PLANE('',#8725);
#7887=PLANE('',#8726);
#7888=PLANE('',#8727);
#7889=PLANE('',#8728);
#7890=PLANE('',#8729);
#7891=PLANE('',#8730);
#7892=PLANE('',#8735);
#7893=PLANE('',#8737);
#7894=PLANE('',#8740);
#7895=PLANE('',#8742);
#7896=PLANE('',#8746);
#7897=PLANE('',#8748);
#7898=PLANE('',#8749);
#7899=PLANE('',#8750);
#7900=PLANE('',#8752);
#7901=PLANE('',#8753);
#7902=PLANE('',#8754);
#7903=PLANE('',#8756);
#7904=PLANE('',#8757);
#7905=PLANE('',#8759);
#7906=PLANE('',#8760);
#7907=PLANE('',#8761);
#7908=PLANE('',#8762);
#7909=PLANE('',#8763);
#7910=PLANE('',#8764);
#7911=PLANE('',#8765);
#7912=PLANE('',#8767);
#7913=PLANE('',#8768);
#7914=PLANE('',#8770);
#7915=PLANE('',#8771);
#7916=PLANE('',#8772);
#7917=PLANE('',#8774);
#7918=PLANE('',#8775);
#7919=PLANE('',#8776);
#7920=PLANE('',#8777);
#7921=PLANE('',#8778);
#7922=PLANE('',#8779);
#7923=PLANE('',#8780);
#7924=PLANE('',#8782);
#7925=PLANE('',#8783);
#7926=PLANE('',#8784);
#7927=PLANE('',#8785);
#7928=PLANE('',#8786);
#7929=PLANE('',#8787);
#7930=PLANE('',#8788);
#7931=PLANE('',#8789);
#7932=PLANE('',#8790);
#7933=PLANE('',#8791);
#7934=PLANE('',#8792);
#7935=PLANE('',#8793);
#7936=PLANE('',#8794);
#7937=PLANE('',#8795);
#7938=PLANE('',#8796);
#7939=PLANE('',#8797);
#7940=PLANE('',#8798);
#7941=PLANE('',#8799);
#7942=PLANE('',#8800);
#7943=PLANE('',#8801);
#7944=PLANE('',#8802);
#7945=PLANE('',#8803);
#7946=PLANE('',#8804);
#7947=PLANE('',#8805);
#7948=PLANE('',#8806);
#7949=PLANE('',#8807);
#7950=PLANE('',#8809);
#7951=PLANE('',#8810);
#7952=PLANE('',#8811);
#7953=PLANE('',#8812);
#7954=PLANE('',#8813);
#7955=PLANE('',#8814);
#7956=PLANE('',#8815);
#7957=PLANE('',#8816);
#7958=PLANE('',#8817);
#7959=PLANE('',#8818);
#7960=PLANE('',#8819);
#7961=PLANE('',#8820);
#7962=PLANE('',#8822);
#7963=PLANE('',#8823);
#7964=PLANE('',#8824);
#7965=PLANE('',#8826);
#7966=PLANE('',#8827);
#7967=PLANE('',#8828);
#7968=PLANE('',#8829);
#7969=PLANE('',#8830);
#7970=PLANE('',#8831);
#7971=PLANE('',#8832);
#7972=PLANE('',#8833);
#7973=PLANE('',#8834);
#7974=PLANE('',#8835);
#7975=PLANE('',#8837);
#7976=PLANE('',#8838);
#7977=PLANE('',#8839);
#7978=PLANE('',#8841);
#7979=PLANE('',#8842);
#7980=PLANE('',#8843);
#7981=PLANE('',#8844);
#7982=PLANE('',#8845);
#7983=PLANE('',#8846);
#7984=PLANE('',#8847);
#7985=PLANE('',#8848);
#7986=PLANE('',#8849);
#7987=PLANE('',#8850);
#7988=PLANE('',#8851);
#7989=PLANE('',#8852);
#7990=PLANE('',#8853);
#7991=PLANE('',#8854);
#7992=PLANE('',#8855);
#7993=PLANE('',#8856);
#7994=PLANE('',#8857);
#7995=PLANE('',#8858);
#7996=PLANE('',#8859);
#7997=PLANE('',#8860);
#7998=PLANE('',#8861);
#7999=PLANE('',#8862);
#8000=PLANE('',#8863);
#8001=PLANE('',#8864);
#8002=PLANE('',#8866);
#8003=PLANE('',#8867);
#8004=PLANE('',#8868);
#8005=PLANE('',#8869);
#8006=PLANE('',#8870);
#8007=PLANE('',#8872);
#8008=PLANE('',#8873);
#8009=PLANE('',#8874);
#8010=PLANE('',#8875);
#8011=PLANE('',#8877);
#8012=PLANE('',#8878);
#8013=PLANE('',#8879);
#8014=PLANE('',#8880);
#8015=PLANE('',#8881);
#8016=PLANE('',#8882);
#8017=PLANE('',#8883);
#8018=PLANE('',#8884);
#8019=PLANE('',#8885);
#8020=PLANE('',#8886);
#8021=PLANE('',#8887);
#8022=PLANE('',#8888);
#8023=PLANE('',#8889);
#8024=PLANE('',#8890);
#8025=PLANE('',#8891);
#8026=PLANE('',#8892);
#8027=PLANE('',#8893);
#8028=PLANE('',#8894);
#8029=PLANE('',#8895);
#8030=PLANE('',#8896);
#8031=PLANE('',#8898);
#8032=PLANE('',#8899);
#8033=PLANE('',#8900);
#8034=PLANE('',#8901);
#8035=PLANE('',#8902);
#8036=PLANE('',#8903);
#8037=PLANE('',#8904);
#8038=PLANE('',#8905);
#8039=PLANE('',#8906);
#8040=PLANE('',#8908);
#8041=PLANE('',#8909);
#8042=PLANE('',#8910);
#8043=PLANE('',#8912);
#8044=PLANE('',#8913);
#8045=PLANE('',#8914);
#8046=PLANE('',#8915);
#8047=PLANE('',#8916);
#8048=PLANE('',#8917);
#8049=PLANE('',#8918);
#8050=PLANE('',#8919);
#8051=PLANE('',#8920);
#8052=PLANE('',#8921);
#8053=PLANE('',#8922);
#8054=PLANE('',#8923);
#8055=PLANE('',#8924);
#8056=PLANE('',#8925);
#8057=PLANE('',#8926);
#8058=PLANE('',#8927);
#8059=PLANE('',#8928);
#8060=PLANE('',#8929);
#8061=PLANE('',#8930);
#8062=PLANE('',#8931);
#8063=PLANE('',#8932);
#8064=PLANE('',#8933);
#8065=PLANE('',#8934);
#8066=PLANE('',#8935);
#8067=PLANE('',#8936);
#8068=PLANE('',#8937);
#8069=PLANE('',#8938);
#8070=PLANE('',#8939);
#8071=PLANE('',#8940);
#8072=PLANE('',#8941);
#8073=PLANE('',#8942);
#8074=PLANE('',#8943);
#8075=PLANE('',#8944);
#8076=PLANE('',#8945);
#8077=PLANE('',#8946);
#8078=PLANE('',#8947);
#8079=PLANE('',#8948);
#8080=PLANE('',#8949);
#8081=PLANE('',#8950);
#8082=PLANE('',#8951);
#8083=PLANE('',#8952);
#8084=PLANE('',#8953);
#8085=PLANE('',#8954);
#8086=PLANE('',#8955);
#8087=PLANE('',#8956);
#8088=PLANE('',#8957);
#8089=PLANE('',#8958);
#8090=PLANE('',#8959);
#8091=PLANE('',#8960);
#8092=PLANE('',#8961);
#8093=PLANE('',#8962);
#8094=PLANE('',#8963);
#8095=PLANE('',#8964);
#8096=PLANE('',#8965);
#8097=PLANE('',#8966);
#8098=PLANE('',#8967);
#8099=PLANE('',#8968);
#8100=PLANE('',#8969);
#8101=PLANE('',#8970);
#8102=PLANE('',#8971);
#8103=PLANE('',#8972);
#8104=PLANE('',#8973);
#8105=PLANE('',#8974);
#8106=PLANE('',#8975);
#8107=PLANE('',#8976);
#8108=PLANE('',#8977);
#8109=PLANE('',#8978);
#8110=PLANE('',#8979);
#8111=PLANE('',#8980);
#8112=PLANE('',#8981);
#8113=PLANE('',#8982);
#8114=PLANE('',#8983);
#8115=PLANE('',#8984);
#8116=PLANE('',#8985);
#8117=PLANE('',#8986);
#8118=PLANE('',#8987);
#8119=PLANE('',#8988);
#8120=PLANE('',#8989);
#8121=PLANE('',#8990);
#8122=PLANE('',#8991);
#8123=PLANE('',#8992);
#8124=PLANE('',#8993);
#8125=PLANE('',#8994);
#8126=PLANE('',#8995);
#8127=PLANE('',#8996);
#8128=PLANE('',#8997);
#8129=PLANE('',#8998);
#8130=PLANE('',#8999);
#8131=PLANE('',#9000);
#8132=PLANE('',#9001);
#8133=PLANE('',#9002);
#8134=PLANE('',#9003);
#8135=PLANE('',#9004);
#8136=PLANE('',#9005);
#8137=PLANE('',#9006);
#8138=PLANE('',#9007);
#8139=PLANE('',#9008);
#8140=PLANE('',#9010);
#8141=PLANE('',#9011);
#8142=PLANE('',#9012);
#8143=PLANE('',#9013);
#8144=PLANE('',#9014);
#8145=PLANE('',#9015);
#8146=PLANE('',#9016);
#8147=PLANE('',#9017);
#8148=PLANE('',#9018);
#8149=PLANE('',#9019);
#8150=PLANE('',#9020);
#8151=PLANE('',#9021);
#8152=PLANE('',#9022);
#8153=PLANE('',#9023);
#8154=PLANE('',#9024);
#8155=PLANE('',#9025);
#8156=PLANE('',#9026);
#8157=PLANE('',#9027);
#8158=PLANE('',#9028);
#8159=PLANE('',#9029);
#8160=PLANE('',#9030);
#8161=PLANE('',#9031);
#8162=PLANE('',#9032);
#8163=PLANE('',#9033);
#8164=PLANE('',#9036);
#8165=PLANE('',#9039);
#8166=PLANE('',#9042);
#8167=PLANE('',#9045);
#8168=PLANE('',#9048);
#8169=PLANE('',#9051);
#8170=PLANE('',#9054);
#8171=PLANE('',#9057);
#8172=PLANE('',#9060);
#8173=PLANE('',#9063);
#8174=PLANE('',#9064);
#8175=PLANE('',#9065);
#8176=PLANE('',#9066);
#8177=PLANE('',#9067);
#8178=PLANE('',#9117);
#8179=PLANE('',#9118);
#8180=PLANE('',#9119);
#8181=PLANE('',#9120);
#8182=PLANE('',#9137);
#8183=PLANE('',#9138);
#8184=PLANE('',#9139);
#8185=PLANE('',#9140);
#8186=PLANE('',#9141);
#8187=PLANE('',#9143);
#8188=PLANE('',#9144);
#8189=PLANE('',#9148);
#8190=PLANE('',#9151);
#8191=PLANE('',#9152);
#8192=PLANE('',#9157);
#8193=ADVANCED_FACE('',(#7247),#7868,.T.);
#8194=ADVANCED_FACE('',(#7248,#7249,#7250,#7251,#7252,#7253,#7254,#7255,
#7256,#7257,#7258,#7259,#7260,#7261,#7262,#7263,#7264,#7265,#7266,#7267,
#7268,#7269,#7270,#7271,#7272,#7273,#7274,#7275,#7276,#7277,#7278,#7279,
#7280,#7281,#7282,#7283,#7284,#7285,#7286,#7287,#7288,#7289,#7290,#7291,
#7292,#7293,#7294,#7295,#7296,#7297,#7298,#7299,#7300,#7301,#7302,#7303,
#7304,#7305,#7306,#7307,#7308,#7309,#7310,#7311,#7312,#7313,#7314,#7315,
#7316,#7317,#7318,#7319,#7320,#7321,#7322,#7323),#7869,.T.);
#8195=ADVANCED_FACE('',(#7324,#7325),#7870,.F.);
#8196=ADVANCED_FACE('',(#7326,#7327),#7871,.T.);
#8197=ADVANCED_FACE('',(#7328,#7329,#7330,#7331,#7332,#7333,#7334,#7335,
#7336,#7337,#7338,#7339,#7340,#7341,#7342,#7343,#7344,#7345,#7346,#7347,
#7348,#7349,#7350,#7351,#7352,#7353,#7354,#7355,#7356,#7357,#7358,#7359,
#7360,#7361,#7362,#7363,#7364,#7365,#7366,#7367,#7368,#7369,#7370,#7371,
#7372,#7373,#7374,#7375,#7376,#7377,#7378,#7379,#7380,#7381,#7382,#7383,
#7384,#7385,#7386,#7387,#7388,#7389,#7390,#7391,#7392,#7393,#7394,#7395,
#7396,#7397,#7398,#7399,#7400,#7401,#7402,#7403,#7404),#7872,.F.);
#8198=ADVANCED_FACE('',(#7405,#7406,#7407,#7408,#7409,#7410,#7411,#7412,
#7413,#7414,#7415,#7416),#7873,.F.);
#8199=ADVANCED_FACE('',(#7417),#7874,.T.);
#8200=ADVANCED_FACE('',(#7418),#7875,.F.);
#8201=ADVANCED_FACE('',(#7419),#7876,.F.);
#8202=ADVANCED_FACE('',(#7420),#7877,.F.);
#8203=ADVANCED_FACE('',(#7421),#7878,.F.);
#8204=ADVANCED_FACE('',(#7422),#7879,.F.);
#8205=ADVANCED_FACE('',(#7423),#7880,.T.);
#8206=ADVANCED_FACE('',(#7424),#7881,.T.);
#8207=ADVANCED_FACE('',(#7425),#7882,.T.);
#8208=ADVANCED_FACE('',(#7426),#7883,.T.);
#8209=ADVANCED_FACE('',(#7427),#7884,.T.);
#8210=ADVANCED_FACE('',(#7428),#7885,.F.);
#8211=ADVANCED_FACE('',(#7429),#7886,.F.);
#8212=ADVANCED_FACE('',(#7430),#7887,.T.);
#8213=ADVANCED_FACE('',(#7431),#7888,.T.);
#8214=ADVANCED_FACE('',(#7432),#7889,.T.);
#8215=ADVANCED_FACE('',(#7433),#7890,.F.);
#8216=ADVANCED_FACE('',(#7434),#7891,.F.);
#8217=ADVANCED_FACE('',(#7435,#7436),#68,.T.);
#8218=ADVANCED_FACE('',(#7437,#7438),#69,.T.);
#8219=ADVANCED_FACE('',(#7439,#7440),#7892,.F.);
#8220=ADVANCED_FACE('',(#7441),#7893,.F.);
#8221=ADVANCED_FACE('',(#7442,#7443),#70,.F.);
#8222=ADVANCED_FACE('',(#7444,#7445),#7894,.F.);
#8223=ADVANCED_FACE('',(#7446,#7447),#7895,.F.);
#8224=ADVANCED_FACE('',(#7448,#7449),#71,.F.);
#8225=ADVANCED_FACE('',(#7450),#7896,.T.);
#8226=ADVANCED_FACE('',(#7451),#72,.F.);
#8227=ADVANCED_FACE('',(#7452),#7897,.T.);
#8228=ADVANCED_FACE('',(#7453),#7898,.T.);
#8229=ADVANCED_FACE('',(#7454),#7899,.T.);
#8230=ADVANCED_FACE('',(#7455),#73,.F.);
#8231=ADVANCED_FACE('',(#7456),#7900,.T.);
#8232=ADVANCED_FACE('',(#7457),#7901,.T.);
#8233=ADVANCED_FACE('',(#7458),#7902,.T.);
#8234=ADVANCED_FACE('',(#7459),#74,.F.);
#8235=ADVANCED_FACE('',(#7460),#7903,.T.);
#8236=ADVANCED_FACE('',(#7461),#7904,.T.);
#8237=ADVANCED_FACE('',(#7462),#75,.F.);
#8238=ADVANCED_FACE('',(#7463),#7905,.T.);
#8239=ADVANCED_FACE('',(#7464),#7906,.T.);
#8240=ADVANCED_FACE('',(#7465),#7907,.T.);
#8241=ADVANCED_FACE('',(#7466),#7908,.T.);
#8242=ADVANCED_FACE('',(#7467),#7909,.T.);
#8243=ADVANCED_FACE('',(#7468),#7910,.T.);
#8244=ADVANCED_FACE('',(#7469),#7911,.T.);
#8245=ADVANCED_FACE('',(#7470),#76,.F.);
#8246=ADVANCED_FACE('',(#7471),#7912,.T.);
#8247=ADVANCED_FACE('',(#7472),#7913,.T.);
#8248=ADVANCED_FACE('',(#7473),#77,.F.);
#8249=ADVANCED_FACE('',(#7474),#7914,.T.);
#8250=ADVANCED_FACE('',(#7475),#7915,.T.);
#8251=ADVANCED_FACE('',(#7476),#7916,.T.);
#8252=ADVANCED_FACE('',(#7477),#78,.F.);
#8253=ADVANCED_FACE('',(#7478),#7917,.T.);
#8254=ADVANCED_FACE('',(#7479),#7918,.T.);
#8255=ADVANCED_FACE('',(#7480),#7919,.T.);
#8256=ADVANCED_FACE('',(#7481),#7920,.T.);
#8257=ADVANCED_FACE('',(#7482),#7921,.T.);
#8258=ADVANCED_FACE('',(#7483),#7922,.T.);
#8259=ADVANCED_FACE('',(#7484),#7923,.T.);
#8260=ADVANCED_FACE('',(#7485),#79,.F.);
#8261=ADVANCED_FACE('',(#7486),#7924,.T.);
#8262=ADVANCED_FACE('',(#7487),#7925,.T.);
#8263=ADVANCED_FACE('',(#7488),#7926,.T.);
#8264=ADVANCED_FACE('',(#7489),#7927,.T.);
#8265=ADVANCED_FACE('',(#7490),#7928,.T.);
#8266=ADVANCED_FACE('',(#7491),#7929,.T.);
#8267=ADVANCED_FACE('',(#7492),#7930,.T.);
#8268=ADVANCED_FACE('',(#7493),#7931,.T.);
#8269=ADVANCED_FACE('',(#7494),#7932,.T.);
#8270=ADVANCED_FACE('',(#7495),#7933,.T.);
#8271=ADVANCED_FACE('',(#7496),#7934,.T.);
#8272=ADVANCED_FACE('',(#7497),#7935,.T.);
#8273=ADVANCED_FACE('',(#7498),#7936,.T.);
#8274=ADVANCED_FACE('',(#7499),#7937,.T.);
#8275=ADVANCED_FACE('',(#7500),#7938,.T.);
#8276=ADVANCED_FACE('',(#7501),#7939,.T.);
#8277=ADVANCED_FACE('',(#7502),#7940,.T.);
#8278=ADVANCED_FACE('',(#7503),#7941,.T.);
#8279=ADVANCED_FACE('',(#7504),#7942,.T.);
#8280=ADVANCED_FACE('',(#7505),#7943,.T.);
#8281=ADVANCED_FACE('',(#7506),#7944,.T.);
#8282=ADVANCED_FACE('',(#7507),#7945,.T.);
#8283=ADVANCED_FACE('',(#7508),#7946,.T.);
#8284=ADVANCED_FACE('',(#7509),#7947,.T.);
#8285=ADVANCED_FACE('',(#7510),#7948,.T.);
#8286=ADVANCED_FACE('',(#7511),#7949,.T.);
#8287=ADVANCED_FACE('',(#7512),#80,.F.);
#8288=ADVANCED_FACE('',(#7513),#7950,.T.);
#8289=ADVANCED_FACE('',(#7514),#7951,.T.);
#8290=ADVANCED_FACE('',(#7515),#7952,.T.);
#8291=ADVANCED_FACE('',(#7516),#7953,.T.);
#8292=ADVANCED_FACE('',(#7517),#7954,.T.);
#8293=ADVANCED_FACE('',(#7518),#7955,.T.);
#8294=ADVANCED_FACE('',(#7519),#7956,.T.);
#8295=ADVANCED_FACE('',(#7520),#7957,.T.);
#8296=ADVANCED_FACE('',(#7521),#7958,.T.);
#8297=ADVANCED_FACE('',(#7522),#7959,.T.);
#8298=ADVANCED_FACE('',(#7523),#7960,.T.);
#8299=ADVANCED_FACE('',(#7524),#7961,.T.);
#8300=ADVANCED_FACE('',(#7525),#81,.F.);
#8301=ADVANCED_FACE('',(#7526),#7962,.T.);
#8302=ADVANCED_FACE('',(#7527),#7963,.T.);
#8303=ADVANCED_FACE('',(#7528),#7964,.T.);
#8304=ADVANCED_FACE('',(#7529),#82,.F.);
#8305=ADVANCED_FACE('',(#7530),#7965,.T.);
#8306=ADVANCED_FACE('',(#7531),#7966,.T.);
#8307=ADVANCED_FACE('',(#7532),#7967,.T.);
#8308=ADVANCED_FACE('',(#7533),#7968,.T.);
#8309=ADVANCED_FACE('',(#7534),#7969,.T.);
#8310=ADVANCED_FACE('',(#7535),#7970,.T.);
#8311=ADVANCED_FACE('',(#7536),#7971,.T.);
#8312=ADVANCED_FACE('',(#7537),#7972,.T.);
#8313=ADVANCED_FACE('',(#7538),#7973,.T.);
#8314=ADVANCED_FACE('',(#7539),#7974,.T.);
#8315=ADVANCED_FACE('',(#7540),#83,.F.);
#8316=ADVANCED_FACE('',(#7541),#7975,.T.);
#8317=ADVANCED_FACE('',(#7542),#7976,.T.);
#8318=ADVANCED_FACE('',(#7543),#7977,.T.);
#8319=ADVANCED_FACE('',(#7544),#84,.F.);
#8320=ADVANCED_FACE('',(#7545),#7978,.T.);
#8321=ADVANCED_FACE('',(#7546),#7979,.T.);
#8322=ADVANCED_FACE('',(#7547),#7980,.T.);
#8323=ADVANCED_FACE('',(#7548),#7981,.T.);
#8324=ADVANCED_FACE('',(#7549),#7982,.T.);
#8325=ADVANCED_FACE('',(#7550),#7983,.T.);
#8326=ADVANCED_FACE('',(#7551),#7984,.T.);
#8327=ADVANCED_FACE('',(#7552),#7985,.T.);
#8328=ADVANCED_FACE('',(#7553),#7986,.T.);
#8329=ADVANCED_FACE('',(#7554),#7987,.T.);
#8330=ADVANCED_FACE('',(#7555),#7988,.T.);
#8331=ADVANCED_FACE('',(#7556),#7989,.T.);
#8332=ADVANCED_FACE('',(#7557),#7990,.T.);
#8333=ADVANCED_FACE('',(#7558),#7991,.T.);
#8334=ADVANCED_FACE('',(#7559),#7992,.T.);
#8335=ADVANCED_FACE('',(#7560),#7993,.T.);
#8336=ADVANCED_FACE('',(#7561),#7994,.T.);
#8337=ADVANCED_FACE('',(#7562),#7995,.T.);
#8338=ADVANCED_FACE('',(#7563),#7996,.T.);
#8339=ADVANCED_FACE('',(#7564),#7997,.T.);
#8340=ADVANCED_FACE('',(#7565),#7998,.T.);
#8341=ADVANCED_FACE('',(#7566),#7999,.T.);
#8342=ADVANCED_FACE('',(#7567),#8000,.T.);
#8343=ADVANCED_FACE('',(#7568),#8001,.T.);
#8344=ADVANCED_FACE('',(#7569),#85,.F.);
#8345=ADVANCED_FACE('',(#7570),#8002,.T.);
#8346=ADVANCED_FACE('',(#7571),#8003,.T.);
#8347=ADVANCED_FACE('',(#7572),#8004,.T.);
#8348=ADVANCED_FACE('',(#7573),#8005,.T.);
#8349=ADVANCED_FACE('',(#7574),#8006,.T.);
#8350=ADVANCED_FACE('',(#7575),#86,.F.);
#8351=ADVANCED_FACE('',(#7576),#8007,.T.);
#8352=ADVANCED_FACE('',(#7577),#8008,.T.);
#8353=ADVANCED_FACE('',(#7578),#8009,.T.);
#8354=ADVANCED_FACE('',(#7579),#8010,.T.);
#8355=ADVANCED_FACE('',(#7580),#87,.F.);
#8356=ADVANCED_FACE('',(#7581),#8011,.T.);
#8357=ADVANCED_FACE('',(#7582),#8012,.T.);
#8358=ADVANCED_FACE('',(#7583),#8013,.T.);
#8359=ADVANCED_FACE('',(#7584),#8014,.T.);
#8360=ADVANCED_FACE('',(#7585),#8015,.T.);
#8361=ADVANCED_FACE('',(#7586),#8016,.T.);
#8362=ADVANCED_FACE('',(#7587),#8017,.T.);
#8363=ADVANCED_FACE('',(#7588),#8018,.T.);
#8364=ADVANCED_FACE('',(#7589),#8019,.T.);
#8365=ADVANCED_FACE('',(#7590),#8020,.T.);
#8366=ADVANCED_FACE('',(#7591),#8021,.T.);
#8367=ADVANCED_FACE('',(#7592),#8022,.T.);
#8368=ADVANCED_FACE('',(#7593),#8023,.T.);
#8369=ADVANCED_FACE('',(#7594),#8024,.T.);
#8370=ADVANCED_FACE('',(#7595),#8025,.T.);
#8371=ADVANCED_FACE('',(#7596),#8026,.T.);
#8372=ADVANCED_FACE('',(#7597),#8027,.T.);
#8373=ADVANCED_FACE('',(#7598),#8028,.T.);
#8374=ADVANCED_FACE('',(#7599),#8029,.T.);
#8375=ADVANCED_FACE('',(#7600),#8030,.T.);
#8376=ADVANCED_FACE('',(#7601),#88,.F.);
#8377=ADVANCED_FACE('',(#7602),#8031,.T.);
#8378=ADVANCED_FACE('',(#7603),#8032,.T.);
#8379=ADVANCED_FACE('',(#7604),#8033,.T.);
#8380=ADVANCED_FACE('',(#7605),#8034,.T.);
#8381=ADVANCED_FACE('',(#7606),#8035,.T.);
#8382=ADVANCED_FACE('',(#7607),#8036,.T.);
#8383=ADVANCED_FACE('',(#7608),#8037,.T.);
#8384=ADVANCED_FACE('',(#7609),#8038,.T.);
#8385=ADVANCED_FACE('',(#7610),#8039,.T.);
#8386=ADVANCED_FACE('',(#7611),#89,.F.);
#8387=ADVANCED_FACE('',(#7612),#8040,.T.);
#8388=ADVANCED_FACE('',(#7613),#8041,.T.);
#8389=ADVANCED_FACE('',(#7614),#8042,.T.);
#8390=ADVANCED_FACE('',(#7615),#90,.F.);
#8391=ADVANCED_FACE('',(#7616),#8043,.T.);
#8392=ADVANCED_FACE('',(#7617),#8044,.T.);
#8393=ADVANCED_FACE('',(#7618),#8045,.T.);
#8394=ADVANCED_FACE('',(#7619),#8046,.T.);
#8395=ADVANCED_FACE('',(#7620),#8047,.T.);
#8396=ADVANCED_FACE('',(#7621),#8048,.T.);
#8397=ADVANCED_FACE('',(#7622),#8049,.T.);
#8398=ADVANCED_FACE('',(#7623),#8050,.T.);
#8399=ADVANCED_FACE('',(#7624),#8051,.T.);
#8400=ADVANCED_FACE('',(#7625),#8052,.T.);
#8401=ADVANCED_FACE('',(#7626),#8053,.T.);
#8402=ADVANCED_FACE('',(#7627),#8054,.T.);
#8403=ADVANCED_FACE('',(#7628),#8055,.T.);
#8404=ADVANCED_FACE('',(#7629),#8056,.T.);
#8405=ADVANCED_FACE('',(#7630),#8057,.T.);
#8406=ADVANCED_FACE('',(#7631),#8058,.T.);
#8407=ADVANCED_FACE('',(#7632),#8059,.T.);
#8408=ADVANCED_FACE('',(#7633),#8060,.T.);
#8409=ADVANCED_FACE('',(#7634),#8061,.T.);
#8410=ADVANCED_FACE('',(#7635),#8062,.T.);
#8411=ADVANCED_FACE('',(#7636),#8063,.T.);
#8412=ADVANCED_FACE('',(#7637),#8064,.T.);
#8413=ADVANCED_FACE('',(#7638),#8065,.T.);
#8414=ADVANCED_FACE('',(#7639),#8066,.T.);
#8415=ADVANCED_FACE('',(#7640),#8067,.T.);
#8416=ADVANCED_FACE('',(#7641),#8068,.T.);
#8417=ADVANCED_FACE('',(#7642),#8069,.T.);
#8418=ADVANCED_FACE('',(#7643),#8070,.T.);
#8419=ADVANCED_FACE('',(#7644),#8071,.T.);
#8420=ADVANCED_FACE('',(#7645),#8072,.T.);
#8421=ADVANCED_FACE('',(#7646),#8073,.T.);
#8422=ADVANCED_FACE('',(#7647),#8074,.T.);
#8423=ADVANCED_FACE('',(#7648),#8075,.T.);
#8424=ADVANCED_FACE('',(#7649),#8076,.T.);
#8425=ADVANCED_FACE('',(#7650),#8077,.T.);
#8426=ADVANCED_FACE('',(#7651),#8078,.T.);
#8427=ADVANCED_FACE('',(#7652),#8079,.T.);
#8428=ADVANCED_FACE('',(#7653),#8080,.T.);
#8429=ADVANCED_FACE('',(#7654),#8081,.T.);
#8430=ADVANCED_FACE('',(#7655),#8082,.T.);
#8431=ADVANCED_FACE('',(#7656),#8083,.T.);
#8432=ADVANCED_FACE('',(#7657),#8084,.T.);
#8433=ADVANCED_FACE('',(#7658),#8085,.T.);
#8434=ADVANCED_FACE('',(#7659),#8086,.T.);
#8435=ADVANCED_FACE('',(#7660),#8087,.T.);
#8436=ADVANCED_FACE('',(#7661),#8088,.T.);
#8437=ADVANCED_FACE('',(#7662),#8089,.T.);
#8438=ADVANCED_FACE('',(#7663),#8090,.T.);
#8439=ADVANCED_FACE('',(#7664),#8091,.T.);
#8440=ADVANCED_FACE('',(#7665),#8092,.T.);
#8441=ADVANCED_FACE('',(#7666),#8093,.T.);
#8442=ADVANCED_FACE('',(#7667),#8094,.T.);
#8443=ADVANCED_FACE('',(#7668),#8095,.T.);
#8444=ADVANCED_FACE('',(#7669),#8096,.T.);
#8445=ADVANCED_FACE('',(#7670),#8097,.T.);
#8446=ADVANCED_FACE('',(#7671),#8098,.T.);
#8447=ADVANCED_FACE('',(#7672),#8099,.T.);
#8448=ADVANCED_FACE('',(#7673),#8100,.T.);
#8449=ADVANCED_FACE('',(#7674),#8101,.T.);
#8450=ADVANCED_FACE('',(#7675),#8102,.T.);
#8451=ADVANCED_FACE('',(#7676),#8103,.T.);
#8452=ADVANCED_FACE('',(#7677),#8104,.T.);
#8453=ADVANCED_FACE('',(#7678),#8105,.T.);
#8454=ADVANCED_FACE('',(#7679),#8106,.T.);
#8455=ADVANCED_FACE('',(#7680),#8107,.T.);
#8456=ADVANCED_FACE('',(#7681),#8108,.T.);
#8457=ADVANCED_FACE('',(#7682),#8109,.T.);
#8458=ADVANCED_FACE('',(#7683),#8110,.T.);
#8459=ADVANCED_FACE('',(#7684),#8111,.T.);
#8460=ADVANCED_FACE('',(#7685),#8112,.T.);
#8461=ADVANCED_FACE('',(#7686),#8113,.T.);
#8462=ADVANCED_FACE('',(#7687),#8114,.T.);
#8463=ADVANCED_FACE('',(#7688),#8115,.T.);
#8464=ADVANCED_FACE('',(#7689),#8116,.T.);
#8465=ADVANCED_FACE('',(#7690),#8117,.T.);
#8466=ADVANCED_FACE('',(#7691),#8118,.T.);
#8467=ADVANCED_FACE('',(#7692),#8119,.T.);
#8468=ADVANCED_FACE('',(#7693),#8120,.T.);
#8469=ADVANCED_FACE('',(#7694),#8121,.T.);
#8470=ADVANCED_FACE('',(#7695),#8122,.T.);
#8471=ADVANCED_FACE('',(#7696),#8123,.T.);
#8472=ADVANCED_FACE('',(#7697),#8124,.T.);
#8473=ADVANCED_FACE('',(#7698),#8125,.T.);
#8474=ADVANCED_FACE('',(#7699),#8126,.T.);
#8475=ADVANCED_FACE('',(#7700),#8127,.T.);
#8476=ADVANCED_FACE('',(#7701),#8128,.T.);
#8477=ADVANCED_FACE('',(#7702),#8129,.T.);
#8478=ADVANCED_FACE('',(#7703),#8130,.T.);
#8479=ADVANCED_FACE('',(#7704),#8131,.T.);
#8480=ADVANCED_FACE('',(#7705),#8132,.T.);
#8481=ADVANCED_FACE('',(#7706),#8133,.T.);
#8482=ADVANCED_FACE('',(#7707),#8134,.T.);
#8483=ADVANCED_FACE('',(#7708),#8135,.T.);
#8484=ADVANCED_FACE('',(#7709),#8136,.T.);
#8485=ADVANCED_FACE('',(#7710),#8137,.T.);
#8486=ADVANCED_FACE('',(#7711),#8138,.T.);
#8487=ADVANCED_FACE('',(#7712),#8139,.T.);
#8488=ADVANCED_FACE('',(#7713),#91,.F.);
#8489=ADVANCED_FACE('',(#7714),#8140,.T.);
#8490=ADVANCED_FACE('',(#7715),#8141,.T.);
#8491=ADVANCED_FACE('',(#7716),#8142,.T.);
#8492=ADVANCED_FACE('',(#7717),#8143,.T.);
#8493=ADVANCED_FACE('',(#7718),#8144,.T.);
#8494=ADVANCED_FACE('',(#7719),#8145,.T.);
#8495=ADVANCED_FACE('',(#7720),#8146,.T.);
#8496=ADVANCED_FACE('',(#7721),#8147,.T.);
#8497=ADVANCED_FACE('',(#7722),#8148,.T.);
#8498=ADVANCED_FACE('',(#7723),#8149,.T.);
#8499=ADVANCED_FACE('',(#7724),#8150,.T.);
#8500=ADVANCED_FACE('',(#7725),#8151,.T.);
#8501=ADVANCED_FACE('',(#7726),#8152,.T.);
#8502=ADVANCED_FACE('',(#7727),#8153,.T.);
#8503=ADVANCED_FACE('',(#7728),#8154,.T.);
#8504=ADVANCED_FACE('',(#7729),#8155,.T.);
#8505=ADVANCED_FACE('',(#7730),#8156,.T.);
#8506=ADVANCED_FACE('',(#7731),#8157,.T.);
#8507=ADVANCED_FACE('',(#7732),#8158,.T.);
#8508=ADVANCED_FACE('',(#7733),#8159,.T.);
#8509=ADVANCED_FACE('',(#7734),#8160,.T.);
#8510=ADVANCED_FACE('',(#7735),#8161,.T.);
#8511=ADVANCED_FACE('',(#7736),#8162,.T.);
#8512=ADVANCED_FACE('',(#7737),#8163,.T.);
#8513=ADVANCED_FACE('',(#7738,#7739),#92,.T.);
#8514=ADVANCED_FACE('',(#7740),#8164,.F.);
#8515=ADVANCED_FACE('',(#7741,#7742),#93,.T.);
#8516=ADVANCED_FACE('',(#7743),#8165,.F.);
#8517=ADVANCED_FACE('',(#7744,#7745),#94,.T.);
#8518=ADVANCED_FACE('',(#7746),#8166,.F.);
#8519=ADVANCED_FACE('',(#7747,#7748),#95,.T.);
#8520=ADVANCED_FACE('',(#7749),#8167,.F.);
#8521=ADVANCED_FACE('',(#7750,#7751),#96,.T.);
#8522=ADVANCED_FACE('',(#7752),#8168,.F.);
#8523=ADVANCED_FACE('',(#7753,#7754),#97,.T.);
#8524=ADVANCED_FACE('',(#7755),#8169,.F.);
#8525=ADVANCED_FACE('',(#7756,#7757),#98,.T.);
#8526=ADVANCED_FACE('',(#7758),#8170,.F.);
#8527=ADVANCED_FACE('',(#7759,#7760),#99,.T.);
#8528=ADVANCED_FACE('',(#7761),#8171,.F.);
#8529=ADVANCED_FACE('',(#7762,#7763),#100,.T.);
#8530=ADVANCED_FACE('',(#7764),#8172,.F.);
#8531=ADVANCED_FACE('',(#7765,#7766),#101,.T.);
#8532=ADVANCED_FACE('',(#7767),#8173,.F.);
#8533=ADVANCED_FACE('',(#7768),#8174,.T.);
#8534=ADVANCED_FACE('',(#7769),#8175,.F.);
#8535=ADVANCED_FACE('',(#7770),#8176,.F.);
#8536=ADVANCED_FACE('',(#7771),#8177,.T.);
#8537=ADVANCED_FACE('',(#7772),#102,.T.);
#8538=ADVANCED_FACE('',(#7773),#103,.T.);
#8539=ADVANCED_FACE('',(#7774),#104,.T.);
#8540=ADVANCED_FACE('',(#7775),#105,.T.);
#8541=ADVANCED_FACE('',(#7776),#106,.T.);
#8542=ADVANCED_FACE('',(#7777),#107,.T.);
#8543=ADVANCED_FACE('',(#7778),#108,.T.);
#8544=ADVANCED_FACE('',(#7779),#109,.T.);
#8545=ADVANCED_FACE('',(#7780),#110,.T.);
#8546=ADVANCED_FACE('',(#7781),#111,.T.);
#8547=ADVANCED_FACE('',(#7782),#112,.T.);
#8548=ADVANCED_FACE('',(#7783),#113,.T.);
#8549=ADVANCED_FACE('',(#7784),#34,.T.);
#8550=ADVANCED_FACE('',(#7785),#114,.T.);
#8551=ADVANCED_FACE('',(#7786),#115,.T.);
#8552=ADVANCED_FACE('',(#7787),#116,.T.);
#8553=ADVANCED_FACE('',(#7788),#117,.T.);
#8554=ADVANCED_FACE('',(#7789),#35,.T.);
#8555=ADVANCED_FACE('',(#7790),#36,.T.);
#8556=ADVANCED_FACE('',(#7791),#118,.T.);
#8557=ADVANCED_FACE('',(#7792),#119,.T.);
#8558=ADVANCED_FACE('',(#7793),#37,.T.);
#8559=ADVANCED_FACE('',(#7794),#120,.T.);
#8560=ADVANCED_FACE('',(#7795),#8178,.F.);
#8561=ADVANCED_FACE('',(#7796),#8179,.F.);
#8562=ADVANCED_FACE('',(#7797),#8180,.F.);
#8563=ADVANCED_FACE('',(#7798),#8181,.F.);
#8564=ADVANCED_FACE('',(#7799),#121,.T.);
#8565=ADVANCED_FACE('',(#7800),#122,.T.);
#8566=ADVANCED_FACE('',(#7801),#123,.T.);
#8567=ADVANCED_FACE('',(#7802),#124,.T.);
#8568=ADVANCED_FACE('',(#7803),#125,.T.);
#8569=ADVANCED_FACE('',(#7804),#126,.T.);
#8570=ADVANCED_FACE('',(#7805),#127,.T.);
#8571=ADVANCED_FACE('',(#7806),#128,.T.);
#8572=ADVANCED_FACE('',(#7807),#129,.T.);
#8573=ADVANCED_FACE('',(#7808,#7809),#33,.F.);
#8574=ADVANCED_FACE('',(#7810),#8182,.F.);
#8575=ADVANCED_FACE('',(#7811),#8183,.F.);
#8576=ADVANCED_FACE('',(#7812),#25,.F.);
#8577=ADVANCED_FACE('',(#7813),#26,.F.);
#8578=ADVANCED_FACE('',(#7814),#27,.F.);
#8579=ADVANCED_FACE('',(#7815),#28,.F.);
#8580=ADVANCED_FACE('',(#7816),#8184,.F.);
#8581=ADVANCED_FACE('',(#7817),#8185,.F.);
#8582=ADVANCED_FACE('',(#7818),#8186,.F.);
#8583=ADVANCED_FACE('',(#7819),#8187,.F.);
#8584=ADVANCED_FACE('',(#7820),#8188,.F.);
#8585=ADVANCED_FACE('',(#7821),#130,.T.);
#8586=ADVANCED_FACE('',(#7822),#8189,.F.);
#8587=ADVANCED_FACE('',(#7823),#131,.T.);
#8588=ADVANCED_FACE('',(#7824),#29,.F.);
#8589=ADVANCED_FACE('',(#7825),#30,.F.);
#8590=ADVANCED_FACE('',(#7826),#31,.F.);
#8591=ADVANCED_FACE('',(#7827),#8190,.F.);
#8592=ADVANCED_FACE('',(#7828),#8191,.T.);
#8593=ADVANCED_FACE('',(#7829),#8192,.T.);
#8594=ADVANCED_FACE('',(#7830),#38,.F.);
#8595=ADVANCED_FACE('',(#7831),#132,.F.);
#8596=ADVANCED_FACE('',(#7832),#133,.F.);
#8597=ADVANCED_FACE('',(#7833),#39,.F.);
#8598=ADVANCED_FACE('',(#7834),#40,.F.);
#8599=ADVANCED_FACE('',(#7835),#134,.F.);
#8600=ADVANCED_FACE('',(#7836),#135,.F.);
#8601=ADVANCED_FACE('',(#7837),#41,.F.);
#8602=ADVANCED_FACE('',(#7838),#136,.T.);
#8603=ADVANCED_FACE('',(#7839),#137,.T.);
#8604=ADVANCED_FACE('',(#7840),#138,.T.);
#8605=ADVANCED_FACE('',(#7841),#42,.T.);
#8606=ADVANCED_FACE('',(#7842),#43,.T.);
#8607=ADVANCED_FACE('',(#7843),#139,.T.);
#8608=ADVANCED_FACE('',(#7844),#140,.T.);
#8609=ADVANCED_FACE('',(#7845),#141,.T.);
#8610=ADVANCED_FACE('',(#7846),#142,.T.);
#8611=ADVANCED_FACE('',(#7847),#44,.T.);
#8612=ADVANCED_FACE('',(#7848),#45,.T.);
#8613=ADVANCED_FACE('',(#7849),#143,.T.);
#8614=ADVANCED_FACE('',(#7850),#144,.T.);
#8615=ADVANCED_FACE('',(#7851),#16,.T.);
#8616=ADVANCED_FACE('',(#7852),#17,.T.);
#8617=ADVANCED_FACE('',(#7853),#18,.T.);
#8618=ADVANCED_FACE('',(#7854),#145,.T.);
#8619=ADVANCED_FACE('',(#7855),#19,.T.);
#8620=ADVANCED_FACE('',(#7856),#20,.T.);
#8621=ADVANCED_FACE('',(#7857),#21,.T.);
#8622=ADVANCED_FACE('',(#7858),#22,.T.);
#8623=ADVANCED_FACE('',(#7859),#146,.T.);
#8624=ADVANCED_FACE('',(#7860),#147,.T.);
#8625=ADVANCED_FACE('',(#7861),#23,.T.);
#8626=ADVANCED_FACE('',(#7862),#46,.T.);
#8627=ADVANCED_FACE('',(#7863),#24,.T.);
#8628=ADVANCED_FACE('',(#7864),#148,.T.);
#8629=ADVANCED_FACE('',(#7865),#149,.T.);
#8630=ADVANCED_FACE('',(#7866),#47,.T.);
#8631=ADVANCED_FACE('',(#7867),#150,.T.);
#8632=CLOSED_SHELL('',(#8193,#8194,#8195,#8196,#8197,#8198,#8199,#8200,
#8201,#8202,#8203,#8204,#8205,#8206,#8207,#8208,#8209,#8210,#8211,#8212,
#8213,#8214,#8215,#8216,#8217,#8218,#8219,#8220,#8221,#8222,#8223,#8224,
#8225,#8226,#8227,#8228,#8229,#8230,#8231,#8232,#8233,#8234,#8235,#8236,
#8237,#8238,#8239,#8240,#8241,#8242,#8243,#8244,#8245,#8246,#8247,#8248,
#8249,#8250,#8251,#8252,#8253,#8254,#8255,#8256,#8257,#8258,#8259,#8260,
#8261,#8262,#8263,#8264,#8265,#8266,#8267,#8268,#8269,#8270,#8271,#8272,
#8273,#8274,#8275,#8276,#8277,#8278,#8279,#8280,#8281,#8282,#8283,#8284,
#8285,#8286,#8287,#8288,#8289,#8290,#8291,#8292,#8293,#8294,#8295,#8296,
#8297,#8298,#8299,#8300,#8301,#8302,#8303,#8304,#8305,#8306,#8307,#8308,
#8309,#8310,#8311,#8312,#8313,#8314,#8315,#8316,#8317,#8318,#8319,#8320,
#8321,#8322,#8323,#8324,#8325,#8326,#8327,#8328,#8329,#8330,#8331,#8332,
#8333,#8334,#8335,#8336,#8337,#8338,#8339,#8340,#8341,#8342,#8343,#8344,
#8345,#8346,#8347,#8348,#8349,#8350,#8351,#8352,#8353,#8354,#8355,#8356,
#8357,#8358,#8359,#8360,#8361,#8362,#8363,#8364,#8365,#8366,#8367,#8368,
#8369,#8370,#8371,#8372,#8373,#8374,#8375,#8376,#8377,#8378,#8379,#8380,
#8381,#8382,#8383,#8384,#8385,#8386,#8387,#8388,#8389,#8390,#8391,#8392,
#8393,#8394,#8395,#8396,#8397,#8398,#8399,#8400,#8401,#8402,#8403,#8404,
#8405,#8406,#8407,#8408,#8409,#8410,#8411,#8412,#8413,#8414,#8415,#8416,
#8417,#8418,#8419,#8420,#8421,#8422,#8423,#8424,#8425,#8426,#8427,#8428,
#8429,#8430,#8431,#8432,#8433,#8434,#8435,#8436,#8437,#8438,#8439,#8440,
#8441,#8442,#8443,#8444,#8445,#8446,#8447,#8448,#8449,#8450,#8451,#8452,
#8453,#8454,#8455,#8456,#8457,#8458,#8459,#8460,#8461,#8462,#8463,#8464,
#8465,#8466,#8467,#8468,#8469,#8470,#8471,#8472,#8473,#8474,#8475,#8476,
#8477,#8478,#8479,#8480,#8481,#8482,#8483,#8484,#8485,#8486,#8487,#8488,
#8489,#8490,#8491,#8492,#8493,#8494,#8495,#8496,#8497,#8498,#8499,#8500,
#8501,#8502,#8503,#8504,#8505,#8506,#8507,#8508,#8509,#8510,#8511,#8512,
#8513,#8514,#8515,#8516,#8517,#8518,#8519,#8520,#8521,#8522,#8523,#8524,
#8525,#8526,#8527,#8528,#8529,#8530,#8531,#8532,#8533,#8534,#8535,#8536,
#8537,#8538,#8539,#8540,#8541,#8542,#8543,#8544,#8545,#8546,#8547,#8548,
#8549,#8550,#8551,#8552,#8553,#8554,#8555,#8556,#8557,#8558,#8559,#8560,
#8561,#8562,#8563,#8564,#8565,#8566,#8567,#8568,#8569,#8570,#8571,#8572,
#8573,#8574,#8575,#8576,#8577,#8578,#8579,#8580,#8581,#8582,#8583,#8584,
#8585,#8586,#8587,#8588,#8589,#8590,#8591,#8592,#8593,#8594,#8595,#8596,
#8597,#8598,#8599,#8600,#8601,#8602,#8603,#8604,#8605,#8606,#8607,#8608,
#8609,#8610,#8611,#8612,#8613,#8614,#8615,#8616,#8617,#8618,#8619,#8620,
#8621,#8622,#8623,#8624,#8625,#8626,#8627,#8628,#8629,#8630,#8631));
#8633=STYLED_ITEM('',(#8634),#8641);
#8634=PRESENTATION_STYLE_ASSIGNMENT((#8635));
#8635=SURFACE_STYLE_USAGE(.BOTH.,#8636);
#8636=SURFACE_SIDE_STYLE('',(#8637));
#8637=SURFACE_STYLE_FILL_AREA(#8638);
#8638=FILL_AREA_STYLE('',(#8639));
#8639=FILL_AREA_STYLE_COLOUR('',#8640);
#8640=COLOUR_RGB('',0.349019607843138,0.376470588235294,0.4);
#8641=MANIFOLD_SOLID_BREP('Part 1',#8632);
#8642=SHAPE_DEFINITION_REPRESENTATION(#14026,#8644);
#8643=SHAPE_DEFINITION_REPRESENTATION(#14027,#8645);
#8644=SHAPE_REPRESENTATION('Assembly 1',(#8646,#9223),#14019);
#8645=SHAPE_REPRESENTATION('Part 1',(#8646),#14020);
#8646=AXIS2_PLACEMENT_3D('',#11376,#9224,#9225);
#8647=AXIS2_PLACEMENT_3D('',#11377,#9226,#9227);
#8648=AXIS2_PLACEMENT_3D('',#11400,#9234,#9235);
#8649=AXIS2_PLACEMENT_3D('',#11446,#9258,#9259);
#8650=AXIS2_PLACEMENT_3D('',#11643,#9358,#9359);
#8651=AXIS2_PLACEMENT_3D('',#11661,#9368,#9369);
#8652=AXIS2_PLACEMENT_3D('',#11710,#9393,#9394);
#8653=AXIS2_PLACEMENT_3D('',#11720,#9399,#9400);
#8654=AXIS2_PLACEMENT_3D('',#11782,#9431,#9432);
#8655=AXIS2_PLACEMENT_3D('',#11790,#9436,#9437);
#8656=AXIS2_PLACEMENT_3D('',#11862,#9473,#9474);
#8657=AXIS2_PLACEMENT_3D('',#11882,#9484,#9485);
#8658=AXIS2_PLACEMENT_3D('',#11883,#9486,#9487);
#8659=AXIS2_PLACEMENT_3D('',#11891,#9491,#9492);
#8660=AXIS2_PLACEMENT_3D('',#11906,#9499,#9500);
#8661=AXIS2_PLACEMENT_3D('',#11911,#9503,#9504);
#8662=AXIS2_PLACEMENT_3D('',#11919,#9508,#9509);
#8663=AXIS2_PLACEMENT_3D('',#11927,#9513,#9514);
#8664=AXIS2_PLACEMENT_3D('',#11935,#9518,#9519);
#8665=AXIS2_PLACEMENT_3D('',#11943,#9523,#9524);
#8666=AXIS2_PLACEMENT_3D('',#11951,#9528,#9529);
#8667=AXIS2_PLACEMENT_3D('',#11959,#9533,#9534);
#8668=AXIS2_PLACEMENT_3D('',#11969,#9539,#9540);
#8669=AXIS2_PLACEMENT_3D('',#12020,#9565,#9566);
#8670=AXIS2_PLACEMENT_3D('',#12024,#9568,#9569);
#8671=AXIS2_PLACEMENT_3D('',#12028,#9571,#9572);
#8672=AXIS2_PLACEMENT_3D('',#12032,#9574,#9575);
#8673=AXIS2_PLACEMENT_3D('',#12033,#9576,#9577);
#8674=AXIS2_PLACEMENT_3D('',#12050,#9586,#9587);
#8675=AXIS2_PLACEMENT_3D('',#12067,#9596,#9597);
#8676=AXIS2_PLACEMENT_3D('',#12117,#9622,#9623);
#8677=AXIS2_PLACEMENT_3D('',#12243,#9686,#9687);
#8678=AXIS2_PLACEMENT_3D('',#12259,#9695,#9696);
#8679=AXIS2_PLACEMENT_3D('',#12297,#9715,#9716);
#8680=AXIS2_PLACEMENT_3D('',#12341,#9738,#9739);
#8681=AXIS2_PLACEMENT_3D('',#12355,#9746,#9747);
#8682=AXIS2_PLACEMENT_3D('',#12359,#9749,#9750);
#8683=AXIS2_PLACEMENT_3D('',#12377,#9760,#9761);
#8684=AXIS2_PLACEMENT_3D('',#12379,#9762,#9763);
#8685=AXIS2_PLACEMENT_3D('',#12384,#9765,#9766);
#8686=AXIS2_PLACEMENT_3D('',#12392,#9770,#9771);
#8687=AXIS2_PLACEMENT_3D('',#12400,#9775,#9776);
#8688=AXIS2_PLACEMENT_3D('',#12412,#9782,#9783);
#8689=AXIS2_PLACEMENT_3D('',#12424,#9789,#9790);
#8690=AXIS2_PLACEMENT_3D('',#12444,#9800,#9801);
#8691=AXIS2_PLACEMENT_3D('',#12472,#9815,#9816);
#8692=AXIS2_PLACEMENT_3D('',#12476,#9818,#9819);
#8693=AXIS2_PLACEMENT_3D('',#12484,#9823,#9824);
#8694=AXIS2_PLACEMENT_3D('',#12518,#9841,#9842);
#8695=AXIS2_PLACEMENT_3D('',#12542,#9854,#9855);
#8696=AXIS2_PLACEMENT_3D('',#12550,#9859,#9860);
#8697=AXIS2_PLACEMENT_3D('',#12558,#9864,#9865);
#8698=AXIS2_PLACEMENT_3D('',#12685,#9929,#9930);
#8699=AXIS2_PLACEMENT_3D('',#12686,#9931,#9932);
#8700=AXIS2_PLACEMENT_3D('',#12688,#9933,#9934);
#8701=AXIS2_PLACEMENT_3D('',#12690,#9935,#9936);
#8702=AXIS2_PLACEMENT_3D('',#12692,#9937,#9938);
#8703=AXIS2_PLACEMENT_3D('',#12694,#9939,#9940);
#8704=AXIS2_PLACEMENT_3D('',#12696,#9941,#9942);
#8705=AXIS2_PLACEMENT_3D('',#12698,#9943,#9944);
#8706=AXIS2_PLACEMENT_3D('',#12700,#9945,#9946);
#8707=AXIS2_PLACEMENT_3D('',#12702,#9947,#9948);
#8708=AXIS2_PLACEMENT_3D('',#12704,#9949,#9950);
#8709=AXIS2_PLACEMENT_3D('',#12706,#9951,#9952);
#8710=AXIS2_PLACEMENT_3D('',#12710,#9954,#9955);
#8711=AXIS2_PLACEMENT_3D('',#12714,#9957,#9958);
#8712=AXIS2_PLACEMENT_3D('',#12718,#9960,#9961);
#8713=AXIS2_PLACEMENT_3D('',#12724,#9965,#9966);
#8714=AXIS2_PLACEMENT_3D('',#12730,#9970,#9971);
#8715=AXIS2_PLACEMENT_3D('',#12734,#9974,#9975);
#8716=AXIS2_PLACEMENT_3D('',#12738,#9978,#9979);
#8717=AXIS2_PLACEMENT_3D('',#12744,#9983,#9984);
#8718=AXIS2_PLACEMENT_3D('',#12750,#9988,#9989);
#8719=AXIS2_PLACEMENT_3D('',#12754,#9992,#9993);
#8720=AXIS2_PLACEMENT_3D('',#12758,#9996,#9997);
#8721=AXIS2_PLACEMENT_3D('',#12764,#10001,#10002);
#8722=AXIS2_PLACEMENT_3D('',#12770,#10006,#10007);
#8723=AXIS2_PLACEMENT_3D('',#12774,#10010,#10011);
#8724=AXIS2_PLACEMENT_3D('',#12780,#10015,#10016);
#8725=AXIS2_PLACEMENT_3D('',#12786,#10020,#10021);
#8726=AXIS2_PLACEMENT_3D('',#12790,#10024,#10025);
#8727=AXIS2_PLACEMENT_3D('',#12796,#10029,#10030);
#8728=AXIS2_PLACEMENT_3D('',#12798,#10032,#10033);
#8729=AXIS2_PLACEMENT_3D('',#12800,#10035,#10036);
#8730=AXIS2_PLACEMENT_3D('',#12802,#10038,#10039);
#8731=AXIS2_PLACEMENT_3D('',#12803,#10040,#10041);
#8732=AXIS2_PLACEMENT_3D('',#12804,#10042,#10043);
#8733=AXIS2_PLACEMENT_3D('',#12806,#10044,#10045);
#8734=AXIS2_PLACEMENT_3D('',#12807,#10046,#10047);
#8735=AXIS2_PLACEMENT_3D('',#12809,#10048,#10049);
#8736=AXIS2_PLACEMENT_3D('',#12810,#10050,#10051);
#8737=AXIS2_PLACEMENT_3D('',#12812,#10052,#10053);
#8738=AXIS2_PLACEMENT_3D('',#12813,#10054,#10055);
#8739=AXIS2_PLACEMENT_3D('',#12815,#10056,#10057);
#8740=AXIS2_PLACEMENT_3D('',#12816,#10058,#10059);
#8741=AXIS2_PLACEMENT_3D('',#12817,#10060,#10061);
#8742=AXIS2_PLACEMENT_3D('',#12819,#10062,#10063);
#8743=AXIS2_PLACEMENT_3D('',#12820,#10064,#10065);
#8744=AXIS2_PLACEMENT_3D('',#12822,#10066,#10067);
#8745=AXIS2_PLACEMENT_3D('',#12824,#10068,#10069);
#8746=AXIS2_PLACEMENT_3D('',#12825,#10070,#10071);
#8747=AXIS2_PLACEMENT_3D('',#12828,#10074,#10075);
#8748=AXIS2_PLACEMENT_3D('',#12830,#10077,#10078);
#8749=AXIS2_PLACEMENT_3D('',#12832,#10080,#10081);
#8750=AXIS2_PLACEMENT_3D('',#12833,#10082,#10083);
#8751=AXIS2_PLACEMENT_3D('',#12836,#10086,#10087);
#8752=AXIS2_PLACEMENT_3D('',#12838,#10089,#10090);
#8753=AXIS2_PLACEMENT_3D('',#12840,#10092,#10093);
#8754=AXIS2_PLACEMENT_3D('',#12841,#10094,#10095);
#8755=AXIS2_PLACEMENT_3D('',#12844,#10098,#10099);
#8756=AXIS2_PLACEMENT_3D('',#12846,#10101,#10102);
#8757=AXIS2_PLACEMENT_3D('',#12848,#10104,#10105);
#8758=AXIS2_PLACEMENT_3D('',#12849,#10106,#10107);
#8759=AXIS2_PLACEMENT_3D('',#12852,#10110,#10111);
#8760=AXIS2_PLACEMENT_3D('',#12854,#10113,#10114);
#8761=AXIS2_PLACEMENT_3D('',#12856,#10116,#10117);
#8762=AXIS2_PLACEMENT_3D('',#12858,#10119,#10120);
#8763=AXIS2_PLACEMENT_3D('',#12859,#10121,#10122);
#8764=AXIS2_PLACEMENT_3D('',#12862,#10125,#10126);
#8765=AXIS2_PLACEMENT_3D('',#12864,#10128,#10129);
#8766=AXIS2_PLACEMENT_3D('',#12866,#10131,#10132);
#8767=AXIS2_PLACEMENT_3D('',#12868,#10134,#10135);
#8768=AXIS2_PLACEMENT_3D('',#12869,#10136,#10137);
#8769=AXIS2_PLACEMENT_3D('',#12872,#10140,#10141);
#8770=AXIS2_PLACEMENT_3D('',#12874,#10143,#10144);
#8771=AXIS2_PLACEMENT_3D('',#12876,#10146,#10147);
#8772=AXIS2_PLACEMENT_3D('',#12877,#10148,#10149);
#8773=AXIS2_PLACEMENT_3D('',#12880,#10152,#10153);
#8774=AXIS2_PLACEMENT_3D('',#12882,#10155,#10156);
#8775=AXIS2_PLACEMENT_3D('',#12884,#10158,#10159);
#8776=AXIS2_PLACEMENT_3D('',#12886,#10161,#10162);
#8777=AXIS2_PLACEMENT_3D('',#12887,#10163,#10164);
#8778=AXIS2_PLACEMENT_3D('',#12890,#10167,#10168);
#8779=AXIS2_PLACEMENT_3D('',#12892,#10170,#10171);
#8780=AXIS2_PLACEMENT_3D('',#12894,#10173,#10174);
#8781=AXIS2_PLACEMENT_3D('',#12895,#10175,#10176);
#8782=AXIS2_PLACEMENT_3D('',#12898,#10179,#10180);
#8783=AXIS2_PLACEMENT_3D('',#12900,#10182,#10183);
#8784=AXIS2_PLACEMENT_3D('',#12902,#10185,#10186);
#8785=AXIS2_PLACEMENT_3D('',#12903,#10187,#10188);
#8786=AXIS2_PLACEMENT_3D('',#12906,#10191,#10192);
#8787=AXIS2_PLACEMENT_3D('',#12908,#10194,#10195);
#8788=AXIS2_PLACEMENT_3D('',#12910,#10197,#10198);
#8789=AXIS2_PLACEMENT_3D('',#12911,#10199,#10200);
#8790=AXIS2_PLACEMENT_3D('',#12914,#10203,#10204);
#8791=AXIS2_PLACEMENT_3D('',#12916,#10206,#10207);
#8792=AXIS2_PLACEMENT_3D('',#12918,#10209,#10210);
#8793=AXIS2_PLACEMENT_3D('',#12919,#10211,#10212);
#8794=AXIS2_PLACEMENT_3D('',#12922,#10215,#10216);
#8795=AXIS2_PLACEMENT_3D('',#12924,#10218,#10219);
#8796=AXIS2_PLACEMENT_3D('',#12926,#10221,#10222);
#8797=AXIS2_PLACEMENT_3D('',#12927,#10223,#10224);
#8798=AXIS2_PLACEMENT_3D('',#12930,#10227,#10228);
#8799=AXIS2_PLACEMENT_3D('',#12932,#10230,#10231);
#8800=AXIS2_PLACEMENT_3D('',#12934,#10233,#10234);
#8801=AXIS2_PLACEMENT_3D('',#12935,#10235,#10236);
#8802=AXIS2_PLACEMENT_3D('',#12938,#10239,#10240);
#8803=AXIS2_PLACEMENT_3D('',#12940,#10242,#10243);
#8804=AXIS2_PLACEMENT_3D('',#12942,#10245,#10246);
#8805=AXIS2_PLACEMENT_3D('',#12943,#10247,#10248);
#8806=AXIS2_PLACEMENT_3D('',#12946,#10251,#10252);
#8807=AXIS2_PLACEMENT_3D('',#12948,#10254,#10255);
#8808=AXIS2_PLACEMENT_3D('',#12950,#10257,#10258);
#8809=AXIS2_PLACEMENT_3D('',#12951,#10259,#10260);
#8810=AXIS2_PLACEMENT_3D('',#12954,#10263,#10264);
#8811=AXIS2_PLACEMENT_3D('',#12956,#10266,#10267);
#8812=AXIS2_PLACEMENT_3D('',#12958,#10269,#10270);
#8813=AXIS2_PLACEMENT_3D('',#12959,#10271,#10272);
#8814=AXIS2_PLACEMENT_3D('',#12962,#10275,#10276);
#8815=AXIS2_PLACEMENT_3D('',#12964,#10278,#10279);
#8816=AXIS2_PLACEMENT_3D('',#12966,#10281,#10282);
#8817=AXIS2_PLACEMENT_3D('',#12967,#10283,#10284);
#8818=AXIS2_PLACEMENT_3D('',#12970,#10287,#10288);
#8819=AXIS2_PLACEMENT_3D('',#12972,#10290,#10291);
#8820=AXIS2_PLACEMENT_3D('',#12974,#10293,#10294);
#8821=AXIS2_PLACEMENT_3D('',#12975,#10295,#10296);
#8822=AXIS2_PLACEMENT_3D('',#12978,#10299,#10300);
#8823=AXIS2_PLACEMENT_3D('',#12980,#10302,#10303);
#8824=AXIS2_PLACEMENT_3D('',#12982,#10305,#10306);
#8825=AXIS2_PLACEMENT_3D('',#12983,#10307,#10308);
#8826=AXIS2_PLACEMENT_3D('',#12986,#10311,#10312);
#8827=AXIS2_PLACEMENT_3D('',#12988,#10314,#10315);
#8828=AXIS2_PLACEMENT_3D('',#12990,#10317,#10318);
#8829=AXIS2_PLACEMENT_3D('',#12991,#10319,#10320);
#8830=AXIS2_PLACEMENT_3D('',#12994,#10323,#10324);
#8831=AXIS2_PLACEMENT_3D('',#12996,#10326,#10327);
#8832=AXIS2_PLACEMENT_3D('',#12998,#10329,#10330);
#8833=AXIS2_PLACEMENT_3D('',#12999,#10331,#10332);
#8834=AXIS2_PLACEMENT_3D('',#13002,#10335,#10336);
#8835=AXIS2_PLACEMENT_3D('',#13004,#10338,#10339);
#8836=AXIS2_PLACEMENT_3D('',#13006,#10341,#10342);
#8837=AXIS2_PLACEMENT_3D('',#13007,#10343,#10344);
#8838=AXIS2_PLACEMENT_3D('',#13010,#10347,#10348);
#8839=AXIS2_PLACEMENT_3D('',#13012,#10350,#10351);
#8840=AXIS2_PLACEMENT_3D('',#13014,#10353,#10354);
#8841=AXIS2_PLACEMENT_3D('',#13015,#10355,#10356);
#8842=AXIS2_PLACEMENT_3D('',#13018,#10359,#10360);
#8843=AXIS2_PLACEMENT_3D('',#13020,#10362,#10363);
#8844=AXIS2_PLACEMENT_3D('',#13022,#10365,#10366);
#8845=AXIS2_PLACEMENT_3D('',#13023,#10367,#10368);
#8846=AXIS2_PLACEMENT_3D('',#13026,#10371,#10372);
#8847=AXIS2_PLACEMENT_3D('',#13028,#10374,#10375);
#8848=AXIS2_PLACEMENT_3D('',#13030,#10377,#10378);
#8849=AXIS2_PLACEMENT_3D('',#13031,#10379,#10380);
#8850=AXIS2_PLACEMENT_3D('',#13034,#10383,#10384);
#8851=AXIS2_PLACEMENT_3D('',#13036,#10386,#10387);
#8852=AXIS2_PLACEMENT_3D('',#13038,#10389,#10390);
#8853=AXIS2_PLACEMENT_3D('',#13039,#10391,#10392);
#8854=AXIS2_PLACEMENT_3D('',#13042,#10395,#10396);
#8855=AXIS2_PLACEMENT_3D('',#13044,#10398,#10399);
#8856=AXIS2_PLACEMENT_3D('',#13046,#10401,#10402);
#8857=AXIS2_PLACEMENT_3D('',#13047,#10403,#10404);
#8858=AXIS2_PLACEMENT_3D('',#13050,#10407,#10408);
#8859=AXIS2_PLACEMENT_3D('',#13052,#10410,#10411);
#8860=AXIS2_PLACEMENT_3D('',#13054,#10413,#10414);
#8861=AXIS2_PLACEMENT_3D('',#13055,#10415,#10416);
#8862=AXIS2_PLACEMENT_3D('',#13058,#10419,#10420);
#8863=AXIS2_PLACEMENT_3D('',#13060,#10422,#10423);
#8864=AXIS2_PLACEMENT_3D('',#13062,#10425,#10426);
#8865=AXIS2_PLACEMENT_3D('',#13064,#10428,#10429);
#8866=AXIS2_PLACEMENT_3D('',#13065,#10430,#10431);
#8867=AXIS2_PLACEMENT_3D('',#13068,#10434,#10435);
#8868=AXIS2_PLACEMENT_3D('',#13070,#10437,#10438);
#8869=AXIS2_PLACEMENT_3D('',#13072,#10440,#10441);
#8870=AXIS2_PLACEMENT_3D('',#13073,#10442,#10443);
#8871=AXIS2_PLACEMENT_3D('',#13076,#10446,#10447);
#8872=AXIS2_PLACEMENT_3D('',#13078,#10449,#10450);
#8873=AXIS2_PLACEMENT_3D('',#13080,#10452,#10453);
#8874=AXIS2_PLACEMENT_3D('',#13082,#10455,#10456);
#8875=AXIS2_PLACEMENT_3D('',#13083,#10457,#10458);
#8876=AXIS2_PLACEMENT_3D('',#13086,#10461,#10462);
#8877=AXIS2_PLACEMENT_3D('',#13088,#10464,#10465);
#8878=AXIS2_PLACEMENT_3D('',#13090,#10467,#10468);
#8879=AXIS2_PLACEMENT_3D('',#13092,#10470,#10471);
#8880=AXIS2_PLACEMENT_3D('',#13093,#10472,#10473);
#8881=AXIS2_PLACEMENT_3D('',#13096,#10476,#10477);
#8882=AXIS2_PLACEMENT_3D('',#13098,#10479,#10480);
#8883=AXIS2_PLACEMENT_3D('',#13100,#10482,#10483);
#8884=AXIS2_PLACEMENT_3D('',#13101,#10484,#10485);
#8885=AXIS2_PLACEMENT_3D('',#13104,#10488,#10489);
#8886=AXIS2_PLACEMENT_3D('',#13106,#10491,#10492);
#8887=AXIS2_PLACEMENT_3D('',#13108,#10494,#10495);
#8888=AXIS2_PLACEMENT_3D('',#13109,#10496,#10497);
#8889=AXIS2_PLACEMENT_3D('',#13112,#10500,#10501);
#8890=AXIS2_PLACEMENT_3D('',#13114,#10503,#10504);
#8891=AXIS2_PLACEMENT_3D('',#13116,#10506,#10507);
#8892=AXIS2_PLACEMENT_3D('',#13117,#10508,#10509);
#8893=AXIS2_PLACEMENT_3D('',#13120,#10512,#10513);
#8894=AXIS2_PLACEMENT_3D('',#13122,#10515,#10516);
#8895=AXIS2_PLACEMENT_3D('',#13124,#10518,#10519);
#8896=AXIS2_PLACEMENT_3D('',#13125,#10520,#10521);
#8897=AXIS2_PLACEMENT_3D('',#13128,#10524,#10525);
#8898=AXIS2_PLACEMENT_3D('',#13130,#10527,#10528);
#8899=AXIS2_PLACEMENT_3D('',#13132,#10530,#10531);
#8900=AXIS2_PLACEMENT_3D('',#13133,#10532,#10533);
#8901=AXIS2_PLACEMENT_3D('',#13136,#10536,#10537);
#8902=AXIS2_PLACEMENT_3D('',#13138,#10539,#10540);
#8903=AXIS2_PLACEMENT_3D('',#13140,#10542,#10543);
#8904=AXIS2_PLACEMENT_3D('',#13141,#10544,#10545);
#8905=AXIS2_PLACEMENT_3D('',#13144,#10548,#10549);
#8906=AXIS2_PLACEMENT_3D('',#13146,#10551,#10552);
#8907=AXIS2_PLACEMENT_3D('',#13148,#10554,#10555);
#8908=AXIS2_PLACEMENT_3D('',#13149,#10556,#10557);
#8909=AXIS2_PLACEMENT_3D('',#13152,#10560,#10561);
#8910=AXIS2_PLACEMENT_3D('',#13154,#10563,#10564);
#8911=AXIS2_PLACEMENT_3D('',#13156,#10566,#10567);
#8912=AXIS2_PLACEMENT_3D('',#13158,#10569,#10570);
#8913=AXIS2_PLACEMENT_3D('',#13159,#10571,#10572);
#8914=AXIS2_PLACEMENT_3D('',#13162,#10575,#10576);
#8915=AXIS2_PLACEMENT_3D('',#13164,#10578,#10579);
#8916=AXIS2_PLACEMENT_3D('',#13166,#10581,#10582);
#8917=AXIS2_PLACEMENT_3D('',#13167,#10583,#10584);
#8918=AXIS2_PLACEMENT_3D('',#13170,#10587,#10588);
#8919=AXIS2_PLACEMENT_3D('',#13172,#10590,#10591);
#8920=AXIS2_PLACEMENT_3D('',#13174,#10593,#10594);
#8921=AXIS2_PLACEMENT_3D('',#13175,#10595,#10596);
#8922=AXIS2_PLACEMENT_3D('',#13178,#10599,#10600);
#8923=AXIS2_PLACEMENT_3D('',#13180,#10602,#10603);
#8924=AXIS2_PLACEMENT_3D('',#13182,#10605,#10606);
#8925=AXIS2_PLACEMENT_3D('',#13183,#10607,#10608);
#8926=AXIS2_PLACEMENT_3D('',#13186,#10611,#10612);
#8927=AXIS2_PLACEMENT_3D('',#13188,#10614,#10615);
#8928=AXIS2_PLACEMENT_3D('',#13190,#10617,#10618);
#8929=AXIS2_PLACEMENT_3D('',#13191,#10619,#10620);
#8930=AXIS2_PLACEMENT_3D('',#13194,#10623,#10624);
#8931=AXIS2_PLACEMENT_3D('',#13196,#10626,#10627);
#8932=AXIS2_PLACEMENT_3D('',#13198,#10629,#10630);
#8933=AXIS2_PLACEMENT_3D('',#13199,#10631,#10632);
#8934=AXIS2_PLACEMENT_3D('',#13202,#10635,#10636);
#8935=AXIS2_PLACEMENT_3D('',#13204,#10638,#10639);
#8936=AXIS2_PLACEMENT_3D('',#13206,#10641,#10642);
#8937=AXIS2_PLACEMENT_3D('',#13207,#10643,#10644);
#8938=AXIS2_PLACEMENT_3D('',#13210,#10647,#10648);
#8939=AXIS2_PLACEMENT_3D('',#13212,#10650,#10651);
#8940=AXIS2_PLACEMENT_3D('',#13214,#10653,#10654);
#8941=AXIS2_PLACEMENT_3D('',#13215,#10655,#10656);
#8942=AXIS2_PLACEMENT_3D('',#13218,#10659,#10660);
#8943=AXIS2_PLACEMENT_3D('',#13220,#10662,#10663);
#8944=AXIS2_PLACEMENT_3D('',#13222,#10665,#10666);
#8945=AXIS2_PLACEMENT_3D('',#13223,#10667,#10668);
#8946=AXIS2_PLACEMENT_3D('',#13226,#10671,#10672);
#8947=AXIS2_PLACEMENT_3D('',#13228,#10674,#10675);
#8948=AXIS2_PLACEMENT_3D('',#13230,#10677,#10678);
#8949=AXIS2_PLACEMENT_3D('',#13231,#10679,#10680);
#8950=AXIS2_PLACEMENT_3D('',#13234,#10683,#10684);
#8951=AXIS2_PLACEMENT_3D('',#13236,#10686,#10687);
#8952=AXIS2_PLACEMENT_3D('',#13238,#10689,#10690);
#8953=AXIS2_PLACEMENT_3D('',#13239,#10691,#10692);
#8954=AXIS2_PLACEMENT_3D('',#13242,#10695,#10696);
#8955=AXIS2_PLACEMENT_3D('',#13244,#10698,#10699);
#8956=AXIS2_PLACEMENT_3D('',#13246,#10701,#10702);
#8957=AXIS2_PLACEMENT_3D('',#13247,#10703,#10704);
#8958=AXIS2_PLACEMENT_3D('',#13250,#10707,#10708);
#8959=AXIS2_PLACEMENT_3D('',#13252,#10710,#10711);
#8960=AXIS2_PLACEMENT_3D('',#13254,#10713,#10714);
#8961=AXIS2_PLACEMENT_3D('',#13255,#10715,#10716);
#8962=AXIS2_PLACEMENT_3D('',#13258,#10719,#10720);
#8963=AXIS2_PLACEMENT_3D('',#13260,#10722,#10723);
#8964=AXIS2_PLACEMENT_3D('',#13262,#10725,#10726);
#8965=AXIS2_PLACEMENT_3D('',#13263,#10727,#10728);
#8966=AXIS2_PLACEMENT_3D('',#13266,#10731,#10732);
#8967=AXIS2_PLACEMENT_3D('',#13268,#10734,#10735);
#8968=AXIS2_PLACEMENT_3D('',#13270,#10737,#10738);
#8969=AXIS2_PLACEMENT_3D('',#13271,#10739,#10740);
#8970=AXIS2_PLACEMENT_3D('',#13274,#10743,#10744);
#8971=AXIS2_PLACEMENT_3D('',#13276,#10746,#10747);
#8972=AXIS2_PLACEMENT_3D('',#13278,#10749,#10750);
#8973=AXIS2_PLACEMENT_3D('',#13279,#10751,#10752);
#8974=AXIS2_PLACEMENT_3D('',#13282,#10755,#10756);
#8975=AXIS2_PLACEMENT_3D('',#13284,#10758,#10759);
#8976=AXIS2_PLACEMENT_3D('',#13286,#10761,#10762);
#8977=AXIS2_PLACEMENT_3D('',#13287,#10763,#10764);
#8978=AXIS2_PLACEMENT_3D('',#13290,#10767,#10768);
#8979=AXIS2_PLACEMENT_3D('',#13292,#10770,#10771);
#8980=AXIS2_PLACEMENT_3D('',#13294,#10773,#10774);
#8981=AXIS2_PLACEMENT_3D('',#13295,#10775,#10776);
#8982=AXIS2_PLACEMENT_3D('',#13298,#10779,#10780);
#8983=AXIS2_PLACEMENT_3D('',#13300,#10782,#10783);
#8984=AXIS2_PLACEMENT_3D('',#13302,#10785,#10786);
#8985=AXIS2_PLACEMENT_3D('',#13303,#10787,#10788);
#8986=AXIS2_PLACEMENT_3D('',#13306,#10791,#10792);
#8987=AXIS2_PLACEMENT_3D('',#13308,#10794,#10795);
#8988=AXIS2_PLACEMENT_3D('',#13310,#10797,#10798);
#8989=AXIS2_PLACEMENT_3D('',#13311,#10799,#10800);
#8990=AXIS2_PLACEMENT_3D('',#13314,#10803,#10804);
#8991=AXIS2_PLACEMENT_3D('',#13316,#10806,#10807);
#8992=AXIS2_PLACEMENT_3D('',#13318,#10809,#10810);
#8993=AXIS2_PLACEMENT_3D('',#13319,#10811,#10812);
#8994=AXIS2_PLACEMENT_3D('',#13322,#10815,#10816);
#8995=AXIS2_PLACEMENT_3D('',#13324,#10818,#10819);
#8996=AXIS2_PLACEMENT_3D('',#13326,#10821,#10822);
#8997=AXIS2_PLACEMENT_3D('',#13327,#10823,#10824);
#8998=AXIS2_PLACEMENT_3D('',#13330,#10827,#10828);
#8999=AXIS2_PLACEMENT_3D('',#13332,#10830,#10831);
#9000=AXIS2_PLACEMENT_3D('',#13334,#10833,#10834);
#9001=AXIS2_PLACEMENT_3D('',#13335,#10835,#10836);
#9002=AXIS2_PLACEMENT_3D('',#13338,#10839,#10840);
#9003=AXIS2_PLACEMENT_3D('',#13340,#10842,#10843);
#9004=AXIS2_PLACEMENT_3D('',#13342,#10845,#10846);
#9005=AXIS2_PLACEMENT_3D('',#13343,#10847,#10848);
#9006=AXIS2_PLACEMENT_3D('',#13346,#10851,#10852);
#9007=AXIS2_PLACEMENT_3D('',#13348,#10854,#10855);
#9008=AXIS2_PLACEMENT_3D('',#13350,#10857,#10858);
#9009=AXIS2_PLACEMENT_3D('',#13351,#10859,#10860);
#9010=AXIS2_PLACEMENT_3D('',#13354,#10863,#10864);
#9011=AXIS2_PLACEMENT_3D('',#13356,#10866,#10867);
#9012=AXIS2_PLACEMENT_3D('',#13358,#10869,#10870);
#9013=AXIS2_PLACEMENT_3D('',#13360,#10872,#10873);
#9014=AXIS2_PLACEMENT_3D('',#13361,#10874,#10875);
#9015=AXIS2_PLACEMENT_3D('',#13364,#10878,#10879);
#9016=AXIS2_PLACEMENT_3D('',#13366,#10881,#10882);
#9017=AXIS2_PLACEMENT_3D('',#13368,#10884,#10885);
#9018=AXIS2_PLACEMENT_3D('',#13369,#10886,#10887);
#9019=AXIS2_PLACEMENT_3D('',#13372,#10890,#10891);
#9020=AXIS2_PLACEMENT_3D('',#13374,#10893,#10894);
#9021=AXIS2_PLACEMENT_3D('',#13376,#10896,#10897);
#9022=AXIS2_PLACEMENT_3D('',#13377,#10898,#10899);
#9023=AXIS2_PLACEMENT_3D('',#13380,#10902,#10903);
#9024=AXIS2_PLACEMENT_3D('',#13382,#10905,#10906);
#9025=AXIS2_PLACEMENT_3D('',#13384,#10908,#10909);
#9026=AXIS2_PLACEMENT_3D('',#13385,#10910,#10911);
#9027=AXIS2_PLACEMENT_3D('',#13388,#10914,#10915);
#9028=AXIS2_PLACEMENT_3D('',#13390,#10917,#10918);
#9029=AXIS2_PLACEMENT_3D('',#13392,#10920,#10921);
#9030=AXIS2_PLACEMENT_3D('',#13393,#10922,#10923);
#9031=AXIS2_PLACEMENT_3D('',#13396,#10926,#10927);
#9032=AXIS2_PLACEMENT_3D('',#13398,#10929,#10930);
#9033=AXIS2_PLACEMENT_3D('',#13400,#10932,#10933);
#9034=AXIS2_PLACEMENT_3D('',#13401,#10934,#10935);
#9035=AXIS2_PLACEMENT_3D('',#13402,#10936,#10937);
#9036=AXIS2_PLACEMENT_3D('',#13404,#10938,#10939);
#9037=AXIS2_PLACEMENT_3D('',#13405,#10940,#10941);
#9038=AXIS2_PLACEMENT_3D('',#13406,#10942,#10943);
#9039=AXIS2_PLACEMENT_3D('',#13408,#10944,#10945);
#9040=AXIS2_PLACEMENT_3D('',#13409,#10946,#10947);
#9041=AXIS2_PLACEMENT_3D('',#13410,#10948,#10949);
#9042=AXIS2_PLACEMENT_3D('',#13412,#10950,#10951);
#9043=AXIS2_PLACEMENT_3D('',#13413,#10952,#10953);
#9044=AXIS2_PLACEMENT_3D('',#13414,#10954,#10955);
#9045=AXIS2_PLACEMENT_3D('',#13416,#10956,#10957);
#9046=AXIS2_PLACEMENT_3D('',#13417,#10958,#10959);
#9047=AXIS2_PLACEMENT_3D('',#13418,#10960,#10961);
#9048=AXIS2_PLACEMENT_3D('',#13420,#10962,#10963);
#9049=AXIS2_PLACEMENT_3D('',#13421,#10964,#10965);
#9050=AXIS2_PLACEMENT_3D('',#13422,#10966,#10967);
#9051=AXIS2_PLACEMENT_3D('',#13424,#10968,#10969);
#9052=AXIS2_PLACEMENT_3D('',#13425,#10970,#10971);
#9053=AXIS2_PLACEMENT_3D('',#13426,#10972,#10973);
#9054=AXIS2_PLACEMENT_3D('',#13428,#10974,#10975);
#9055=AXIS2_PLACEMENT_3D('',#13429,#10976,#10977);
#9056=AXIS2_PLACEMENT_3D('',#13430,#10978,#10979);
#9057=AXIS2_PLACEMENT_3D('',#13432,#10980,#10981);
#9058=AXIS2_PLACEMENT_3D('',#13433,#10982,#10983);
#9059=AXIS2_PLACEMENT_3D('',#13434,#10984,#10985);
#9060=AXIS2_PLACEMENT_3D('',#13436,#10986,#10987);
#9061=AXIS2_PLACEMENT_3D('',#13437,#10988,#10989);
#9062=AXIS2_PLACEMENT_3D('',#13438,#10990,#10991);
#9063=AXIS2_PLACEMENT_3D('',#13440,#10992,#10993);
#9064=AXIS2_PLACEMENT_3D('',#13441,#10994,#10995);
#9065=AXIS2_PLACEMENT_3D('',#13447,#10999,#11000);
#9066=AXIS2_PLACEMENT_3D('',#13451,#11003,#11004);
#9067=AXIS2_PLACEMENT_3D('',#13455,#11007,#11008);
#9068=AXIS2_PLACEMENT_3D('',#13457,#11010,#11011);
#9069=AXIS2_PLACEMENT_3D('',#13458,#11012,#11013);
#9070=AXIS2_PLACEMENT_3D('',#13459,#11014,#11015);
#9071=AXIS2_PLACEMENT_3D('',#13460,#11016,#11017);
#9072=AXIS2_PLACEMENT_3D('',#13461,#11018,#11019);
#9073=AXIS2_PLACEMENT_3D('',#13462,#11020,#11021);
#9074=AXIS2_PLACEMENT_3D('',#13463,#11022,#11023);
#9075=AXIS2_PLACEMENT_3D('',#13464,#11024,#11025);
#9076=AXIS2_PLACEMENT_3D('',#13465,#11026,#11027);
#9077=AXIS2_PLACEMENT_3D('',#13466,#11028,#11029);
#9078=AXIS2_PLACEMENT_3D('',#13467,#11030,#11031);
#9079=AXIS2_PLACEMENT_3D('',#13468,#11032,#11033);
#9080=AXIS2_PLACEMENT_3D('',#13469,#11034,#11035);
#9081=AXIS2_PLACEMENT_3D('',#13470,#11036,#11037);
#9082=AXIS2_PLACEMENT_3D('',#13471,#11038,#11039);
#9083=AXIS2_PLACEMENT_3D('',#13472,#11040,#11041);
#9084=AXIS2_PLACEMENT_3D('',#13473,#11042,#11043);
#9085=AXIS2_PLACEMENT_3D('',#13474,#11044,#11045);
#9086=AXIS2_PLACEMENT_3D('',#13475,#11046,#11047);
#9087=AXIS2_PLACEMENT_3D('',#13476,#11048,#11049);
#9088=AXIS2_PLACEMENT_3D('',#13477,#11050,#11051);
#9089=AXIS2_PLACEMENT_3D('',#13478,#11052,#11053);
#9090=AXIS2_PLACEMENT_3D('',#13479,#11054,#11055);
#9091=AXIS2_PLACEMENT_3D('',#13480,#11056,#11057);
#9092=AXIS2_PLACEMENT_3D('',#13481,#11058,#11059);
#9093=AXIS2_PLACEMENT_3D('',#13482,#11060,#11061);
#9094=AXIS2_PLACEMENT_3D('',#13483,#11062,#11063);
#9095=AXIS2_PLACEMENT_3D('',#13484,#11064,#11065);
#9096=AXIS2_PLACEMENT_3D('',#13485,#11066,#11067);
#9097=AXIS2_PLACEMENT_3D('',#13486,#11068,#11069);
#9098=AXIS2_PLACEMENT_3D('',#13487,#11070,#11071);
#9099=AXIS2_PLACEMENT_3D('',#13488,#11072,#11073);
#9100=AXIS2_PLACEMENT_3D('',#13489,#11074,#11075);
#9101=AXIS2_PLACEMENT_3D('',#13490,#11076,#11077);
#9102=AXIS2_PLACEMENT_3D('',#13491,#11078,#11079);
#9103=AXIS2_PLACEMENT_3D('',#13492,#11080,#11081);
#9104=AXIS2_PLACEMENT_3D('',#13493,#11082,#11083);
#9105=AXIS2_PLACEMENT_3D('',#13494,#11084,#11085);
#9106=AXIS2_PLACEMENT_3D('',#13495,#11086,#11087);
#9107=AXIS2_PLACEMENT_3D('',#13496,#11088,#11089);
#9108=AXIS2_PLACEMENT_3D('',#13497,#11090,#11091);
#9109=AXIS2_PLACEMENT_3D('',#13498,#11092,#11093);
#9110=AXIS2_PLACEMENT_3D('',#13499,#11094,#11095);
#9111=AXIS2_PLACEMENT_3D('',#13500,#11096,#11097);
#9112=AXIS2_PLACEMENT_3D('',#13501,#11098,#11099);
#9113=AXIS2_PLACEMENT_3D('',#13502,#11100,#11101);
#9114=AXIS2_PLACEMENT_3D('',#13503,#11102,#11103);
#9115=AXIS2_PLACEMENT_3D('',#13504,#11104,#11105);
#9116=AXIS2_PLACEMENT_3D('',#13505,#11106,#11107);
#9117=AXIS2_PLACEMENT_3D('',#13506,#11108,#11109);
#9118=AXIS2_PLACEMENT_3D('',#13508,#11111,#11112);
#9119=AXIS2_PLACEMENT_3D('',#13510,#11114,#11115);
#9120=AXIS2_PLACEMENT_3D('',#13512,#11117,#11118);
#9121=AXIS2_PLACEMENT_3D('',#13514,#11120,#11121);
#9122=AXIS2_PLACEMENT_3D('',#13515,#11122,#11123);
#9123=AXIS2_PLACEMENT_3D('',#13516,#11124,#11125);
#9124=AXIS2_PLACEMENT_3D('',#13517,#11126,#11127);
#9125=AXIS2_PLACEMENT_3D('',#13518,#11128,#11129);
#9126=AXIS2_PLACEMENT_3D('',#13519,#11130,#11131);
#9127=AXIS2_PLACEMENT_3D('',#13520,#11132,#11133);
#9128=AXIS2_PLACEMENT_3D('',#13521,#11134,#11135);
#9129=AXIS2_PLACEMENT_3D('',#13522,#11136,#11137);
#9130=AXIS2_PLACEMENT_3D('',#13523,#11138,#11139);
#9131=AXIS2_PLACEMENT_3D('',#13524,#11140,#11141);
#9132=AXIS2_PLACEMENT_3D('',#13525,#11142,#11143);
#9133=AXIS2_PLACEMENT_3D('',#13526,#11144,#11145);
#9134=AXIS2_PLACEMENT_3D('',#13527,#11146,#11147);
#9135=AXIS2_PLACEMENT_3D('',#13528,#11148,#11149);
#9136=AXIS2_PLACEMENT_3D('',#13529,#11150,#11151);
#9137=AXIS2_PLACEMENT_3D('',#13531,#11152,#11153);
#9138=AXIS2_PLACEMENT_3D('',#13540,#11158,#11159);
#9139=AXIS2_PLACEMENT_3D('',#13621,#11168,#11169);
#9140=AXIS2_PLACEMENT_3D('',#13627,#11173,#11174);
#9141=AXIS2_PLACEMENT_3D('',#13636,#11179,#11180);
#9142=AXIS2_PLACEMENT_3D('',#13646,#11185,#11186);
#9143=AXIS2_PLACEMENT_3D('',#13647,#11187,#11188);
#9144=AXIS2_PLACEMENT_3D('',#13656,#11193,#11194);
#9145=AXIS2_PLACEMENT_3D('',#13666,#11199,#11200);
#9146=AXIS2_PLACEMENT_3D('',#13667,#11201,#11202);
#9147=AXIS2_PLACEMENT_3D('',#13675,#11204,#11205);
#9148=AXIS2_PLACEMENT_3D('',#13676,#11206,#11207);
#9149=AXIS2_PLACEMENT_3D('',#13682,#11211,#11212);
#9150=AXIS2_PLACEMENT_3D('',#13690,#11214,#11215);
#9151=AXIS2_PLACEMENT_3D('',#13745,#11219,#11220);
#9152=AXIS2_PLACEMENT_3D('',#13751,#11224,#11225);
#9153=AXIS2_PLACEMENT_3D('',#13756,#11228,#11229);
#9154=AXIS2_PLACEMENT_3D('',#13757,#11230,#11231);
#9155=AXIS2_PLACEMENT_3D('',#13758,#11232,#11233);
#9156=AXIS2_PLACEMENT_3D('',#13759,#11234,#11235);
#9157=AXIS2_PLACEMENT_3D('',#13765,#11239,#11240);
#9158=AXIS2_PLACEMENT_3D('',#13807,#11244,#11245);
#9159=AXIS2_PLACEMENT_3D('',#13808,#11246,#11247);
#9160=AXIS2_PLACEMENT_3D('',#13809,#11248,#11249);
#9161=AXIS2_PLACEMENT_3D('',#13810,#11250,#11251);
#9162=AXIS2_PLACEMENT_3D('',#13811,#11252,#11253);
#9163=AXIS2_PLACEMENT_3D('',#13820,#11254,#11255);
#9164=AXIS2_PLACEMENT_3D('',#13821,#11256,#11257);
#9165=AXIS2_PLACEMENT_3D('',#13822,#11258,#11259);
#9166=AXIS2_PLACEMENT_3D('',#13823,#11260,#11261);
#9167=AXIS2_PLACEMENT_3D('',#13824,#11262,#11263);
#9168=AXIS2_PLACEMENT_3D('',#13825,#11264,#11265);
#9169=AXIS2_PLACEMENT_3D('',#13826,#11266,#11267);
#9170=AXIS2_PLACEMENT_3D('',#13827,#11268,#11269);
#9171=AXIS2_PLACEMENT_3D('',#13828,#11270,#11271);
#9172=AXIS2_PLACEMENT_3D('',#13829,#11272,#11273);
#9173=AXIS2_PLACEMENT_3D('',#13830,#11274,#11275);
#9174=AXIS2_PLACEMENT_3D('',#13831,#11276,#11277);
#9175=AXIS2_PLACEMENT_3D('',#13832,#11278,#11279);
#9176=AXIS2_PLACEMENT_3D('',#13833,#11280,#11281);
#9177=AXIS2_PLACEMENT_3D('',#13834,#11282,#11283);
#9178=AXIS2_PLACEMENT_3D('',#13835,#11284,#11285);
#9179=AXIS2_PLACEMENT_3D('',#13836,#11286,#11287);
#9180=AXIS2_PLACEMENT_3D('',#13837,#11288,#11289);
#9181=AXIS2_PLACEMENT_3D('',#13838,#11290,#11291);
#9182=AXIS2_PLACEMENT_3D('',#13839,#11292,#11293);
#9183=AXIS2_PLACEMENT_3D('',#13840,#11294,#11295);
#9184=AXIS2_PLACEMENT_3D('',#13841,#11296,#11297);
#9185=AXIS2_PLACEMENT_3D('',#13842,#11298,#11299);
#9186=AXIS2_PLACEMENT_3D('',#13843,#11300,#11301);
#9187=AXIS2_PLACEMENT_3D('',#13844,#11302,#11303);
#9188=AXIS2_PLACEMENT_3D('',#13845,#11304,#11305);
#9189=AXIS2_PLACEMENT_3D('',#13846,#11306,#11307);
#9190=AXIS2_PLACEMENT_3D('',#13847,#11308,#11309);
#9191=AXIS2_PLACEMENT_3D('',#13848,#11310,#11311);
#9192=AXIS2_PLACEMENT_3D('',#13849,#11312,#11313);
#9193=AXIS2_PLACEMENT_3D('',#13850,#11314,#11315);
#9194=AXIS2_PLACEMENT_3D('',#13851,#11316,#11317);
#9195=AXIS2_PLACEMENT_3D('',#13852,#11318,#11319);
#9196=AXIS2_PLACEMENT_3D('',#13853,#11320,#11321);
#9197=AXIS2_PLACEMENT_3D('',#13854,#11322,#11323);
#9198=AXIS2_PLACEMENT_3D('',#13855,#11324,#11325);
#9199=AXIS2_PLACEMENT_3D('',#13856,#11326,#11327);
#9200=AXIS2_PLACEMENT_3D('',#13857,#11328,#11329);
#9201=AXIS2_PLACEMENT_3D('',#13887,#11330,#11331);
#9202=AXIS2_PLACEMENT_3D('',#13889,#11332,#11333);
#9203=AXIS2_PLACEMENT_3D('',#13915,#11334,#11335);
#9204=AXIS2_PLACEMENT_3D('',#13932,#11336,#11337);
#9205=AXIS2_PLACEMENT_3D('',#13948,#11338,#11339);
#9206=AXIS2_PLACEMENT_3D('',#13961,#11340,#11341);
#9207=AXIS2_PLACEMENT_3D('',#13974,#11342,#11343);
#9208=AXIS2_PLACEMENT_3D('',#13975,#11344,#11345);
#9209=AXIS2_PLACEMENT_3D('',#13976,#11346,#11347);
#9210=AXIS2_PLACEMENT_3D('',#13977,#11348,#11349);
#9211=AXIS2_PLACEMENT_3D('',#13978,#11350,#11351);
#9212=AXIS2_PLACEMENT_3D('',#13991,#11352,#11353);
#9213=AXIS2_PLACEMENT_3D('',#13992,#11354,#11355);
#9214=AXIS2_PLACEMENT_3D('',#13993,#11356,#11357);
#9215=AXIS2_PLACEMENT_3D('',#14009,#11358,#11359);
#9216=AXIS2_PLACEMENT_3D('',#14010,#11360,#11361);
#9217=AXIS2_PLACEMENT_3D('',#14011,#11362,#11363);
#9218=AXIS2_PLACEMENT_3D('',#14012,#11364,#11365);
#9219=AXIS2_PLACEMENT_3D('',#14013,#11366,#11367);
#9220=AXIS2_PLACEMENT_3D('',#14014,#11368,#11369);
#9221=AXIS2_PLACEMENT_3D('',#14015,#11370,#11371);
#9222=AXIS2_PLACEMENT_3D('',#14016,#11372,#11373);
#9223=AXIS2_PLACEMENT_3D('',#14017,#11374,#11375);
#9224=DIRECTION('',(0.,0.,1.));
#9225=DIRECTION('',(1.,0.,0.));
#9226=DIRECTION('',(0.,0.,1.));
#9227=DIRECTION('',(1.,0.,0.));
#9228=DIRECTION('',(1.,0.,0.));
#9229=DIRECTION('',(0.,-1.,0.));
#9230=DIRECTION('',(1.,0.,0.));
#9231=DIRECTION('',(0.,1.,0.));
#9232=DIRECTION('',(-1.,0.,0.));
#9233=DIRECTION('',(0.,-1.,0.));
#9234=DIRECTION('',(0.,0.,1.));
#9235=DIRECTION('',(1.,0.,0.));
#9236=DIRECTION('',(0.53895255434164,0.842336123034399,0.));
#9237=DIRECTION('',(0.538952554341649,-0.842336123034393,0.));
#9238=DIRECTION('',(-0.53895255434164,-0.842336123034399,0.));
#9239=DIRECTION('',(-0.538952554341651,0.842336123034392,0.));
#9240=DIRECTION('',(-0.538952554341647,-0.842336123034394,0.));
#9241=DIRECTION('',(-0.538952554341644,0.842336123034396,0.));
#9242=DIRECTION('',(0.538952554341647,0.842336123034394,0.));
#9243=DIRECTION('',(0.538952554341643,-0.842336123034397,0.));
#9244=DIRECTION('',(0.53895255434164,0.842336123034399,0.));
#9245=DIRECTION('',(0.538952554341648,-0.842336123034394,0.));
#9246=DIRECTION('',(-0.538952554341645,-0.842336123034396,0.));
#9247=DIRECTION('',(-0.538952554341649,0.842336123034393,0.));
#9248=DIRECTION('',(-0.538952554341646,-0.842336123034395,0.));
#9249=DIRECTION('',(-0.538952554341644,0.842336123034396,0.));
#9250=DIRECTION('',(0.538952554341647,0.842336123034394,0.));
#9251=DIRECTION('',(0.538952554341643,-0.842336123034397,0.));
#9252=DIRECTION('',(-0.538952554341646,-0.842336123034395,0.));
#9253=DIRECTION('',(-0.538952554341647,0.842336123034394,0.));
#9254=DIRECTION('',(0.538952554341647,0.842336123034394,0.));
#9255=DIRECTION('',(0.538952554341645,-0.842336123034395,0.));
#9256=DIRECTION('',(-0.538952554341644,0.842336123034396,0.));
#9257=DIRECTION('',(0.538952554341646,0.842336123034395,0.));
#9258=DIRECTION('',(0.,0.,1.));
#9259=DIRECTION('',(1.,0.,0.));
#9260=DIRECTION('',(0.538952554341646,-0.842336123034395,0.));
#9261=DIRECTION('',(-0.538952554341647,-0.842336123034394,0.));
#9262=DIRECTION('',(-0.538952554341647,-0.842336123034394,0.));
#9263=DIRECTION('',(-0.538952554341645,0.842336123034395,0.));
#9264=DIRECTION('',(0.538952554341643,0.842336123034397,0.));
#9265=DIRECTION('',(0.538952554341647,-0.842336123034395,0.));
#9266=DIRECTION('',(0.538952554341644,0.842336123034396,0.));
#9267=DIRECTION('',(0.538952554341649,-0.842336123034393,0.));
#9268=DIRECTION('',(-0.538952554341644,-0.842336123034396,0.));
#9269=DIRECTION('',(-0.538952554341651,0.842336123034392,0.));
#9270=DIRECTION('',(0.53895255434164,0.842336123034399,0.));
#9271=DIRECTION('',(0.538952554341646,-0.842336123034395,0.));
#9272=DIRECTION('',(-0.538952554341641,-0.842336123034398,0.));
#9273=DIRECTION('',(-0.538952554341651,0.842336123034392,0.));
#9274=DIRECTION('',(-0.538952554341646,-0.842336123034395,0.));
#9275=DIRECTION('',(-0.538952554341643,0.842336123034397,0.));
#9276=DIRECTION('',(0.538952554341647,0.842336123034394,0.));
#9277=DIRECTION('',(0.538952554341641,-0.842336123034398,0.));
#9278=DIRECTION('',(0.53895255434164,0.842336123034399,0.));
#9279=DIRECTION('',(0.53895255434165,-0.842336123034392,0.));
#9280=DIRECTION('',(-0.538952554341641,-0.842336123034398,0.));
#9281=DIRECTION('',(-0.538952554341647,0.842336123034395,0.));
#9282=DIRECTION('',(-0.538952554341647,-0.842336123034394,0.));
#9283=DIRECTION('',(-0.538952554341647,0.842336123034394,0.));
#9284=DIRECTION('',(0.538952554341647,0.842336123034394,0.));
#9285=DIRECTION('',(0.538952554341645,-0.842336123034395,0.));
#9286=DIRECTION('',(-0.538952554341646,-0.842336123034395,0.));
#9287=DIRECTION('',(-0.538952554341643,0.842336123034397,0.));
#9288=DIRECTION('',(0.538952554341647,0.842336123034394,0.));
#9289=DIRECTION('',(0.538952554341643,-0.842336123034397,0.));
#9290=DIRECTION('',(0.53895255434164,0.842336123034399,0.));
#9291=DIRECTION('',(0.538952554341652,-0.842336123034391,0.));
#9292=DIRECTION('',(-0.538952554341644,-0.842336123034396,0.));
#9293=DIRECTION('',(-0.538952554341651,0.842336123034392,0.));
#9294=DIRECTION('',(0.53895255434164,0.842336123034399,0.));
#9295=DIRECTION('',(0.538952554341652,-0.842336123034391,0.));
#9296=DIRECTION('',(-0.538952554341644,-0.842336123034396,0.));
#9297=DIRECTION('',(-0.538952554341647,0.842336123034395,0.));
#9298=DIRECTION('',(0.538952554341639,0.8423361230344,0.));
#9299=DIRECTION('',(0.538952554341646,-0.842336123034395,0.));
#9300=DIRECTION('',(-0.538952554341642,-0.842336123034397,0.));
#9301=DIRECTION('',(-0.538952554341649,0.842336123034393,0.));
#9302=DIRECTION('',(-0.538952554341647,-0.842336123034394,0.));
#9303=DIRECTION('',(-0.538952554341644,0.842336123034396,0.));
#9304=DIRECTION('',(0.538952554341649,0.842336123034393,0.));
#9305=DIRECTION('',(0.538952554341645,-0.842336123034395,0.));
#9306=DIRECTION('',(0.53895255434164,0.842336123034399,0.));
#9307=DIRECTION('',(0.538952554341646,-0.842336123034395,0.));
#9308=DIRECTION('',(-0.538952554341642,-0.842336123034397,0.));
#9309=DIRECTION('',(-0.538952554341651,0.842336123034392,0.));
#9310=DIRECTION('',(-0.538952554341646,-0.842336123034395,0.));
#9311=DIRECTION('',(-0.538952554341644,0.842336123034396,0.));
#9312=DIRECTION('',(0.538952554341647,0.842336123034394,0.));
#9313=DIRECTION('',(0.538952554341645,-0.842336123034395,0.));
#9314=DIRECTION('',(0.538952554341643,0.842336123034397,0.));
#9315=DIRECTION('',(0.53895255434165,-0.842336123034392,0.));
#9316=DIRECTION('',(-0.53895255434164,-0.842336123034399,0.));
#9317=DIRECTION('',(-0.538952554341649,0.842336123034393,0.));
#9318=DIRECTION('',(0.53895255434164,0.842336123034399,0.));
#9319=DIRECTION('',(0.538952554341652,-0.842336123034391,0.));
#9320=DIRECTION('',(-0.538952554341641,-0.842336123034398,0.));
#9321=DIRECTION('',(-0.538952554341645,0.842336123034395,0.));
#9322=DIRECTION('',(-0.538952554341646,-0.842336123034395,0.));
#9323=DIRECTION('',(-0.538952554341643,0.842336123034397,0.));
#9324=DIRECTION('',(0.538952554341649,0.842336123034393,0.));
#9325=DIRECTION('',(0.538952554341643,-0.842336123034397,0.));
#9326=DIRECTION('',(-0.538952554341646,-0.842336123034395,0.));
#9327=DIRECTION('',(-0.538952554341644,0.842336123034396,0.));
#9328=DIRECTION('',(0.538952554341649,0.842336123034393,0.));
#9329=DIRECTION('',(0.538952554341645,-0.842336123034395,0.));
#9330=DIRECTION('',(0.538952554341643,0.842336123034397,0.));
#9331=DIRECTION('',(0.538952554341652,-0.842336123034391,0.));
#9332=DIRECTION('',(-0.538952554341642,-0.842336123034397,0.));
#9333=DIRECTION('',(-0.538952554341651,0.842336123034392,0.));
#9334=DIRECTION('',(0.538952554341644,0.842336123034396,0.));
#9335=DIRECTION('',(0.53895255434165,-0.842336123034392,0.));
#9336=DIRECTION('',(-0.53895255434164,-0.842336123034399,0.));
#9337=DIRECTION('',(-0.538952554341651,0.842336123034392,0.));
#9338=DIRECTION('',(-0.538952554341647,-0.842336123034394,0.));
#9339=DIRECTION('',(-0.538952554341644,0.842336123034396,0.));
#9340=DIRECTION('',(0.538952554341643,0.842336123034397,0.));
#9341=DIRECTION('',(0.538952554341643,-0.842336123034397,0.));
#9342=DIRECTION('',(0.538952554341643,0.842336123034397,0.));
#9343=DIRECTION('',(0.538952554341646,-0.842336123034395,0.));
#9344=DIRECTION('',(-0.538952554341642,-0.842336123034397,0.));
#9345=DIRECTION('',(-0.538952554341649,0.842336123034393,0.));
#9346=DIRECTION('',(-0.538952554341646,-0.842336123034395,0.));
#9347=DIRECTION('',(-0.538952554341643,0.842336123034397,0.));
#9348=DIRECTION('',(0.538952554341647,0.842336123034394,0.));
#9349=DIRECTION('',(0.538952554341643,-0.842336123034397,0.));
#9350=DIRECTION('',(-0.538952554341649,-0.842336123034393,0.));
#9351=DIRECTION('',(-0.538952554341647,0.842336123034394,0.));
#9352=DIRECTION('',(0.538952554341647,0.842336123034394,0.));
#9353=DIRECTION('',(0.538952554341643,-0.842336123034397,0.));
#9354=DIRECTION('',(0.53895255434164,0.842336123034399,0.));
#9355=DIRECTION('',(0.538952554341648,-0.842336123034394,0.));
#9356=DIRECTION('',(-0.53895255434164,-0.842336123034399,0.));
#9357=DIRECTION('',(-0.538952554341645,0.842336123034395,0.));
#9358=DIRECTION('',(0.,0.,1.));
#9359=DIRECTION('',(1.,0.,0.));
#9360=DIRECTION('',(0.53895255434165,-0.842336123034392,0.));
#9361=DIRECTION('',(-0.53895255434164,-0.842336123034399,0.));
#9362=DIRECTION('',(-0.538952554341651,0.842336123034392,0.));
#9363=DIRECTION('',(0.538952554341643,0.842336123034397,0.));
#9364=DIRECTION('',(-0.538952554341647,-0.842336123034394,0.));
#9365=DIRECTION('',(-0.538952554341644,0.842336123034396,0.));
#9366=DIRECTION('',(0.538952554341649,0.842336123034393,0.));
#9367=DIRECTION('',(0.538952554341643,-0.842336123034397,0.));
#9368=DIRECTION('',(0.,0.,1.));
#9369=DIRECTION('',(1.,0.,0.));
#9370=DIRECTION('',(0.538952554341651,-0.842336123034392,0.));
#9371=DIRECTION('',(-0.538952554341642,-0.842336123034397,0.));
#9372=DIRECTION('',(-0.538952554341649,0.842336123034393,0.));
#9373=DIRECTION('',(-0.538952554341647,-0.842336123034394,0.));
#9374=DIRECTION('',(-0.538952554341643,0.842336123034397,0.));
#9375=DIRECTION('',(0.538952554341647,0.842336123034394,0.));
#9376=DIRECTION('',(0.538952554341645,-0.842336123034395,0.));
#9377=DIRECTION('',(0.53895255434164,0.842336123034399,0.));
#9378=DIRECTION('',(0.538952554341652,-0.842336123034391,0.));
#9379=DIRECTION('',(-0.538952554341641,-0.842336123034398,0.));
#9380=DIRECTION('',(-0.538952554341649,0.842336123034393,0.));
#9381=DIRECTION('',(0.538952554341641,0.842336123034398,0.));
#9382=DIRECTION('',(0.538952554341648,-0.842336123034394,0.));
#9383=DIRECTION('',(-0.538952554341645,-0.842336123034396,0.));
#9384=DIRECTION('',(-0.538952554341649,0.842336123034393,0.));
#9385=DIRECTION('',(-0.538952554341647,-0.842336123034394,0.));
#9386=DIRECTION('',(-0.538952554341643,0.842336123034397,0.));
#9387=DIRECTION('',(0.538952554341645,0.842336123034396,0.));
#9388=DIRECTION('',(0.538952554341641,-0.842336123034398,0.));
#9389=DIRECTION('',(-0.538952554341641,0.842336123034398,0.));
#9390=DIRECTION('',(0.538952554341649,0.842336123034393,0.));
#9391=DIRECTION('',(0.538952554341641,-0.842336123034398,0.));
#9392=DIRECTION('',(-0.538952554341646,-0.842336123034395,0.));
#9393=DIRECTION('',(0.,0.,1.));
#9394=DIRECTION('',(1.,0.,0.));
#9395=DIRECTION('',(-0.538952554341645,0.842336123034396,0.));
#9396=DIRECTION('',(0.538952554341647,0.842336123034394,0.));
#9397=DIRECTION('',(0.538952554341645,-0.842336123034395,0.));
#9398=DIRECTION('',(-0.538952554341646,-0.842336123034395,0.));
#9399=DIRECTION('',(0.,0.,1.));
#9400=DIRECTION('',(1.,0.,0.));
#9401=DIRECTION('',(0.538952554341643,0.842336123034397,0.));
#9402=DIRECTION('',(0.538952554341649,-0.842336123034393,0.));
#9403=DIRECTION('',(-0.53895255434164,-0.842336123034399,0.));
#9404=DIRECTION('',(-0.538952554341652,0.842336123034391,0.));
#9405=DIRECTION('',(0.538952554341644,0.842336123034396,0.));
#9406=DIRECTION('',(0.538952554341649,-0.842336123034393,0.));
#9407=DIRECTION('',(-0.538952554341642,-0.842336123034397,0.));
#9408=DIRECTION('',(-0.538952554341648,0.842336123034394,0.));
#9409=DIRECTION('',(-0.538952554341647,-0.842336123034394,0.));
#9410=DIRECTION('',(-0.538952554341644,0.842336123034396,0.));
#9411=DIRECTION('',(0.538952554341647,0.842336123034394,0.));
#9412=DIRECTION('',(0.538952554341643,-0.842336123034397,0.));
#9413=DIRECTION('',(-0.538952554341647,-0.842336123034394,0.));
#9414=DIRECTION('',(-0.538952554341643,0.842336123034397,0.));
#9415=DIRECTION('',(0.538952554341647,0.842336123034394,0.));
#9416=DIRECTION('',(0.538952554341643,-0.842336123034397,0.));
#9417=DIRECTION('',(0.538952554341644,0.842336123034396,0.));
#9418=DIRECTION('',(0.538952554341649,-0.842336123034393,0.));
#9419=DIRECTION('',(-0.53895255434164,-0.842336123034399,0.));
#9420=DIRECTION('',(-0.538952554341651,0.842336123034392,0.));
#9421=DIRECTION('',(0.538952554341643,0.842336123034397,0.));
#9422=DIRECTION('',(0.538952554341649,-0.842336123034393,0.));
#9423=DIRECTION('',(-0.538952554341644,-0.842336123034396,0.));
#9424=DIRECTION('',(-0.538952554341652,0.842336123034391,0.));
#9425=DIRECTION('',(-0.538952554341646,-0.842336123034395,0.));
#9426=DIRECTION('',(-0.538952554341644,0.842336123034396,0.));
#9427=DIRECTION('',(0.538952554341647,0.842336123034394,0.));
#9428=DIRECTION('',(0.538952554341645,-0.842336123034395,0.));
#9429=DIRECTION('',(0.538952554341644,0.842336123034396,0.));
#9430=DIRECTION('',(0.538952554341652,-0.842336123034391,0.));
#9431=DIRECTION('',(0.,0.,1.));
#9432=DIRECTION('',(1.,0.,0.));
#9433=DIRECTION('',(-0.538952554341645,0.842336123034396,0.));
#9434=DIRECTION('',(0.538952554341645,0.842336123034396,0.));
#9435=DIRECTION('',(0.538952554341643,-0.842336123034397,0.));
#9436=DIRECTION('',(0.,0.,1.));
#9437=DIRECTION('',(1.,0.,0.));
#9438=DIRECTION('',(-0.538952554341647,0.842336123034394,0.));
#9439=DIRECTION('',(-0.538952554341649,-0.842336123034393,0.));
#9440=DIRECTION('',(-0.538952554341643,0.842336123034397,0.));
#9441=DIRECTION('',(0.538952554341647,0.842336123034394,0.));
#9442=DIRECTION('',(0.538952554341641,-0.842336123034398,0.));
#9443=DIRECTION('',(-0.538952554341646,-0.842336123034395,0.));
#9444=DIRECTION('',(-0.538952554341643,0.842336123034397,0.));
#9445=DIRECTION('',(0.538952554341646,0.842336123034395,0.));
#9446=DIRECTION('',(0.538952554341643,-0.842336123034397,0.));
#9447=DIRECTION('',(0.538952554341643,0.842336123034397,0.));
#9448=DIRECTION('',(0.538952554341652,-0.842336123034391,0.));
#9449=DIRECTION('',(-0.538952554341644,-0.842336123034396,0.));
#9450=DIRECTION('',(-0.538952554341651,0.842336123034392,0.));
#9451=DIRECTION('',(0.53895255434164,0.842336123034399,0.));
#9452=DIRECTION('',(0.538952554341652,-0.842336123034391,0.));
#9453=DIRECTION('',(-0.53895255434164,-0.842336123034399,0.));
#9454=DIRECTION('',(-0.538952554341647,0.842336123034395,0.));
#9455=DIRECTION('',(-0.538952554341647,-0.842336123034394,0.));
#9456=DIRECTION('',(-0.538952554341647,0.842336123034394,0.));
#9457=DIRECTION('',(0.538952554341647,0.842336123034394,0.));
#9458=DIRECTION('',(0.538952554341645,-0.842336123034395,0.));
#9459=DIRECTION('',(0.53895255434164,0.842336123034399,0.));
#9460=DIRECTION('',(0.538952554341652,-0.842336123034391,0.));
#9461=DIRECTION('',(-0.538952554341642,-0.842336123034397,0.));
#9462=DIRECTION('',(-0.538952554341647,0.842336123034395,0.));
#9463=DIRECTION('',(-0.538952554341647,-0.842336123034394,0.));
#9464=DIRECTION('',(-0.538952554341643,0.842336123034397,0.));
#9465=DIRECTION('',(0.538952554341647,0.842336123034394,0.));
#9466=DIRECTION('',(0.538952554341647,-0.842336123034395,0.));
#9467=DIRECTION('',(0.538952554341643,0.842336123034397,0.));
#9468=DIRECTION('',(0.538952554341646,-0.842336123034395,0.));
#9469=DIRECTION('',(-0.538952554341642,-0.842336123034397,0.));
#9470=DIRECTION('',(-0.538952554341645,0.842336123034395,0.));
#9471=DIRECTION('',(0.538952554341645,0.842336123034396,0.));
#9472=DIRECTION('',(0.538952554341636,-0.842336123034401,0.));
#9473=DIRECTION('',(0.,0.,1.));
#9474=DIRECTION('',(1.,0.,0.));
#9475=DIRECTION('',(-0.538952554341611,0.842336123034417,0.));
#9476=DIRECTION('',(0.538952554341644,0.842336123034396,0.));
#9477=DIRECTION('',(0.538952554341652,-0.842336123034391,0.));
#9478=DIRECTION('',(-0.53895255434164,-0.842336123034399,0.));
#9479=DIRECTION('',(-0.538952554341645,0.842336123034395,0.));
#9480=DIRECTION('',(-0.538952554341646,0.842336123034395,0.));
#9481=DIRECTION('',(0.538952554341643,0.842336123034397,0.));
#9482=DIRECTION('',(0.538952554341645,-0.842336123034395,0.));
#9483=DIRECTION('',(-0.538952554341642,-0.842336123034398,0.));
#9484=DIRECTION('',(0.,0.,1.));
#9485=DIRECTION('',(1.,0.,0.));
#9486=DIRECTION('',(0.,0.,1.));
#9487=DIRECTION('',(1.,0.,0.));
#9488=DIRECTION('',(0.538952554341676,0.842336123034376,0.));
#9489=DIRECTION('',(0.538952554341647,-0.842336123034395,0.));
#9490=DIRECTION('',(-0.538952554341643,-0.842336123034397,0.));
#9491=DIRECTION('',(0.,0.,1.));
#9492=DIRECTION('',(1.,0.,0.));
#9493=DIRECTION('',(0.538952554341652,-0.842336123034391,0.));
#9494=DIRECTION('',(-0.538952554341641,-0.842336123034398,0.));
#9495=DIRECTION('',(-0.538952554341647,0.842336123034395,0.));
#9496=DIRECTION('',(0.538952554341644,0.842336123034396,0.));
#9497=DIRECTION('',(-0.538952554341647,0.842336123034394,0.));
#9498=DIRECTION('',(0.538952554341642,0.842336123034397,0.));
#9499=DIRECTION('',(0.,0.,1.));
#9500=DIRECTION('',(1.,0.,0.));
#9501=DIRECTION('',(0.538952554341644,-0.842336123034396,0.));
#9502=DIRECTION('',(-0.538952554341647,-0.842336123034394,0.));
#9503=DIRECTION('',(0.,0.,1.));
#9504=DIRECTION('',(1.,0.,0.));
#9505=DIRECTION('',(0.538952554341648,-0.842336123034393,0.));
#9506=DIRECTION('',(-0.538952554341642,-0.842336123034397,0.));
#9507=DIRECTION('',(-0.538952554341652,0.842336123034391,0.));
#9508=DIRECTION('',(0.,0.,1.));
#9509=DIRECTION('',(1.,0.,0.));
#9510=DIRECTION('',(0.538952554341646,0.842336123034395,0.));
#9511=DIRECTION('',(0.538952554341649,-0.842336123034393,0.));
#9512=DIRECTION('',(-0.538952554341644,-0.842336123034396,0.));
#9513=DIRECTION('',(0.,0.,1.));
#9514=DIRECTION('',(1.,0.,0.));
#9515=DIRECTION('',(0.538952554341649,0.842336123034393,0.));
#9516=DIRECTION('',(0.538952554341641,-0.842336123034398,0.));
#9517=DIRECTION('',(-0.53895255434165,-0.842336123034392,0.));
#9518=DIRECTION('',(0.,0.,1.));
#9519=DIRECTION('',(1.,0.,0.));
#9520=DIRECTION('',(-0.538952554341644,-0.842336123034396,0.));
#9521=DIRECTION('',(-0.538952554341649,0.842336123034393,0.));
#9522=DIRECTION('',(0.53895255434164,0.842336123034399,0.));
#9523=DIRECTION('',(0.,0.,1.));
#9524=DIRECTION('',(1.,0.,0.));
#9525=DIRECTION('',(-0.538952554341653,0.842336123034391,0.));
#9526=DIRECTION('',(0.53895255434164,0.842336123034399,0.));
#9527=DIRECTION('',(0.538952554341643,-0.842336123034397,0.));
#9528=DIRECTION('',(0.,0.,1.));
#9529=DIRECTION('',(1.,0.,0.));
#9530=DIRECTION('',(0.538952554341643,-0.842336123034397,0.));
#9531=DIRECTION('',(-0.538952554341648,-0.842336123034394,0.));
#9532=DIRECTION('',(-0.538952554341638,0.8423361230344,0.));
#9533=DIRECTION('',(0.,0.,1.));
#9534=DIRECTION('',(1.,0.,0.));
#9535=DIRECTION('',(0.53895255434165,0.842336123034392,0.));
#9536=DIRECTION('',(0.538952554341645,-0.842336123034395,0.));
#9537=DIRECTION('',(-0.538952554341645,-0.842336123034396,0.));
#9538=DIRECTION('',(-0.538952554341642,0.842336123034397,0.));
#9539=DIRECTION('',(0.,0.,1.));
#9540=DIRECTION('',(1.,0.,0.));
#9541=DIRECTION('',(-0.538952554341643,-0.842336123034397,0.));
#9542=DIRECTION('',(-0.538952554341651,0.842336123034392,0.));
#9543=DIRECTION('',(0.538952554341645,0.842336123034396,0.));
#9544=DIRECTION('',(0.,-1.,0.));
#9545=DIRECTION('',(1.,0.,0.));
#9546=DIRECTION('',(0.,-1.,0.));
#9547=DIRECTION('',(1.,0.,0.));
#9548=DIRECTION('',(0.,1.,0.));
#9549=DIRECTION('',(1.,0.,0.));
#9550=DIRECTION('',(0.,-1.,0.));
#9551=DIRECTION('',(1.,0.,0.));
#9552=DIRECTION('',(1.,0.,0.));
#9553=DIRECTION('',(0.,-1.,0.));
#9554=DIRECTION('',(1.,0.,0.));
#9555=DIRECTION('',(0.,1.,0.));
#9556=DIRECTION('',(0.,-1.,0.));
#9557=DIRECTION('',(1.,0.,0.));
#9558=DIRECTION('',(0.,-1.,0.));
#9559=DIRECTION('',(1.,0.,0.));
#9560=DIRECTION('',(1.,0.,0.));
#9561=DIRECTION('',(0.,-1.,0.));
#9562=DIRECTION('',(1.,0.,0.));
#9563=DIRECTION('',(0.,-1.,0.));
#9564=DIRECTION('',(-1.,0.,0.));
#9565=DIRECTION('',(0.,0.,1.));
#9566=DIRECTION('',(1.,0.,0.));
#9567=DIRECTION('',(0.,-1.,0.));
#9568=DIRECTION('',(0.,0.,1.));
#9569=DIRECTION('',(1.,0.,0.));
#9570=DIRECTION('',(-1.,0.,0.));
#9571=DIRECTION('',(0.,0.,1.));
#9572=DIRECTION('',(1.,0.,0.));
#9573=DIRECTION('',(0.,-1.,0.));
#9574=DIRECTION('',(0.,0.,1.));
#9575=DIRECTION('',(1.,0.,0.));
#9576=DIRECTION('',(0.,1.,0.));
#9577=DIRECTION('',(0.,0.,1.));
#9578=DIRECTION('',(1.,0.,2.04085114820801E-16));
#9579=DIRECTION('',(0.,0.,-1.));
#9580=DIRECTION('',(1.,0.,2.04085114820801E-16));
#9581=DIRECTION('',(0.,0.,-1.));
#9582=DIRECTION('',(1.,0.,0.));
#9583=DIRECTION('',(0.,0.,-1.));
#9584=DIRECTION('',(1.,0.,0.));
#9585=DIRECTION('',(0.,0.,-1.));
#9586=DIRECTION('',(0.,1.,0.));
#9587=DIRECTION('',(0.,0.,1.));
#9588=DIRECTION('',(1.,0.,0.));
#9589=DIRECTION('',(0.,0.,-1.));
#9590=DIRECTION('',(1.,0.,0.));
#9591=DIRECTION('',(0.,0.,-1.));
#9592=DIRECTION('',(0.,0.,-1.));
#9593=DIRECTION('',(1.,0.,2.04085114820801E-16));
#9594=DIRECTION('',(0.,0.,-1.));
#9595=DIRECTION('',(1.,0.,2.04085114820801E-16));
#9596=DIRECTION('',(0.,0.,1.));
#9597=DIRECTION('',(1.,0.,0.));
#9598=DIRECTION('',(0.,-1.,0.));
#9599=DIRECTION('',(1.,0.,0.));
#9600=DIRECTION('',(0.,-1.,0.));
#9601=DIRECTION('',(1.,0.,0.));
#9602=DIRECTION('',(0.,1.,0.));
#9603=DIRECTION('',(1.,0.,0.));
#9604=DIRECTION('',(0.,-1.,0.));
#9605=DIRECTION('',(1.,0.,0.));
#9606=DIRECTION('',(0.,1.,0.));
#9607=DIRECTION('',(1.,0.,0.));
#9608=DIRECTION('',(0.,-1.,0.));
#9609=DIRECTION('',(1.,0.,0.));
#9610=DIRECTION('',(0.538952554341644,-0.842336123034396,0.));
#9611=DIRECTION('',(0.538952554341647,0.842336123034394,0.));
#9612=DIRECTION('',(-0.538952554341643,0.842336123034397,0.));
#9613=DIRECTION('',(-0.538952554341647,-0.842336123034394,0.));
#9614=DIRECTION('',(0.538952554341644,-0.842336123034396,0.));
#9615=DIRECTION('',(0.538952554341646,0.842336123034395,0.));
#9616=DIRECTION('',(-0.538952554341643,0.842336123034397,0.));
#9617=DIRECTION('',(-0.538952554341647,-0.842336123034394,0.));
#9618=DIRECTION('',(-0.538952554341646,-0.842336123034395,0.));
#9619=DIRECTION('',(0.538952554341644,-0.842336123034396,0.));
#9620=DIRECTION('',(0.538952554341647,0.842336123034394,0.));
#9621=DIRECTION('',(-0.538952554341646,0.842336123034395,0.));
#9622=DIRECTION('',(0.,0.,1.));
#9623=DIRECTION('',(1.,0.,0.));
#9624=DIRECTION('',(-0.538952554341649,0.842336123034393,0.));
#9625=DIRECTION('',(-0.538952554341644,-0.842336123034396,0.));
#9626=DIRECTION('',(0.538952554341651,-0.842336123034392,0.));
#9627=DIRECTION('',(0.538952554341644,0.842336123034396,0.));
#9628=DIRECTION('',(0.538952554341643,-0.842336123034397,0.));
#9629=DIRECTION('',(0.538952554341646,0.842336123034395,0.));
#9630=DIRECTION('',(-0.538952554341641,0.842336123034398,0.));
#9631=DIRECTION('',(-0.538952554341647,-0.842336123034394,0.));
#9632=DIRECTION('',(0.538952554341647,-0.842336123034395,0.));
#9633=DIRECTION('',(0.538952554341647,0.842336123034394,0.));
#9634=DIRECTION('',(-0.538952554341645,0.842336123034395,0.));
#9635=DIRECTION('',(-0.538952554341647,-0.842336123034394,0.));
#9636=DIRECTION('',(-0.538952554341652,0.842336123034391,0.));
#9637=DIRECTION('',(-0.53895255434164,-0.842336123034399,0.));
#9638=DIRECTION('',(0.538952554341651,-0.842336123034392,0.));
#9639=DIRECTION('',(0.538952554341644,0.842336123034396,0.));
#9640=DIRECTION('',(-0.538952554341646,0.842336123034395,0.));
#9641=DIRECTION('',(-0.538952554341639,-0.8423361230344,0.));
#9642=DIRECTION('',(0.538952554341649,-0.842336123034393,0.));
#9643=DIRECTION('',(0.538952554341642,0.842336123034397,0.));
#9644=DIRECTION('',(-0.538952554341646,0.842336123034395,0.));
#9645=DIRECTION('',(-0.53895255434164,-0.842336123034399,0.));
#9646=DIRECTION('',(0.538952554341651,-0.842336123034392,0.));
#9647=DIRECTION('',(0.538952554341642,0.842336123034397,0.));
#9648=DIRECTION('',(-0.53895255434165,0.842336123034392,0.));
#9649=DIRECTION('',(-0.538952554341643,-0.842336123034397,0.));
#9650=DIRECTION('',(0.538952554341649,-0.842336123034393,0.));
#9651=DIRECTION('',(0.53895255434164,0.842336123034399,0.));
#9652=DIRECTION('',(0.538952554341643,-0.842336123034397,0.));
#9653=DIRECTION('',(0.538952554341646,0.842336123034395,0.));
#9654=DIRECTION('',(-0.538952554341643,0.842336123034397,0.));
#9655=DIRECTION('',(-0.538952554341649,-0.842336123034393,0.));
#9656=DIRECTION('',(-0.538952554341652,0.842336123034391,0.));
#9657=DIRECTION('',(-0.538952554341643,-0.842336123034397,0.));
#9658=DIRECTION('',(0.538952554341651,-0.842336123034392,0.));
#9659=DIRECTION('',(0.538952554341642,0.842336123034397,0.));
#9660=DIRECTION('',(0.538952554341644,-0.842336123034396,0.));
#9661=DIRECTION('',(0.538952554341647,0.842336123034394,0.));
#9662=DIRECTION('',(-0.538952554341643,0.842336123034397,0.));
#9663=DIRECTION('',(-0.538952554341643,-0.842336123034397,0.));
#9664=DIRECTION('',(0.538952554341643,-0.842336123034397,0.));
#9665=DIRECTION('',(0.538952554341646,0.842336123034395,0.));
#9666=DIRECTION('',(-0.538952554341643,0.842336123034397,0.));
#9667=DIRECTION('',(-0.538952554341647,-0.842336123034394,0.));
#9668=DIRECTION('',(-0.538952554341648,0.842336123034394,0.));
#9669=DIRECTION('',(-0.53895255434164,-0.842336123034399,0.));
#9670=DIRECTION('',(0.538952554341645,-0.842336123034395,0.));
#9671=DIRECTION('',(0.53895255434164,0.842336123034399,0.));
#9672=DIRECTION('',(0.538952554341644,-0.842336123034396,0.));
#9673=DIRECTION('',(0.538952554341647,0.842336123034394,0.));
#9674=DIRECTION('',(-0.538952554341643,0.842336123034397,0.));
#9675=DIRECTION('',(-0.538952554341649,-0.842336123034393,0.));
#9676=DIRECTION('',(0.538952554341643,-0.842336123034397,0.));
#9677=DIRECTION('',(0.538952554341647,0.842336123034394,0.));
#9678=DIRECTION('',(-0.538952554341645,0.842336123034395,0.));
#9679=DIRECTION('',(-0.538952554341647,-0.842336123034394,0.));
#9680=DIRECTION('',(-0.538952554341648,0.842336123034394,0.));
#9681=DIRECTION('',(-0.538952554341641,-0.842336123034398,0.));
#9682=DIRECTION('',(0.538952554341649,-0.842336123034393,0.));
#9683=DIRECTION('',(0.538952554341645,0.842336123034396,0.));
#9684=DIRECTION('',(-0.538952554341649,-0.842336123034393,0.));
#9685=DIRECTION('',(0.538952554341641,-0.842336123034398,0.));
#9686=DIRECTION('',(0.,0.,1.));
#9687=DIRECTION('',(1.,0.,0.));
#9688=DIRECTION('',(0.538952554341646,0.842336123034395,0.));
#9689=DIRECTION('',(-0.538952554341641,0.842336123034398,0.));
#9690=DIRECTION('',(-0.538952554341649,0.842336123034393,0.));
#9691=DIRECTION('',(-0.538952554341643,-0.842336123034397,0.));
#9692=DIRECTION('',(0.538952554341652,-0.842336123034391,0.));
#9693=DIRECTION('',(0.53895255434164,0.842336123034399,0.));
#9694=DIRECTION('',(-0.53895255434165,-0.842336123034392,0.));
#9695=DIRECTION('',(0.,0.,1.));
#9696=DIRECTION('',(1.,0.,0.));
#9697=DIRECTION('',(0.538952554341642,-0.842336123034397,0.));
#9698=DIRECTION('',(0.538952554341645,0.842336123034396,0.));
#9699=DIRECTION('',(-0.538952554341645,0.842336123034395,0.));
#9700=DIRECTION('',(0.538952554341644,-0.842336123034396,0.));
#9701=DIRECTION('',(0.538952554341647,0.842336123034394,0.));
#9702=DIRECTION('',(-0.538952554341643,0.842336123034397,0.));
#9703=DIRECTION('',(-0.538952554341647,-0.842336123034394,0.));
#9704=DIRECTION('',(-0.538952554341649,0.842336123034393,0.));
#9705=DIRECTION('',(-0.538952554341644,-0.842336123034396,0.));
#9706=DIRECTION('',(0.538952554341651,-0.842336123034392,0.));
#9707=DIRECTION('',(0.53895255434164,0.842336123034399,0.));
#9708=DIRECTION('',(0.538952554341644,-0.842336123034396,0.));
#9709=DIRECTION('',(0.538952554341646,0.842336123034395,0.));
#9710=DIRECTION('',(-0.538952554341645,0.842336123034395,0.));
#9711=DIRECTION('',(-0.538952554341647,-0.842336123034394,0.));
#9712=DIRECTION('',(-0.538952554341643,0.842336123034397,0.));
#9713=DIRECTION('',(-0.538952554341645,-0.842336123034396,0.));
#9714=DIRECTION('',(0.538952554341647,-0.842336123034394,0.));
#9715=DIRECTION('',(0.,0.,1.));
#9716=DIRECTION('',(1.,0.,0.));
#9717=DIRECTION('',(0.538952554341643,-0.842336123034397,0.));
#9718=DIRECTION('',(0.538952554341646,0.842336123034395,0.));
#9719=DIRECTION('',(-0.538952554341643,0.842336123034397,0.));
#9720=DIRECTION('',(-0.538952554341646,-0.842336123034395,0.));
#9721=DIRECTION('',(-0.538952554341652,0.842336123034391,0.));
#9722=DIRECTION('',(-0.53895255434164,-0.842336123034399,0.));
#9723=DIRECTION('',(0.538952554341647,-0.842336123034395,0.));
#9724=DIRECTION('',(0.53895255434164,0.842336123034399,0.));
#9725=DIRECTION('',(-0.538952554341652,0.842336123034391,0.));
#9726=DIRECTION('',(-0.53895255434164,-0.842336123034399,0.));
#9727=DIRECTION('',(0.538952554341647,-0.842336123034395,0.));
#9728=DIRECTION('',(0.538952554341642,0.842336123034397,0.));
#9729=DIRECTION('',(-0.538952554341646,0.842336123034395,0.));
#9730=DIRECTION('',(-0.538952554341643,-0.842336123034397,0.));
#9731=DIRECTION('',(0.538952554341645,-0.842336123034395,0.));
#9732=DIRECTION('',(0.538952554341642,0.842336123034397,0.));
#9733=DIRECTION('',(-0.538952554341652,0.842336123034391,0.));
#9734=DIRECTION('',(-0.538952554341644,-0.842336123034396,0.));
#9735=DIRECTION('',(0.538952554341645,-0.842336123034395,0.));
#9736=DIRECTION('',(0.53895255434164,0.842336123034399,0.));
#9737=DIRECTION('',(-0.538952554341676,-0.842336123034376,0.));
#9738=DIRECTION('',(0.,0.,1.));
#9739=DIRECTION('',(1.,0.,0.));
#9740=DIRECTION('',(0.538952554341643,0.842336123034397,0.));
#9741=DIRECTION('',(-0.538952554341647,0.842336123034395,0.));
#9742=DIRECTION('',(-0.538952554341642,-0.842336123034397,0.));
#9743=DIRECTION('',(0.538952554341647,-0.842336123034395,0.));
#9744=DIRECTION('',(0.538952554341647,0.842336123034394,0.));
#9745=DIRECTION('',(-0.538952554341644,0.842336123034396,0.));
#9746=DIRECTION('',(0.,0.,1.));
#9747=DIRECTION('',(1.,0.,0.));
#9748=DIRECTION('',(-0.538952554341646,-0.842336123034395,0.));
#9749=DIRECTION('',(0.,0.,1.));
#9750=DIRECTION('',(1.,0.,0.));
#9751=DIRECTION('',(0.538952554341644,0.842336123034397,0.));
#9752=DIRECTION('',(-0.538952554341649,0.842336123034393,0.));
#9753=DIRECTION('',(0.,-1.,0.));
#9754=DIRECTION('',(1.,0.,0.));
#9755=DIRECTION('',(0.,-1.,0.));
#9756=DIRECTION('',(0.,-1.,0.));
#9757=DIRECTION('',(1.,0.,0.));
#9758=DIRECTION('',(0.,-1.,0.));
#9759=DIRECTION('',(1.,0.,0.));
#9760=DIRECTION('',(0.,0.,1.));
#9761=DIRECTION('',(1.,0.,0.));
#9762=DIRECTION('',(0.,0.,1.));
#9763=DIRECTION('',(1.,0.,0.));
#9764=DIRECTION('',(-0.538952554341648,-0.842336123034393,0.));
#9765=DIRECTION('',(0.,0.,1.));
#9766=DIRECTION('',(1.,0.,0.));
#9767=DIRECTION('',(0.53895255434165,0.842336123034392,0.));
#9768=DIRECTION('',(-0.538952554341641,0.842336123034398,0.));
#9769=DIRECTION('',(-0.538952554341648,0.842336123034394,0.));
#9770=DIRECTION('',(0.,0.,1.));
#9771=DIRECTION('',(1.,0.,0.));
#9772=DIRECTION('',(0.538952554341652,-0.842336123034391,0.));
#9773=DIRECTION('',(0.538952554341642,0.842336123034397,0.));
#9774=DIRECTION('',(-0.538952554341652,0.842336123034391,0.));
#9775=DIRECTION('',(0.,0.,1.));
#9776=DIRECTION('',(1.,0.,0.));
#9777=DIRECTION('',(-0.538952554341644,-0.842336123034396,0.));
#9778=DIRECTION('',(0.538952554341647,-0.842336123034395,0.));
#9779=DIRECTION('',(0.538952554341641,0.842336123034398,0.));
#9780=DIRECTION('',(-0.538952554341643,-0.842336123034397,0.));
#9781=DIRECTION('',(0.538952554341646,-0.842336123034395,0.));
#9782=DIRECTION('',(0.,0.,1.));
#9783=DIRECTION('',(1.,0.,0.));
#9784=DIRECTION('',(0.538952554341642,0.842336123034398,0.));
#9785=DIRECTION('',(-0.538952554341645,0.842336123034395,0.));
#9786=DIRECTION('',(-0.538952554341636,0.842336123034401,0.));
#9787=DIRECTION('',(-0.538952554341645,-0.842336123034396,0.));
#9788=DIRECTION('',(0.538952554341611,-0.842336123034417,0.));
#9789=DIRECTION('',(0.,0.,1.));
#9790=DIRECTION('',(1.,0.,0.));
#9791=DIRECTION('',(0.538952554341643,-0.842336123034397,0.));
#9792=DIRECTION('',(0.538952554341647,0.842336123034394,0.));
#9793=DIRECTION('',(-0.538952554341647,0.842336123034395,0.));
#9794=DIRECTION('',(-0.538952554341647,-0.842336123034394,0.));
#9795=DIRECTION('',(0.538952554341647,-0.842336123034395,0.));
#9796=DIRECTION('',(0.538952554341647,0.842336123034394,0.));
#9797=DIRECTION('',(-0.538952554341645,0.842336123034395,0.));
#9798=DIRECTION('',(-0.538952554341647,-0.842336123034394,0.));
#9799=DIRECTION('',(0.538952554341644,0.842336123034396,0.));
#9800=DIRECTION('',(0.,0.,1.));
#9801=DIRECTION('',(1.,0.,0.));
#9802=DIRECTION('',(-0.53895255434164,-0.842336123034399,0.));
#9803=DIRECTION('',(0.538952554341649,-0.842336123034393,0.));
#9804=DIRECTION('',(-0.538952554341652,0.842336123034391,0.));
#9805=DIRECTION('',(-0.538952554341643,-0.842336123034397,0.));
#9806=DIRECTION('',(0.538952554341651,-0.842336123034392,0.));
#9807=DIRECTION('',(0.538952554341644,0.842336123034396,0.));
#9808=DIRECTION('',(0.538952554341643,-0.842336123034397,0.));
#9809=DIRECTION('',(0.538952554341649,0.842336123034393,0.));
#9810=DIRECTION('',(-0.538952554341641,0.842336123034398,0.));
#9811=DIRECTION('',(-0.538952554341647,-0.842336123034394,0.));
#9812=DIRECTION('',(-0.538952554341652,0.842336123034391,0.));
#9813=DIRECTION('',(-0.538952554341644,-0.842336123034396,0.));
#9814=DIRECTION('',(0.538952554341645,-0.842336123034396,0.));
#9815=DIRECTION('',(0.,0.,1.));
#9816=DIRECTION('',(1.,0.,0.));
#9817=DIRECTION('',(0.538952554341653,-0.842336123034391,0.));
#9818=DIRECTION('',(0.,0.,1.));
#9819=DIRECTION('',(1.,0.,0.));
#9820=DIRECTION('',(-0.538952554341643,0.842336123034397,0.));
#9821=DIRECTION('',(-0.53895255434164,-0.842336123034399,0.));
#9822=DIRECTION('',(-0.538952554341643,0.842336123034397,0.));
#9823=DIRECTION('',(0.,0.,1.));
#9824=DIRECTION('',(1.,0.,0.));
#9825=DIRECTION('',(0.538952554341638,-0.8423361230344,0.));
#9826=DIRECTION('',(0.538952554341648,0.842336123034394,0.));
#9827=DIRECTION('',(-0.538952554341649,0.842336123034393,0.));
#9828=DIRECTION('',(-0.538952554341643,-0.842336123034397,0.));
#9829=DIRECTION('',(0.538952554341652,-0.842336123034391,0.));
#9830=DIRECTION('',(0.538952554341644,0.842336123034396,0.));
#9831=DIRECTION('',(0.538952554341643,-0.842336123034397,0.));
#9832=DIRECTION('',(0.538952554341647,0.842336123034394,0.));
#9833=DIRECTION('',(-0.538952554341643,0.842336123034397,0.));
#9834=DIRECTION('',(-0.538952554341647,-0.842336123034394,0.));
#9835=DIRECTION('',(-0.538952554341649,0.842336123034393,0.));
#9836=DIRECTION('',(-0.538952554341644,-0.842336123034396,0.));
#9837=DIRECTION('',(0.538952554341648,-0.842336123034394,0.));
#9838=DIRECTION('',(0.538952554341642,0.842336123034397,0.));
#9839=DIRECTION('',(-0.538952554341647,-0.842336123034394,0.));
#9840=DIRECTION('',(0.538952554341645,-0.842336123034396,0.));
#9841=DIRECTION('',(0.,0.,1.));
#9842=DIRECTION('',(1.,0.,0.));
#9843=DIRECTION('',(0.538952554341646,0.842336123034395,0.));
#9844=DIRECTION('',(-0.538952554341645,0.842336123034395,0.));
#9845=DIRECTION('',(0.538952554341643,-0.842336123034397,0.));
#9846=DIRECTION('',(0.538952554341647,0.842336123034394,0.));
#9847=DIRECTION('',(-0.538952554341641,0.842336123034398,0.));
#9848=DIRECTION('',(-0.538952554341645,-0.842336123034396,0.));
#9849=DIRECTION('',(-0.538952554341652,0.842336123034391,0.));
#9850=DIRECTION('',(-0.53895255434164,-0.842336123034399,0.));
#9851=DIRECTION('',(0.538952554341649,-0.842336123034393,0.));
#9852=DIRECTION('',(0.538952554341641,0.842336123034398,0.));
#9853=DIRECTION('',(-0.538952554341651,0.842336123034392,0.));
#9854=DIRECTION('',(0.,0.,1.));
#9855=DIRECTION('',(1.,0.,0.));
#9856=DIRECTION('',(0.538952554341649,-0.842336123034393,0.));
#9857=DIRECTION('',(0.538952554341642,0.842336123034397,0.));
#9858=DIRECTION('',(0.538952554341643,0.842336123034397,0.));
#9859=DIRECTION('',(0.,0.,1.));
#9860=DIRECTION('',(1.,0.,0.));
#9861=DIRECTION('',(-0.538952554341645,-0.842336123034396,0.));
#9862=DIRECTION('',(0.538952554341651,-0.842336123034392,0.));
#9863=DIRECTION('',(-0.53895255434165,0.842336123034392,0.));
#9864=DIRECTION('',(0.,0.,1.));
#9865=DIRECTION('',(1.,0.,0.));
#9866=DIRECTION('',(-0.538952554341643,-0.842336123034397,0.));
#9867=DIRECTION('',(0.538952554341651,-0.842336123034392,0.));
#9868=DIRECTION('',(0.53895255434164,0.842336123034399,0.));
#9869=DIRECTION('',(0.538952554341647,-0.842336123034395,0.));
#9870=DIRECTION('',(0.538952554341649,0.842336123034393,0.));
#9871=DIRECTION('',(-0.538952554341643,0.842336123034397,0.));
#9872=DIRECTION('',(-0.538952554341647,-0.842336123034394,0.));
#9873=DIRECTION('',(-0.538952554341646,0.842336123034395,0.));
#9874=DIRECTION('',(-0.538952554341643,-0.842336123034397,0.));
#9875=DIRECTION('',(0.538952554341649,-0.842336123034393,0.));
#9876=DIRECTION('',(0.538952554341642,0.842336123034397,0.));
#9877=DIRECTION('',(-0.53895255434165,0.842336123034392,0.));
#9878=DIRECTION('',(-0.538952554341644,-0.842336123034396,0.));
#9879=DIRECTION('',(0.538952554341651,-0.842336123034392,0.));
#9880=DIRECTION('',(0.53895255434164,0.842336123034399,0.));
#9881=DIRECTION('',(0.538952554341644,-0.842336123034396,0.));
#9882=DIRECTION('',(0.538952554341646,0.842336123034395,0.));
#9883=DIRECTION('',(-0.538952554341645,0.842336123034395,0.));
#9884=DIRECTION('',(-0.538952554341649,-0.842336123034393,0.));
#9885=DIRECTION('',(-0.538952554341652,0.842336123034391,0.));
#9886=DIRECTION('',(-0.53895255434164,-0.842336123034399,0.));
#9887=DIRECTION('',(0.538952554341645,-0.842336123034395,0.));
#9888=DIRECTION('',(0.538952554341641,0.842336123034398,0.));
#9889=DIRECTION('',(0.538952554341644,-0.842336123034396,0.));
#9890=DIRECTION('',(0.538952554341646,0.842336123034395,0.));
#9891=DIRECTION('',(-0.538952554341645,0.842336123034395,0.));
#9892=DIRECTION('',(-0.538952554341647,-0.842336123034394,0.));
#9893=DIRECTION('',(0.538952554341644,-0.842336123034396,0.));
#9894=DIRECTION('',(0.538952554341647,0.842336123034394,0.));
#9895=DIRECTION('',(-0.538952554341645,0.842336123034395,0.));
#9896=DIRECTION('',(-0.538952554341649,-0.842336123034393,0.));
#9897=DIRECTION('',(-0.538952554341652,0.842336123034391,0.));
#9898=DIRECTION('',(-0.53895255434164,-0.842336123034399,0.));
#9899=DIRECTION('',(0.538952554341647,-0.842336123034395,0.));
#9900=DIRECTION('',(0.538952554341644,0.842336123034396,0.));
#9901=DIRECTION('',(0.538952554341643,-0.842336123034397,0.));
#9902=DIRECTION('',(0.538952554341646,0.842336123034395,0.));
#9903=DIRECTION('',(-0.538952554341643,0.842336123034397,0.));
#9904=DIRECTION('',(-0.538952554341647,-0.842336123034394,0.));
#9905=DIRECTION('',(-0.53895255434165,0.842336123034392,0.));
#9906=DIRECTION('',(-0.53895255434164,-0.842336123034399,0.));
#9907=DIRECTION('',(0.538952554341647,-0.842336123034395,0.));
#9908=DIRECTION('',(0.538952554341641,0.842336123034398,0.));
#9909=DIRECTION('',(-0.538952554341646,0.842336123034395,0.));
#9910=DIRECTION('',(-0.53895255434164,-0.842336123034399,0.));
#9911=DIRECTION('',(0.538952554341651,-0.842336123034392,0.));
#9912=DIRECTION('',(0.538952554341641,0.842336123034398,0.));
#9913=DIRECTION('',(0.538952554341645,-0.842336123034395,0.));
#9914=DIRECTION('',(0.538952554341647,0.842336123034394,0.));
#9915=DIRECTION('',(-0.538952554341647,0.842336123034395,0.));
#9916=DIRECTION('',(-0.538952554341643,-0.842336123034397,0.));
#9917=DIRECTION('',(0.538952554341647,-0.842336123034395,0.));
#9918=DIRECTION('',(0.538952554341646,0.842336123034395,0.));
#9919=DIRECTION('',(-0.538952554341645,0.842336123034395,0.));
#9920=DIRECTION('',(-0.538952554341647,-0.842336123034394,0.));
#9921=DIRECTION('',(-0.538952554341648,0.842336123034394,0.));
#9922=DIRECTION('',(-0.53895255434164,-0.842336123034399,0.));
#9923=DIRECTION('',(0.538952554341649,-0.842336123034393,0.));
#9924=DIRECTION('',(0.538952554341645,0.842336123034396,0.));
#9925=DIRECTION('',(-0.538952554341649,0.842336123034393,0.));
#9926=DIRECTION('',(-0.53895255434164,-0.842336123034399,0.));
#9927=DIRECTION('',(0.538952554341651,-0.842336123034392,0.));
#9928=DIRECTION('',(0.53895255434164,0.842336123034399,0.));
#9929=DIRECTION('',(0.,0.,1.));
#9930=DIRECTION('',(1.,0.,0.));
#9931=DIRECTION('',(0.,0.,1.));
#9932=DIRECTION('',(1.,0.,0.));
#9933=DIRECTION('',(0.,0.,1.));
#9934=DIRECTION('',(1.,0.,0.));
#9935=DIRECTION('',(0.,0.,1.));
#9936=DIRECTION('',(1.,0.,0.));
#9937=DIRECTION('',(0.,0.,1.));
#9938=DIRECTION('',(1.,0.,0.));
#9939=DIRECTION('',(0.,0.,1.));
#9940=DIRECTION('',(1.,0.,0.));
#9941=DIRECTION('',(0.,0.,1.));
#9942=DIRECTION('',(1.,0.,0.));
#9943=DIRECTION('',(0.,0.,1.));
#9944=DIRECTION('',(1.,0.,0.));
#9945=DIRECTION('',(0.,0.,1.));
#9946=DIRECTION('',(1.,0.,0.));
#9947=DIRECTION('',(0.,0.,1.));
#9948=DIRECTION('',(1.,0.,0.));
#9949=DIRECTION('',(0.,0.,1.));
#9950=DIRECTION('',(1.,0.,0.));
#9951=DIRECTION('',(0.,0.,1.));
#9952=DIRECTION('',(1.,0.,0.));
#9953=DIRECTION('',(0.,-1.,0.));
#9954=DIRECTION('',(0.,0.,1.));
#9955=DIRECTION('',(1.,0.,0.));
#9956=DIRECTION('',(1.,0.,0.));
#9957=DIRECTION('',(0.,0.,1.));
#9958=DIRECTION('',(1.,0.,0.));
#9959=DIRECTION('',(0.,-1.,0.));
#9960=DIRECTION('',(0.,0.,1.));
#9961=DIRECTION('',(1.,0.,0.));
#9962=DIRECTION('',(0.,-1.,0.));
#9963=DIRECTION('',(0.,-1.,0.));
#9964=DIRECTION('',(1.,0.,0.));
#9965=DIRECTION('',(1.,0.,0.));
#9966=DIRECTION('',(0.,0.,-1.));
#9967=DIRECTION('',(0.,0.,-1.));
#9968=DIRECTION('',(0.,-1.,0.));
#9969=DIRECTION('',(0.,0.,-1.));
#9970=DIRECTION('',(0.,1.,0.));
#9971=DIRECTION('',(0.,0.,1.));
#9972=DIRECTION('',(0.,0.,-1.));
#9973=DIRECTION('',(1.,0.,0.));
#9974=DIRECTION('',(1.,0.,0.));
#9975=DIRECTION('',(0.,0.,-1.));
#9976=DIRECTION('',(0.,0.,-1.));
#9977=DIRECTION('',(0.,-1.,0.));
#9978=DIRECTION('',(0.,1.,0.));
#9979=DIRECTION('',(0.,0.,1.));
#9980=DIRECTION('',(0.,0.,-1.));
#9981=DIRECTION('',(1.,0.,0.));
#9982=DIRECTION('',(0.,0.,-1.));
#9983=DIRECTION('',(0.,1.,0.));
#9984=DIRECTION('',(0.,0.,1.));
#9985=DIRECTION('',(0.,0.,-1.));
#9986=DIRECTION('',(1.,0.,0.));
#9987=DIRECTION('',(0.,0.,-1.));
#9988=DIRECTION('',(1.,0.,0.));
#9989=DIRECTION('',(0.,0.,-1.));
#9990=DIRECTION('',(0.,0.,-1.));
#9991=DIRECTION('',(0.,-1.,0.));
#9992=DIRECTION('',(0.,1.,0.));
#9993=DIRECTION('',(0.,0.,1.));
#9994=DIRECTION('',(0.,0.,-1.));
#9995=DIRECTION('',(1.,0.,0.));
#9996=DIRECTION('',(0.,1.,0.));
#9997=DIRECTION('',(0.,0.,1.));
#9998=DIRECTION('',(0.,0.,-1.));
#9999=DIRECTION('',(1.,0.,0.));
#10000=DIRECTION('',(0.,0.,-1.));
#10001=DIRECTION('',(0.,1.,0.));
#10002=DIRECTION('',(0.,0.,1.));
#10003=DIRECTION('',(0.,0.,-1.));
#10004=DIRECTION('',(1.,0.,0.));
#10005=DIRECTION('',(0.,0.,-1.));
#10006=DIRECTION('',(1.,0.,0.));
#10007=DIRECTION('',(0.,0.,-1.));
#10008=DIRECTION('',(0.,0.,-1.));
#10009=DIRECTION('',(0.,-1.,0.));
#10010=DIRECTION('',(0.,1.,0.));
#10011=DIRECTION('',(0.,0.,1.));
#10012=DIRECTION('',(0.,0.,-1.));
#10013=DIRECTION('',(1.,0.,0.));
#10014=DIRECTION('',(0.,0.,-1.));
#10015=DIRECTION('',(1.,0.,0.));
#10016=DIRECTION('',(0.,0.,-1.));
#10017=DIRECTION('',(0.,0.,-1.));
#10018=DIRECTION('',(0.,-1.,0.));
#10019=DIRECTION('',(0.,0.,-1.));
#10020=DIRECTION('',(0.,1.,0.));
#10021=DIRECTION('',(0.,0.,1.));
#10022=DIRECTION('',(0.,0.,-1.));
#10023=DIRECTION('',(1.,0.,0.));
#10024=DIRECTION('',(1.,0.,0.));
#10025=DIRECTION('',(0.,0.,-1.));
#10026=DIRECTION('',(0.,0.,-1.));
#10027=DIRECTION('',(0.,-1.,0.));
#10028=DIRECTION('',(0.,0.,-1.));
#10029=DIRECTION('',(0.,1.,0.));
#10030=DIRECTION('',(0.,0.,1.));
#10031=DIRECTION('',(1.,0.,0.));
#10032=DIRECTION('',(1.,0.,0.));
#10033=DIRECTION('',(0.,0.,-1.));
#10034=DIRECTION('',(0.,0.,-1.));
#10035=DIRECTION('',(1.,0.,0.));
#10036=DIRECTION('',(0.,0.,-1.));
#10037=DIRECTION('',(0.,0.,-1.));
#10038=DIRECTION('',(0.,1.,0.));
#10039=DIRECTION('',(0.,0.,1.));
#10040=DIRECTION('',(0.,0.,-1.));
#10041=DIRECTION('',(-1.,0.,0.));
#10042=DIRECTION('',(0.,0.,1.));
#10043=DIRECTION('',(1.,0.,0.));
#10044=DIRECTION('',(0.,0.,-1.));
#10045=DIRECTION('',(-1.,0.,0.));
#10046=DIRECTION('',(0.,0.,1.));
#10047=DIRECTION('',(1.,0.,0.));
#10048=DIRECTION('',(0.,0.,1.));
#10049=DIRECTION('',(1.,0.,0.));
#10050=DIRECTION('',(0.,0.,1.));
#10051=DIRECTION('',(1.,0.,0.));
#10052=DIRECTION('',(0.,0.,1.));
#10053=DIRECTION('',(1.,0.,0.));
#10054=DIRECTION('',(0.,0.,1.));
#10055=DIRECTION('',(1.,0.,0.));
#10056=DIRECTION('',(0.,0.,-1.));
#10057=DIRECTION('',(-1.,0.,0.));
#10058=DIRECTION('',(0.,0.,1.));
#10059=DIRECTION('',(1.,0.,0.));
#10060=DIRECTION('',(0.,0.,1.));
#10061=DIRECTION('',(1.,0.,0.));
#10062=DIRECTION('',(0.,0.,1.));
#10063=DIRECTION('',(1.,0.,0.));
#10064=DIRECTION('',(0.,0.,1.));
#10065=DIRECTION('',(1.,0.,0.));
#10066=DIRECTION('',(0.,0.,1.));
#10067=DIRECTION('',(1.,0.,0.));
#10068=DIRECTION('',(0.,0.,-1.));
#10069=DIRECTION('',(-1.,0.,0.));
#10070=DIRECTION('',(-0.842336123034392,0.53895255434165,0.));
#10071=DIRECTION('',(-0.53895255434165,-0.842336123034392,0.));
#10072=DIRECTION('',(0.,0.,1.));
#10073=DIRECTION('',(0.,0.,1.));
#10074=DIRECTION('',(0.,0.,1.));
#10075=DIRECTION('',(1.,0.,0.));
#10076=DIRECTION('',(0.,0.,1.));
#10077=DIRECTION('',(-0.842336123034398,-0.538952554341641,0.));
#10078=DIRECTION('',(0.538952554341641,-0.842336123034398,0.));
#10079=DIRECTION('',(0.,0.,1.));
#10080=DIRECTION('',(0.842336123034393,-0.538952554341648,0.));
#10081=DIRECTION('',(0.538952554341648,0.842336123034393,0.));
#10082=DIRECTION('',(-0.842336123034396,0.538952554341644,0.));
#10083=DIRECTION('',(-0.538952554341644,-0.842336123034397,0.));
#10084=DIRECTION('',(0.,0.,1.));
#10085=DIRECTION('',(0.,0.,1.));
#10086=DIRECTION('',(0.,0.,1.));
#10087=DIRECTION('',(1.,0.,0.));
#10088=DIRECTION('',(0.,0.,1.));
#10089=DIRECTION('',(-0.842336123034393,-0.538952554341649,0.));
#10090=DIRECTION('',(0.538952554341649,-0.842336123034393,0.));
#10091=DIRECTION('',(0.,0.,1.));
#10092=DIRECTION('',(0.842336123034395,-0.538952554341646,0.));
#10093=DIRECTION('',(0.538952554341646,0.842336123034395,0.));
#10094=DIRECTION('',(0.842336123034391,0.538952554341652,0.));
#10095=DIRECTION('',(-0.538952554341652,0.842336123034391,0.));
#10096=DIRECTION('',(0.,0.,1.));
#10097=DIRECTION('',(0.,0.,1.));
#10098=DIRECTION('',(0.,0.,1.));
#10099=DIRECTION('',(1.,0.,0.));
#10100=DIRECTION('',(0.,0.,1.));
#10101=DIRECTION('',(-0.842336123034397,0.538952554341642,0.));
#10102=DIRECTION('',(-0.538952554341642,-0.842336123034397,0.));
#10103=DIRECTION('',(0.,0.,1.));
#10104=DIRECTION('',(-0.842336123034393,-0.538952554341648,0.));
#10105=DIRECTION('',(0.538952554341648,-0.842336123034394,0.));
#10106=DIRECTION('',(0.,0.,1.));
#10107=DIRECTION('',(1.,0.,0.));
#10108=DIRECTION('',(0.,0.,1.));
#10109=DIRECTION('',(0.,0.,1.));
#10110=DIRECTION('',(-0.842336123034396,-0.538952554341644,0.));
#10111=DIRECTION('',(0.538952554341644,-0.842336123034396,0.));
#10112=DIRECTION('',(0.,0.,1.));
#10113=DIRECTION('',(-0.842336123034394,0.538952554341647,0.));
#10114=DIRECTION('',(-0.538952554341647,-0.842336123034394,0.));
#10115=DIRECTION('',(0.,0.,1.));
#10116=DIRECTION('',(0.842336123034394,0.538952554341647,0.));
#10117=DIRECTION('',(-0.538952554341647,0.842336123034395,0.));
#10118=DIRECTION('',(0.,0.,1.));
#10119=DIRECTION('',(0.842336123034397,-0.538952554341642,0.));
#10120=DIRECTION('',(0.538952554341642,0.842336123034397,0.));
#10121=DIRECTION('',(0.842336123034394,0.538952554341646,0.));
#10122=DIRECTION('',(-0.538952554341647,0.842336123034395,0.));
#10123=DIRECTION('',(0.,0.,1.));
#10124=DIRECTION('',(0.,0.,1.));
#10125=DIRECTION('',(0.842336123034396,-0.538952554341644,0.));
#10126=DIRECTION('',(0.538952554341644,0.842336123034396,0.));
#10127=DIRECTION('',(0.,0.,1.));
#10128=DIRECTION('',(-0.842336123034398,0.538952554341641,0.));
#10129=DIRECTION('',(-0.538952554341641,-0.842336123034398,0.));
#10130=DIRECTION('',(0.,0.,1.));
#10131=DIRECTION('',(0.,0.,1.));
#10132=DIRECTION('',(1.,0.,0.));
#10133=DIRECTION('',(0.,0.,1.));
#10134=DIRECTION('',(-0.842336123034391,-0.538952554341652,0.));
#10135=DIRECTION('',(0.538952554341652,-0.842336123034391,0.));
#10136=DIRECTION('',(-0.842336123034397,0.538952554341643,0.));
#10137=DIRECTION('',(-0.538952554341643,-0.842336123034397,0.));
#10138=DIRECTION('',(0.,0.,1.));
#10139=DIRECTION('',(0.,0.,1.));
#10140=DIRECTION('',(0.,0.,1.));
#10141=DIRECTION('',(1.,0.,0.));
#10142=DIRECTION('',(0.,0.,1.));
#10143=DIRECTION('',(-0.842336123034394,-0.538952554341646,0.));
#10144=DIRECTION('',(0.538952554341647,-0.842336123034395,0.));
#10145=DIRECTION('',(0.,0.,1.));
#10146=DIRECTION('',(0.842336123034376,-0.538952554341676,0.));
#10147=DIRECTION('',(0.538952554341676,0.842336123034376,0.));
#10148=DIRECTION('',(-0.842336123034398,0.538952554341642,0.));
#10149=DIRECTION('',(-0.538952554341642,-0.842336123034398,0.));
#10150=DIRECTION('',(0.,0.,1.));
#10151=DIRECTION('',(0.,0.,1.));
#10152=DIRECTION('',(0.,0.,1.));
#10153=DIRECTION('',(1.,0.,0.));
#10154=DIRECTION('',(0.,0.,1.));
#10155=DIRECTION('',(-0.842336123034395,-0.538952554341645,0.));
#10156=DIRECTION('',(0.538952554341645,-0.842336123034395,0.));
#10157=DIRECTION('',(0.,0.,1.));
#10158=DIRECTION('',(0.842336123034395,0.538952554341646,0.));
#10159=DIRECTION('',(-0.538952554341646,0.842336123034395,0.));
#10160=DIRECTION('',(0.,0.,1.));
#10161=DIRECTION('',(0.842336123034396,-0.538952554341643,0.));
#10162=DIRECTION('',(0.538952554341643,0.842336123034397,0.));
#10163=DIRECTION('',(0.842336123034395,0.538952554341645,0.));
#10164=DIRECTION('',(-0.538952554341645,0.842336123034395,0.));
#10165=DIRECTION('',(0.,0.,1.));
#10166=DIRECTION('',(0.,0.,1.));
#10167=DIRECTION('',(0.842336123034396,-0.538952554341644,0.));
#10168=DIRECTION('',(0.538952554341644,0.842336123034396,0.));
#10169=DIRECTION('',(0.,0.,1.));
#10170=DIRECTION('',(-0.842336123034399,0.538952554341639,0.));
#10171=DIRECTION('',(-0.53895255434164,-0.842336123034399,0.));
#10172=DIRECTION('',(0.,0.,1.));
#10173=DIRECTION('',(-0.842336123034391,-0.538952554341652,0.));
#10174=DIRECTION('',(0.538952554341652,-0.842336123034391,0.));
#10175=DIRECTION('',(0.,0.,1.));
#10176=DIRECTION('',(1.,0.,0.));
#10177=DIRECTION('',(0.,0.,1.));
#10178=DIRECTION('',(0.,0.,1.));
#10179=DIRECTION('',(0.842336123034417,0.538952554341611,0.));
#10180=DIRECTION('',(-0.538952554341611,0.842336123034417,0.));
#10181=DIRECTION('',(0.,0.,1.));
#10182=DIRECTION('',(0.842336123034396,-0.538952554341645,0.));
#10183=DIRECTION('',(0.538952554341645,0.842336123034396,0.));
#10184=DIRECTION('',(0.,0.,1.));
#10185=DIRECTION('',(-0.842336123034401,-0.538952554341636,0.));
#10186=DIRECTION('',(0.538952554341636,-0.842336123034401,0.));
#10187=DIRECTION('',(0.842336123034395,0.538952554341645,0.));
#10188=DIRECTION('',(-0.538952554341645,0.842336123034395,0.));
#10189=DIRECTION('',(0.,0.,1.));
#10190=DIRECTION('',(0.,0.,1.));
#10191=DIRECTION('',(0.842336123034397,-0.538952554341643,0.));
#10192=DIRECTION('',(0.538952554341643,0.842336123034397,0.));
#10193=DIRECTION('',(0.,0.,1.));
#10194=DIRECTION('',(-0.842336123034397,0.538952554341642,0.));
#10195=DIRECTION('',(-0.538952554341642,-0.842336123034397,0.));
#10196=DIRECTION('',(0.,0.,1.));
#10197=DIRECTION('',(-0.842336123034395,-0.538952554341646,0.));
#10198=DIRECTION('',(0.538952554341646,-0.842336123034395,0.));
#10199=DIRECTION('',(-0.842336123034394,-0.538952554341646,0.));
#10200=DIRECTION('',(0.538952554341647,-0.842336123034395,0.));
#10201=DIRECTION('',(0.,0.,1.));
#10202=DIRECTION('',(0.,0.,1.));
#10203=DIRECTION('',(-0.842336123034394,0.538952554341647,0.));
#10204=DIRECTION('',(-0.538952554341647,-0.842336123034394,0.));
#10205=DIRECTION('',(0.,0.,1.));
#10206=DIRECTION('',(0.842336123034394,-0.538952554341647,0.));
#10207=DIRECTION('',(0.538952554341647,0.842336123034394,0.));
#10208=DIRECTION('',(0.,0.,1.));
#10209=DIRECTION('',(0.842336123034397,0.538952554341643,0.));
#10210=DIRECTION('',(-0.538952554341643,0.842336123034397,0.));
#10211=DIRECTION('',(0.842336123034394,0.538952554341646,0.));
#10212=DIRECTION('',(-0.538952554341647,0.842336123034395,0.));
#10213=DIRECTION('',(0.,0.,1.));
#10214=DIRECTION('',(0.,0.,1.));
#10215=DIRECTION('',(0.842336123034399,-0.53895255434164,0.));
#10216=DIRECTION('',(0.53895255434164,0.842336123034399,0.));
#10217=DIRECTION('',(0.,0.,1.));
#10218=DIRECTION('',(-0.842336123034397,0.538952554341642,0.));
#10219=DIRECTION('',(-0.538952554341642,-0.842336123034397,0.));
#10220=DIRECTION('',(0.,0.,1.));
#10221=DIRECTION('',(-0.842336123034391,-0.538952554341652,0.));
#10222=DIRECTION('',(0.538952554341652,-0.842336123034391,0.));
#10223=DIRECTION('',(-0.842336123034395,-0.538952554341645,0.));
#10224=DIRECTION('',(0.538952554341645,-0.842336123034395,0.));
#10225=DIRECTION('',(0.,0.,1.));
#10226=DIRECTION('',(0.,0.,1.));
#10227=DIRECTION('',(-0.842336123034394,0.538952554341647,0.));
#10228=DIRECTION('',(-0.538952554341647,-0.842336123034394,0.));
#10229=DIRECTION('',(0.,0.,1.));
#10230=DIRECTION('',(0.842336123034394,-0.538952554341647,0.));
#10231=DIRECTION('',(0.538952554341647,0.842336123034394,0.));
#10232=DIRECTION('',(0.,0.,1.));
#10233=DIRECTION('',(0.842336123034394,0.538952554341647,0.));
#10234=DIRECTION('',(-0.538952554341647,0.842336123034395,0.));
#10235=DIRECTION('',(0.842336123034394,0.538952554341646,0.));
#10236=DIRECTION('',(-0.538952554341647,0.842336123034395,0.));
#10237=DIRECTION('',(0.,0.,1.));
#10238=DIRECTION('',(0.,0.,1.));
#10239=DIRECTION('',(0.842336123034399,-0.53895255434164,0.));
#10240=DIRECTION('',(0.53895255434164,0.842336123034399,0.));
#10241=DIRECTION('',(0.,0.,1.));
#10242=DIRECTION('',(-0.842336123034399,0.538952554341639,0.));
#10243=DIRECTION('',(-0.53895255434164,-0.842336123034399,0.));
#10244=DIRECTION('',(0.,0.,1.));
#10245=DIRECTION('',(-0.842336123034391,-0.538952554341652,0.));
#10246=DIRECTION('',(0.538952554341652,-0.842336123034391,0.));
#10247=DIRECTION('',(0.842336123034393,0.538952554341649,0.));
#10248=DIRECTION('',(-0.538952554341649,0.842336123034393,0.));
#10249=DIRECTION('',(0.,0.,1.));
#10250=DIRECTION('',(0.,0.,1.));
#10251=DIRECTION('',(0.842336123034399,-0.53895255434164,0.));
#10252=DIRECTION('',(0.53895255434164,0.842336123034399,0.));
#10253=DIRECTION('',(0.,0.,1.));
#10254=DIRECTION('',(-0.842336123034396,0.538952554341644,0.));
#10255=DIRECTION('',(-0.538952554341644,-0.842336123034396,0.));
#10256=DIRECTION('',(0.,0.,1.));
#10257=DIRECTION('',(0.,0.,1.));
#10258=DIRECTION('',(1.,0.,0.));
#10259=DIRECTION('',(0.842336123034392,0.538952554341651,0.));
#10260=DIRECTION('',(-0.538952554341651,0.842336123034392,0.));
#10261=DIRECTION('',(0.,0.,1.));
#10262=DIRECTION('',(0.,0.,1.));
#10263=DIRECTION('',(0.842336123034397,-0.538952554341643,0.));
#10264=DIRECTION('',(0.538952554341643,0.842336123034397,0.));
#10265=DIRECTION('',(0.,0.,1.));
#10266=DIRECTION('',(-0.842336123034396,0.538952554341644,0.));
#10267=DIRECTION('',(-0.538952554341644,-0.842336123034396,0.));
#10268=DIRECTION('',(0.,0.,1.));
#10269=DIRECTION('',(-0.842336123034391,-0.538952554341652,0.));
#10270=DIRECTION('',(0.538952554341652,-0.842336123034391,0.));
#10271=DIRECTION('',(-0.842336123034397,-0.538952554341642,0.));
#10272=DIRECTION('',(0.538952554341643,-0.842336123034397,0.));
#10273=DIRECTION('',(0.,0.,1.));
#10274=DIRECTION('',(0.,0.,1.));
#10275=DIRECTION('',(-0.842336123034395,0.538952554341646,0.));
#10276=DIRECTION('',(-0.538952554341646,-0.842336123034395,0.));
#10277=DIRECTION('',(0.,0.,1.));
#10278=DIRECTION('',(0.842336123034395,-0.538952554341646,0.));
#10279=DIRECTION('',(0.538952554341646,0.842336123034395,0.));
#10280=DIRECTION('',(0.,0.,1.));
#10281=DIRECTION('',(0.842336123034397,0.538952554341643,0.));
#10282=DIRECTION('',(-0.538952554341643,0.842336123034397,0.));
#10283=DIRECTION('',(-0.842336123034398,-0.538952554341641,0.));
#10284=DIRECTION('',(0.538952554341641,-0.842336123034398,0.));
#10285=DIRECTION('',(0.,0.,1.));
#10286=DIRECTION('',(0.,0.,1.));
#10287=DIRECTION('',(-0.842336123034393,0.538952554341649,0.));
#10288=DIRECTION('',(-0.538952554341649,-0.842336123034393,0.));
#10289=DIRECTION('',(0.,0.,1.));
#10290=DIRECTION('',(0.842336123034394,-0.538952554341647,0.));
#10291=DIRECTION('',(0.538952554341647,0.842336123034394,0.));
#10292=DIRECTION('',(0.,0.,1.));
#10293=DIRECTION('',(0.842336123034397,0.538952554341643,0.));
#10294=DIRECTION('',(-0.538952554341643,0.842336123034397,0.));
#10295=DIRECTION('',(0.,0.,1.));
#10296=DIRECTION('',(1.,0.,0.));
#10297=DIRECTION('',(0.,0.,1.));
#10298=DIRECTION('',(0.,0.,1.));
#10299=DIRECTION('',(0.842336123034394,0.538952554341647,0.));
#10300=DIRECTION('',(-0.538952554341647,0.842336123034394,0.));
#10301=DIRECTION('',(0.,0.,1.));
#10302=DIRECTION('',(0.842336123034396,-0.538952554341645,0.));
#10303=DIRECTION('',(0.538952554341645,0.842336123034396,0.));
#10304=DIRECTION('',(0.,0.,1.));
#10305=DIRECTION('',(-0.842336123034396,-0.538952554341643,0.));
#10306=DIRECTION('',(0.538952554341643,-0.842336123034397,0.));
#10307=DIRECTION('',(0.,0.,1.));
#10308=DIRECTION('',(1.,0.,0.));
#10309=DIRECTION('',(0.,0.,1.));
#10310=DIRECTION('',(0.,0.,1.));
#10311=DIRECTION('',(0.842336123034396,0.538952554341645,0.));
#10312=DIRECTION('',(-0.538952554341645,0.842336123034396,0.));
#10313=DIRECTION('',(0.,0.,1.));
#10314=DIRECTION('',(0.842336123034396,-0.538952554341644,0.));
#10315=DIRECTION('',(0.538952554341644,0.842336123034396,0.));
#10316=DIRECTION('',(0.,0.,1.));
#10317=DIRECTION('',(-0.842336123034391,-0.538952554341652,0.));
#10318=DIRECTION('',(0.538952554341652,-0.842336123034391,0.));
#10319=DIRECTION('',(-0.842336123034395,-0.538952554341645,0.));
#10320=DIRECTION('',(0.538952554341645,-0.842336123034395,0.));
#10321=DIRECTION('',(0.,0.,1.));
#10322=DIRECTION('',(0.,0.,1.));
#10323=DIRECTION('',(-0.842336123034395,0.538952554341646,0.));
#10324=DIRECTION('',(-0.538952554341646,-0.842336123034395,0.));
#10325=DIRECTION('',(0.,0.,1.));
#10326=DIRECTION('',(0.842336123034394,-0.538952554341647,0.));
#10327=DIRECTION('',(0.538952554341647,0.842336123034394,0.));
#10328=DIRECTION('',(0.,0.,1.));
#10329=DIRECTION('',(0.842336123034396,0.538952554341644,0.));
#10330=DIRECTION('',(-0.538952554341644,0.842336123034396,0.));
#10331=DIRECTION('',(0.842336123034399,-0.53895255434164,0.));
#10332=DIRECTION('',(0.53895255434164,0.842336123034399,0.));
#10333=DIRECTION('',(0.,0.,1.));
#10334=DIRECTION('',(0.,0.,1.));
#10335=DIRECTION('',(-0.842336123034397,-0.538952554341643,0.));
#10336=DIRECTION('',(0.538952554341643,-0.842336123034397,0.));
#10337=DIRECTION('',(0.,0.,1.));
#10338=DIRECTION('',(0.84233612303439,0.538952554341653,0.));
#10339=DIRECTION('',(-0.538952554341653,0.842336123034391,0.));
#10340=DIRECTION('',(0.,0.,1.));
#10341=DIRECTION('',(0.,0.,1.));
#10342=DIRECTION('',(1.,0.,0.));
#10343=DIRECTION('',(-0.842336123034394,0.538952554341648,0.));
#10344=DIRECTION('',(-0.538952554341648,-0.842336123034394,0.));
#10345=DIRECTION('',(0.,0.,1.));
#10346=DIRECTION('',(0.,0.,1.));
#10347=DIRECTION('',(0.8423361230344,0.538952554341638,0.));
#10348=DIRECTION('',(-0.538952554341638,0.8423361230344,0.));
#10349=DIRECTION('',(0.,0.,1.));
#10350=DIRECTION('',(-0.842336123034397,-0.538952554341643,0.));
#10351=DIRECTION('',(0.538952554341643,-0.842336123034397,0.));
#10352=DIRECTION('',(0.,0.,1.));
#10353=DIRECTION('',(0.,0.,1.));
#10354=DIRECTION('',(1.,0.,0.));
#10355=DIRECTION('',(0.842336123034391,0.538952554341652,0.));
#10356=DIRECTION('',(-0.538952554341652,0.842336123034391,0.));
#10357=DIRECTION('',(0.,0.,1.));
#10358=DIRECTION('',(0.,0.,1.));
#10359=DIRECTION('',(0.842336123034397,-0.538952554341643,0.));
#10360=DIRECTION('',(0.538952554341643,0.842336123034397,0.));
#10361=DIRECTION('',(0.,0.,1.));
#10362=DIRECTION('',(-0.842336123034396,0.538952554341644,0.));
#10363=DIRECTION('',(-0.538952554341644,-0.842336123034396,0.));
#10364=DIRECTION('',(0.,0.,1.));
#10365=DIRECTION('',(-0.842336123034393,-0.538952554341649,0.));
#10366=DIRECTION('',(0.538952554341649,-0.842336123034393,0.));
#10367=DIRECTION('',(0.842336123034392,0.538952554341651,0.));
#10368=DIRECTION('',(-0.538952554341651,0.842336123034392,0.));
#10369=DIRECTION('',(0.,0.,1.));
#10370=DIRECTION('',(0.,0.,1.));
#10371=DIRECTION('',(0.842336123034396,-0.538952554341644,0.));
#10372=DIRECTION('',(0.538952554341644,0.842336123034396,0.));
#10373=DIRECTION('',(0.,0.,1.));
#10374=DIRECTION('',(-0.842336123034399,0.538952554341639,0.));
#10375=DIRECTION('',(-0.53895255434164,-0.842336123034399,0.));
#10376=DIRECTION('',(0.,0.,1.));
#10377=DIRECTION('',(-0.842336123034393,-0.538952554341649,0.));
#10378=DIRECTION('',(0.538952554341649,-0.842336123034393,0.));
#10379=DIRECTION('',(-0.842336123034397,-0.538952554341642,0.));
#10380=DIRECTION('',(0.538952554341643,-0.842336123034397,0.));
#10381=DIRECTION('',(0.,0.,1.));
#10382=DIRECTION('',(0.,0.,1.));
#10383=DIRECTION('',(-0.842336123034394,0.538952554341647,0.));
#10384=DIRECTION('',(-0.538952554341647,-0.842336123034394,0.));
#10385=DIRECTION('',(0.,0.,1.));
#10386=DIRECTION('',(0.842336123034394,-0.538952554341647,0.));
#10387=DIRECTION('',(0.538952554341647,0.842336123034394,0.));
#10388=DIRECTION('',(0.,0.,1.));
#10389=DIRECTION('',(0.842336123034397,0.538952554341643,0.));
#10390=DIRECTION('',(-0.538952554341643,0.842336123034397,0.));
#10391=DIRECTION('',(-0.842336123034397,-0.538952554341642,0.));
#10392=DIRECTION('',(0.538952554341643,-0.842336123034397,0.));
#10393=DIRECTION('',(0.,0.,1.));
#10394=DIRECTION('',(0.,0.,1.));
#10395=DIRECTION('',(-0.842336123034394,0.538952554341647,0.));
#10396=DIRECTION('',(-0.538952554341647,-0.842336123034394,0.));
#10397=DIRECTION('',(0.,0.,1.));
#10398=DIRECTION('',(0.842336123034394,-0.538952554341647,0.));
#10399=DIRECTION('',(0.538952554341647,0.842336123034394,0.));
#10400=DIRECTION('',(0.,0.,1.));
#10401=DIRECTION('',(0.842336123034396,0.538952554341644,0.));
#10402=DIRECTION('',(-0.538952554341644,0.842336123034396,0.));
#10403=DIRECTION('',(0.842336123034393,0.538952554341648,0.));
#10404=DIRECTION('',(-0.538952554341648,0.842336123034394,0.));
#10405=DIRECTION('',(0.,0.,1.));
#10406=DIRECTION('',(0.,0.,1.));
#10407=DIRECTION('',(0.842336123034396,-0.538952554341644,0.));
#10408=DIRECTION('',(0.538952554341644,0.842336123034396,0.));
#10409=DIRECTION('',(0.,0.,1.));
#10410=DIRECTION('',(-0.842336123034397,0.538952554341642,0.));
#10411=DIRECTION('',(-0.538952554341642,-0.842336123034397,0.));
#10412=DIRECTION('',(0.,0.,1.));
#10413=DIRECTION('',(-0.842336123034393,-0.538952554341649,0.));
#10414=DIRECTION('',(0.538952554341649,-0.842336123034393,0.));
#10415=DIRECTION('',(-0.842336123034395,-0.538952554341645,0.));
#10416=DIRECTION('',(0.538952554341645,-0.842336123034395,0.));
#10417=DIRECTION('',(0.,0.,1.));
#10418=DIRECTION('',(0.,0.,1.));
#10419=DIRECTION('',(-0.842336123034396,0.538952554341645,0.));
#10420=DIRECTION('',(-0.538952554341645,-0.842336123034396,0.));
#10421=DIRECTION('',(0.,0.,1.));
#10422=DIRECTION('',(0.842336123034392,-0.53895255434165,0.));
#10423=DIRECTION('',(0.53895255434165,0.842336123034392,0.));
#10424=DIRECTION('',(0.,0.,1.));
#10425=DIRECTION('',(0.842336123034397,0.538952554341642,0.));
#10426=DIRECTION('',(-0.538952554341642,0.842336123034397,0.));
#10427=DIRECTION('',(0.,0.,1.));
#10428=DIRECTION('',(0.,0.,1.));
#10429=DIRECTION('',(1.,0.,0.));
#10430=DIRECTION('',(0.842336123034391,0.538952554341652,0.));
#10431=DIRECTION('',(-0.538952554341652,0.842336123034391,0.));
#10432=DIRECTION('',(0.,0.,1.));
#10433=DIRECTION('',(0.,0.,1.));
#10434=DIRECTION('',(0.842336123034397,-0.538952554341643,0.));
#10435=DIRECTION('',(0.538952554341643,0.842336123034397,0.));
#10436=DIRECTION('',(0.,0.,1.));
#10437=DIRECTION('',(-0.842336123034399,0.538952554341639,0.));
#10438=DIRECTION('',(-0.53895255434164,-0.842336123034399,0.));
#10439=DIRECTION('',(0.,0.,1.));
#10440=DIRECTION('',(-0.842336123034393,-0.538952554341649,0.));
#10441=DIRECTION('',(0.538952554341649,-0.842336123034393,0.));
#10442=DIRECTION('',(-0.842336123034395,0.538952554341646,0.));
#10443=DIRECTION('',(-0.538952554341646,-0.842336123034395,0.));
#10444=DIRECTION('',(0.,0.,1.));
#10445=DIRECTION('',(0.,0.,1.));
#10446=DIRECTION('',(0.,0.,1.));
#10447=DIRECTION('',(1.,0.,0.));
#10448=DIRECTION('',(0.,0.,1.));
#10449=DIRECTION('',(-0.842336123034395,-0.538952554341645,0.));
#10450=DIRECTION('',(0.538952554341645,-0.842336123034395,0.));
#10451=DIRECTION('',(0.,0.,1.));
#10452=DIRECTION('',(0.842336123034396,0.538952554341645,0.));
#10453=DIRECTION('',(-0.538952554341645,0.842336123034396,0.));
#10454=DIRECTION('',(0.,0.,1.));
#10455=DIRECTION('',(0.842336123034394,-0.538952554341647,0.));
#10456=DIRECTION('',(0.538952554341647,0.842336123034394,0.));
#10457=DIRECTION('',(-0.842336123034395,0.538952554341646,0.));
#10458=DIRECTION('',(-0.538952554341646,-0.842336123034395,0.));
#10459=DIRECTION('',(0.,0.,1.));
#10460=DIRECTION('',(0.,0.,1.));
#10461=DIRECTION('',(0.,0.,1.));
#10462=DIRECTION('',(1.,0.,0.));
#10463=DIRECTION('',(0.,0.,1.));
#10464=DIRECTION('',(-0.842336123034398,-0.538952554341641,0.));
#10465=DIRECTION('',(0.538952554341641,-0.842336123034398,0.));
#10466=DIRECTION('',(0.,0.,1.));
#10467=DIRECTION('',(0.842336123034398,0.538952554341641,0.));
#10468=DIRECTION('',(-0.538952554341641,0.842336123034398,0.));
#10469=DIRECTION('',(0.,0.,1.));
#10470=DIRECTION('',(0.842336123034393,-0.538952554341649,0.));
#10471=DIRECTION('',(0.538952554341649,0.842336123034393,0.));
#10472=DIRECTION('',(-0.842336123034398,-0.538952554341641,0.));
#10473=DIRECTION('',(0.538952554341641,-0.842336123034398,0.));
#10474=DIRECTION('',(0.,0.,1.));
#10475=DIRECTION('',(0.,0.,1.));
#10476=DIRECTION('',(-0.842336123034394,0.538952554341647,0.));
#10477=DIRECTION('',(-0.538952554341647,-0.842336123034394,0.));
#10478=DIRECTION('',(0.,0.,1.));
#10479=DIRECTION('',(0.842336123034396,-0.538952554341645,0.));
#10480=DIRECTION('',(0.538952554341645,0.842336123034396,0.));
#10481=DIRECTION('',(0.,0.,1.));
#10482=DIRECTION('',(0.842336123034397,0.538952554341643,0.));
#10483=DIRECTION('',(-0.538952554341643,0.842336123034397,0.));
#10484=DIRECTION('',(0.842336123034393,0.538952554341649,0.));
#10485=DIRECTION('',(-0.538952554341649,0.842336123034393,0.));
#10486=DIRECTION('',(0.,0.,1.));
#10487=DIRECTION('',(0.,0.,1.));
#10488=DIRECTION('',(0.842336123034398,-0.538952554341641,0.));
#10489=DIRECTION('',(0.538952554341641,0.842336123034398,0.));
#10490=DIRECTION('',(0.,0.,1.));
#10491=DIRECTION('',(-0.842336123034396,0.538952554341645,0.));
#10492=DIRECTION('',(-0.538952554341645,-0.842336123034396,0.));
#10493=DIRECTION('',(0.,0.,1.));
#10494=DIRECTION('',(-0.842336123034394,-0.538952554341648,0.));
#10495=DIRECTION('',(0.538952554341648,-0.842336123034394,0.));
#10496=DIRECTION('',(0.842336123034393,0.538952554341649,0.));
#10497=DIRECTION('',(-0.538952554341649,0.842336123034393,0.));
#10498=DIRECTION('',(0.,0.,1.));
#10499=DIRECTION('',(0.,0.,1.));
#10500=DIRECTION('',(0.842336123034399,-0.53895255434164,0.));
#10501=DIRECTION('',(0.53895255434164,0.842336123034399,0.));
#10502=DIRECTION('',(0.,0.,1.));
#10503=DIRECTION('',(-0.842336123034398,0.538952554341641,0.));
#10504=DIRECTION('',(-0.538952554341641,-0.842336123034398,0.));
#10505=DIRECTION('',(0.,0.,1.));
#10506=DIRECTION('',(-0.842336123034391,-0.538952554341652,0.));
#10507=DIRECTION('',(0.538952554341652,-0.842336123034391,0.));
#10508=DIRECTION('',(-0.842336123034395,-0.538952554341645,0.));
#10509=DIRECTION('',(0.538952554341645,-0.842336123034395,0.));
#10510=DIRECTION('',(0.,0.,1.));
#10511=DIRECTION('',(0.,0.,1.));
#10512=DIRECTION('',(-0.842336123034394,0.538952554341647,0.));
#10513=DIRECTION('',(-0.538952554341647,-0.842336123034394,0.));
#10514=DIRECTION('',(0.,0.,1.));
#10515=DIRECTION('',(0.842336123034394,-0.538952554341647,0.));
#10516=DIRECTION('',(0.538952554341647,0.842336123034394,0.));
#10517=DIRECTION('',(0.,0.,1.));
#10518=DIRECTION('',(0.842336123034397,0.538952554341643,0.));
#10519=DIRECTION('',(-0.538952554341643,0.842336123034397,0.));
#10520=DIRECTION('',(0.842336123034393,0.538952554341649,0.));
#10521=DIRECTION('',(-0.538952554341649,0.842336123034393,0.));
#10522=DIRECTION('',(0.,0.,1.));
#10523=DIRECTION('',(0.,0.,1.));
#10524=DIRECTION('',(0.,0.,1.));
#10525=DIRECTION('',(1.,0.,0.));
#10526=DIRECTION('',(0.,0.,1.));
#10527=DIRECTION('',(-0.842336123034397,0.538952554341642,0.));
#10528=DIRECTION('',(-0.538952554341642,-0.842336123034397,0.));
#10529=DIRECTION('',(0.,0.,1.));
#10530=DIRECTION('',(-0.842336123034391,-0.538952554341651,0.));
#10531=DIRECTION('',(0.538952554341651,-0.842336123034392,0.));
#10532=DIRECTION('',(-0.842336123034397,-0.538952554341642,0.));
#10533=DIRECTION('',(0.538952554341643,-0.842336123034397,0.));
#10534=DIRECTION('',(0.,0.,1.));
#10535=DIRECTION('',(0.,0.,1.));
#10536=DIRECTION('',(-0.842336123034394,0.538952554341647,0.));
#10537=DIRECTION('',(-0.538952554341647,-0.842336123034394,0.));
#10538=DIRECTION('',(0.,0.,1.));
#10539=DIRECTION('',(0.842336123034393,-0.538952554341649,0.));
#10540=DIRECTION('',(0.538952554341649,0.842336123034393,0.));
#10541=DIRECTION('',(0.,0.,1.));
#10542=DIRECTION('',(0.842336123034396,0.538952554341644,0.));
#10543=DIRECTION('',(-0.538952554341644,0.842336123034396,0.));
#10544=DIRECTION('',(0.842336123034392,0.538952554341651,0.));
#10545=DIRECTION('',(-0.538952554341651,0.842336123034392,0.));
#10546=DIRECTION('',(0.,0.,1.));
#10547=DIRECTION('',(0.,0.,1.));
#10548=DIRECTION('',(0.842336123034395,-0.538952554341645,0.));
#10549=DIRECTION('',(0.538952554341645,0.842336123034396,0.));
#10550=DIRECTION('',(0.,0.,1.));
#10551=DIRECTION('',(-0.842336123034396,0.538952554341643,0.));
#10552=DIRECTION('',(-0.538952554341643,-0.842336123034397,0.));
#10553=DIRECTION('',(0.,0.,1.));
#10554=DIRECTION('',(0.,0.,1.));
#10555=DIRECTION('',(1.,0.,0.));
#10556=DIRECTION('',(0.842336123034392,0.538952554341651,0.));
#10557=DIRECTION('',(-0.538952554341651,0.842336123034392,0.));
#10558=DIRECTION('',(0.,0.,1.));
#10559=DIRECTION('',(0.,0.,1.));
#10560=DIRECTION('',(0.842336123034397,-0.538952554341643,0.));
#10561=DIRECTION('',(0.538952554341643,0.842336123034397,0.));
#10562=DIRECTION('',(0.,0.,1.));
#10563=DIRECTION('',(-0.842336123034399,0.538952554341639,0.));
#10564=DIRECTION('',(-0.53895255434164,-0.842336123034399,0.));
#10565=DIRECTION('',(0.,0.,1.));
#10566=DIRECTION('',(0.,0.,1.));
#10567=DIRECTION('',(1.,0.,0.));
#10568=DIRECTION('',(0.,0.,1.));
#10569=DIRECTION('',(-0.842336123034392,-0.53895255434165,0.));
#10570=DIRECTION('',(0.53895255434165,-0.842336123034392,0.));
#10571=DIRECTION('',(0.842336123034395,0.538952554341645,0.));
#10572=DIRECTION('',(-0.538952554341645,0.842336123034395,0.));
#10573=DIRECTION('',(0.,0.,1.));
#10574=DIRECTION('',(0.,0.,1.));
#10575=DIRECTION('',(0.842336123034399,-0.53895255434164,0.));
#10576=DIRECTION('',(0.53895255434164,0.842336123034399,0.));
#10577=DIRECTION('',(0.,0.,1.));
#10578=DIRECTION('',(-0.842336123034399,0.538952554341639,0.));
#10579=DIRECTION('',(-0.53895255434164,-0.842336123034399,0.));
#10580=DIRECTION('',(0.,0.,1.));
#10581=DIRECTION('',(-0.842336123034394,-0.538952554341648,0.));
#10582=DIRECTION('',(0.538952554341648,-0.842336123034394,0.));
#10583=DIRECTION('',(-0.842336123034397,-0.538952554341642,0.));
#10584=DIRECTION('',(0.538952554341643,-0.842336123034397,0.));
#10585=DIRECTION('',(0.,0.,1.));
#10586=DIRECTION('',(0.,0.,1.));
#10587=DIRECTION('',(-0.842336123034393,0.538952554341649,0.));
#10588=DIRECTION('',(-0.538952554341649,-0.842336123034393,0.));
#10589=DIRECTION('',(0.,0.,1.));
#10590=DIRECTION('',(0.842336123034394,-0.538952554341647,0.));
#10591=DIRECTION('',(0.538952554341647,0.842336123034394,0.));
#10592=DIRECTION('',(0.,0.,1.));
#10593=DIRECTION('',(0.842336123034394,0.538952554341647,0.));
#10594=DIRECTION('',(-0.538952554341647,0.842336123034395,0.));
#10595=DIRECTION('',(-0.842336123034397,-0.538952554341642,0.));
#10596=DIRECTION('',(0.538952554341643,-0.842336123034397,0.));
#10597=DIRECTION('',(0.,0.,1.));
#10598=DIRECTION('',(0.,0.,1.));
#10599=DIRECTION('',(-0.842336123034395,0.538952554341646,0.));
#10600=DIRECTION('',(-0.538952554341646,-0.842336123034395,0.));
#10601=DIRECTION('',(0.,0.,1.));
#10602=DIRECTION('',(0.842336123034394,-0.538952554341647,0.));
#10603=DIRECTION('',(0.538952554341647,0.842336123034394,0.));
#10604=DIRECTION('',(0.,0.,1.));
#10605=DIRECTION('',(0.842336123034397,0.538952554341643,0.));
#10606=DIRECTION('',(-0.538952554341643,0.842336123034397,0.));
#10607=DIRECTION('',(0.842336123034393,0.538952554341649,0.));
#10608=DIRECTION('',(-0.538952554341649,0.842336123034393,0.));
#10609=DIRECTION('',(0.,0.,1.));
#10610=DIRECTION('',(0.,0.,1.));
#10611=DIRECTION('',(0.842336123034397,-0.538952554341643,0.));
#10612=DIRECTION('',(0.538952554341643,0.842336123034397,0.));
#10613=DIRECTION('',(0.,0.,1.));
#10614=DIRECTION('',(-0.842336123034397,0.538952554341642,0.));
#10615=DIRECTION('',(-0.538952554341642,-0.842336123034397,0.));
#10616=DIRECTION('',(0.,0.,1.));
#10617=DIRECTION('',(-0.842336123034395,-0.538952554341646,0.));
#10618=DIRECTION('',(0.538952554341646,-0.842336123034395,0.));
#10619=DIRECTION('',(-0.842336123034397,-0.538952554341642,0.));
#10620=DIRECTION('',(0.538952554341643,-0.842336123034397,0.));
#10621=DIRECTION('',(0.,0.,1.));
#10622=DIRECTION('',(0.,0.,1.));
#10623=DIRECTION('',(-0.842336123034394,0.538952554341647,0.));
#10624=DIRECTION('',(-0.538952554341647,-0.842336123034394,0.));
#10625=DIRECTION('',(0.,0.,1.));
#10626=DIRECTION('',(0.842336123034396,-0.538952554341643,0.));
#10627=DIRECTION('',(0.538952554341643,0.842336123034397,0.));
#10628=DIRECTION('',(0.,0.,1.));
#10629=DIRECTION('',(0.842336123034396,0.538952554341644,0.));
#10630=DIRECTION('',(-0.538952554341644,0.842336123034396,0.));
#10631=DIRECTION('',(0.842336123034392,0.538952554341651,0.));
#10632=DIRECTION('',(-0.538952554341651,0.842336123034392,0.));
#10633=DIRECTION('',(0.,0.,1.));
#10634=DIRECTION('',(0.,0.,1.));
#10635=DIRECTION('',(0.842336123034396,-0.538952554341644,0.));
#10636=DIRECTION('',(0.538952554341644,0.842336123034396,0.));
#10637=DIRECTION('',(0.,0.,1.));
#10638=DIRECTION('',(-0.842336123034399,0.538952554341639,0.));
#10639=DIRECTION('',(-0.53895255434164,-0.842336123034399,0.));
#10640=DIRECTION('',(0.,0.,1.));
#10641=DIRECTION('',(-0.842336123034392,-0.53895255434165,0.));
#10642=DIRECTION('',(0.53895255434165,-0.842336123034392,0.));
#10643=DIRECTION('',(0.842336123034392,0.538952554341651,0.));
#10644=DIRECTION('',(-0.538952554341651,0.842336123034392,0.));
#10645=DIRECTION('',(0.,0.,1.));
#10646=DIRECTION('',(0.,0.,1.));
#10647=DIRECTION('',(0.842336123034397,-0.538952554341643,0.));
#10648=DIRECTION('',(0.538952554341643,0.842336123034397,0.));
#10649=DIRECTION('',(0.,0.,1.));
#10650=DIRECTION('',(-0.842336123034397,0.538952554341642,0.));
#10651=DIRECTION('',(-0.538952554341642,-0.842336123034397,0.));
#10652=DIRECTION('',(0.,0.,1.));
#10653=DIRECTION('',(-0.842336123034391,-0.538952554341652,0.));
#10654=DIRECTION('',(0.538952554341652,-0.842336123034391,0.));
#10655=DIRECTION('',(-0.842336123034395,-0.538952554341645,0.));
#10656=DIRECTION('',(0.538952554341645,-0.842336123034395,0.));
#10657=DIRECTION('',(0.,0.,1.));
#10658=DIRECTION('',(0.,0.,1.));
#10659=DIRECTION('',(-0.842336123034395,0.538952554341646,0.));
#10660=DIRECTION('',(-0.538952554341646,-0.842336123034395,0.));
#10661=DIRECTION('',(0.,0.,1.));
#10662=DIRECTION('',(0.842336123034393,-0.538952554341649,0.));
#10663=DIRECTION('',(0.538952554341649,0.842336123034393,0.));
#10664=DIRECTION('',(0.,0.,1.));
#10665=DIRECTION('',(0.842336123034396,0.538952554341644,0.));
#10666=DIRECTION('',(-0.538952554341644,0.842336123034396,0.));
#10667=DIRECTION('',(-0.842336123034397,-0.538952554341642,0.));
#10668=DIRECTION('',(0.538952554341643,-0.842336123034397,0.));
#10669=DIRECTION('',(0.,0.,1.));
#10670=DIRECTION('',(0.,0.,1.));
#10671=DIRECTION('',(-0.842336123034395,0.538952554341646,0.));
#10672=DIRECTION('',(-0.538952554341646,-0.842336123034395,0.));
#10673=DIRECTION('',(0.,0.,1.));
#10674=DIRECTION('',(0.842336123034393,-0.538952554341649,0.));
#10675=DIRECTION('',(0.538952554341649,0.842336123034393,0.));
#10676=DIRECTION('',(0.,0.,1.));
#10677=DIRECTION('',(0.842336123034397,0.538952554341643,0.));
#10678=DIRECTION('',(-0.538952554341643,0.842336123034397,0.));
#10679=DIRECTION('',(0.842336123034395,0.538952554341645,0.));
#10680=DIRECTION('',(-0.538952554341645,0.842336123034395,0.));
#10681=DIRECTION('',(0.,0.,1.));
#10682=DIRECTION('',(0.,0.,1.));
#10683=DIRECTION('',(0.842336123034399,-0.53895255434164,0.));
#10684=DIRECTION('',(0.53895255434164,0.842336123034399,0.));
#10685=DIRECTION('',(0.,0.,1.));
#10686=DIRECTION('',(-0.842336123034398,0.538952554341641,0.));
#10687=DIRECTION('',(-0.538952554341641,-0.842336123034398,0.));
#10688=DIRECTION('',(0.,0.,1.));
#10689=DIRECTION('',(-0.842336123034391,-0.538952554341652,0.));
#10690=DIRECTION('',(0.538952554341652,-0.842336123034391,0.));
#10691=DIRECTION('',(0.842336123034393,0.538952554341649,0.));
#10692=DIRECTION('',(-0.538952554341649,0.842336123034393,0.));
#10693=DIRECTION('',(0.,0.,1.));
#10694=DIRECTION('',(0.,0.,1.));
#10695=DIRECTION('',(0.842336123034397,-0.538952554341643,0.));
#10696=DIRECTION('',(0.538952554341643,0.842336123034397,0.));
#10697=DIRECTION('',(0.,0.,1.));
#10698=DIRECTION('',(-0.842336123034399,0.538952554341639,0.));
#10699=DIRECTION('',(-0.53895255434164,-0.842336123034399,0.));
#10700=DIRECTION('',(0.,0.,1.));
#10701=DIRECTION('',(-0.842336123034392,-0.53895255434165,0.));
#10702=DIRECTION('',(0.53895255434165,-0.842336123034392,0.));
#10703=DIRECTION('',(-0.842336123034395,-0.538952554341645,0.));
#10704=DIRECTION('',(0.538952554341645,-0.842336123034395,0.));
#10705=DIRECTION('',(0.,0.,1.));
#10706=DIRECTION('',(0.,0.,1.));
#10707=DIRECTION('',(-0.842336123034395,0.538952554341646,0.));
#10708=DIRECTION('',(-0.538952554341646,-0.842336123034395,0.));
#10709=DIRECTION('',(0.,0.,1.));
#10710=DIRECTION('',(0.842336123034394,-0.538952554341647,0.));
#10711=DIRECTION('',(0.538952554341647,0.842336123034394,0.));
#10712=DIRECTION('',(0.,0.,1.));
#10713=DIRECTION('',(0.842336123034396,0.538952554341644,0.));
#10714=DIRECTION('',(-0.538952554341644,0.842336123034396,0.));
#10715=DIRECTION('',(0.842336123034392,0.538952554341651,0.));
#10716=DIRECTION('',(-0.538952554341651,0.842336123034392,0.));
#10717=DIRECTION('',(0.,0.,1.));
#10718=DIRECTION('',(0.,0.,1.));
#10719=DIRECTION('',(0.842336123034399,-0.53895255434164,0.));
#10720=DIRECTION('',(0.53895255434164,0.842336123034399,0.));
#10721=DIRECTION('',(0.,0.,1.));
#10722=DIRECTION('',(-0.842336123034397,0.538952554341642,0.));
#10723=DIRECTION('',(-0.538952554341642,-0.842336123034397,0.));
#10724=DIRECTION('',(0.,0.,1.));
#10725=DIRECTION('',(-0.842336123034395,-0.538952554341646,0.));
#10726=DIRECTION('',(0.538952554341646,-0.842336123034395,0.));
#10727=DIRECTION('',(-0.842336123034395,-0.538952554341645,0.));
#10728=DIRECTION('',(0.538952554341645,-0.842336123034395,0.));
#10729=DIRECTION('',(0.,0.,1.));
#10730=DIRECTION('',(0.,0.,1.));
#10731=DIRECTION('',(-0.842336123034394,0.538952554341647,0.));
#10732=DIRECTION('',(-0.538952554341647,-0.842336123034394,0.));
#10733=DIRECTION('',(0.,0.,1.));
#10734=DIRECTION('',(0.842336123034393,-0.538952554341649,0.));
#10735=DIRECTION('',(0.538952554341649,0.842336123034393,0.));
#10736=DIRECTION('',(0.,0.,1.));
#10737=DIRECTION('',(0.842336123034396,0.538952554341644,0.));
#10738=DIRECTION('',(-0.538952554341644,0.842336123034396,0.));
#10739=DIRECTION('',(0.842336123034393,0.538952554341649,0.));
#10740=DIRECTION('',(-0.538952554341649,0.842336123034393,0.));
#10741=DIRECTION('',(0.,0.,1.));
#10742=DIRECTION('',(0.,0.,1.));
#10743=DIRECTION('',(0.8423361230344,-0.538952554341638,0.));
#10744=DIRECTION('',(0.538952554341639,0.8423361230344,0.));
#10745=DIRECTION('',(0.,0.,1.));
#10746=DIRECTION('',(-0.842336123034397,0.538952554341642,0.));
#10747=DIRECTION('',(-0.538952554341642,-0.842336123034397,0.));
#10748=DIRECTION('',(0.,0.,1.));
#10749=DIRECTION('',(-0.842336123034395,-0.538952554341646,0.));
#10750=DIRECTION('',(0.538952554341646,-0.842336123034395,0.));
#10751=DIRECTION('',(0.842336123034394,0.538952554341646,0.));
#10752=DIRECTION('',(-0.538952554341647,0.842336123034395,0.));
#10753=DIRECTION('',(0.,0.,1.));
#10754=DIRECTION('',(0.,0.,1.));
#10755=DIRECTION('',(0.842336123034399,-0.53895255434164,0.));
#10756=DIRECTION('',(0.53895255434164,0.842336123034399,0.));
#10757=DIRECTION('',(0.,0.,1.));
#10758=DIRECTION('',(-0.842336123034396,0.538952554341644,0.));
#10759=DIRECTION('',(-0.538952554341644,-0.842336123034396,0.));
#10760=DIRECTION('',(0.,0.,1.));
#10761=DIRECTION('',(-0.842336123034391,-0.538952554341652,0.));
#10762=DIRECTION('',(0.538952554341652,-0.842336123034391,0.));
#10763=DIRECTION('',(0.842336123034392,0.538952554341651,0.));
#10764=DIRECTION('',(-0.538952554341651,0.842336123034392,0.));
#10765=DIRECTION('',(0.,0.,1.));
#10766=DIRECTION('',(0.,0.,1.));
#10767=DIRECTION('',(0.842336123034399,-0.53895255434164,0.));
#10768=DIRECTION('',(0.53895255434164,0.842336123034399,0.));
#10769=DIRECTION('',(0.,0.,1.));
#10770=DIRECTION('',(-0.842336123034396,0.538952554341644,0.));
#10771=DIRECTION('',(-0.538952554341644,-0.842336123034396,0.));
#10772=DIRECTION('',(0.,0.,1.));
#10773=DIRECTION('',(-0.842336123034391,-0.538952554341652,0.));
#10774=DIRECTION('',(0.538952554341652,-0.842336123034391,0.));
#10775=DIRECTION('',(-0.842336123034397,-0.538952554341642,0.));
#10776=DIRECTION('',(0.538952554341643,-0.842336123034397,0.));
#10777=DIRECTION('',(0.,0.,1.));
#10778=DIRECTION('',(0.,0.,1.));
#10779=DIRECTION('',(-0.842336123034395,0.538952554341646,0.));
#10780=DIRECTION('',(-0.538952554341646,-0.842336123034395,0.));
#10781=DIRECTION('',(0.,0.,1.));
#10782=DIRECTION('',(0.842336123034394,-0.538952554341647,0.));
#10783=DIRECTION('',(0.538952554341647,0.842336123034394,0.));
#10784=DIRECTION('',(0.,0.,1.));
#10785=DIRECTION('',(0.842336123034397,0.538952554341643,0.));
#10786=DIRECTION('',(-0.538952554341643,0.842336123034397,0.));
#10787=DIRECTION('',(-0.842336123034395,-0.538952554341645,0.));
#10788=DIRECTION('',(0.538952554341645,-0.842336123034395,0.));
#10789=DIRECTION('',(0.,0.,1.));
#10790=DIRECTION('',(0.,0.,1.));
#10791=DIRECTION('',(-0.842336123034394,0.538952554341647,0.));
#10792=DIRECTION('',(-0.538952554341647,-0.842336123034394,0.));
#10793=DIRECTION('',(0.,0.,1.));
#10794=DIRECTION('',(0.842336123034394,-0.538952554341647,0.));
#10795=DIRECTION('',(0.538952554341647,0.842336123034394,0.));
#10796=DIRECTION('',(0.,0.,1.));
#10797=DIRECTION('',(0.842336123034394,0.538952554341647,0.));
#10798=DIRECTION('',(-0.538952554341647,0.842336123034395,0.));
#10799=DIRECTION('',(0.842336123034394,0.538952554341646,0.));
#10800=DIRECTION('',(-0.538952554341647,0.842336123034395,0.));
#10801=DIRECTION('',(0.,0.,1.));
#10802=DIRECTION('',(0.,0.,1.));
#10803=DIRECTION('',(0.842336123034399,-0.53895255434164,0.));
#10804=DIRECTION('',(0.53895255434164,0.842336123034399,0.));
#10805=DIRECTION('',(0.,0.,1.));
#10806=DIRECTION('',(-0.842336123034398,0.538952554341641,0.));
#10807=DIRECTION('',(-0.538952554341641,-0.842336123034398,0.));
#10808=DIRECTION('',(0.,0.,1.));
#10809=DIRECTION('',(-0.842336123034392,-0.53895255434165,0.));
#10810=DIRECTION('',(0.53895255434165,-0.842336123034392,0.));
#10811=DIRECTION('',(-0.842336123034398,-0.538952554341641,0.));
#10812=DIRECTION('',(0.538952554341641,-0.842336123034398,0.));
#10813=DIRECTION('',(0.,0.,1.));
#10814=DIRECTION('',(0.,0.,1.));
#10815=DIRECTION('',(-0.842336123034395,0.538952554341646,0.));
#10816=DIRECTION('',(-0.538952554341646,-0.842336123034395,0.));
#10817=DIRECTION('',(0.,0.,1.));
#10818=DIRECTION('',(0.842336123034394,-0.538952554341647,0.));
#10819=DIRECTION('',(0.538952554341647,0.842336123034394,0.));
#10820=DIRECTION('',(0.,0.,1.));
#10821=DIRECTION('',(0.842336123034397,0.538952554341643,0.));
#10822=DIRECTION('',(-0.538952554341643,0.842336123034397,0.));
#10823=DIRECTION('',(0.842336123034392,0.538952554341651,0.));
#10824=DIRECTION('',(-0.538952554341651,0.842336123034392,0.));
#10825=DIRECTION('',(0.,0.,1.));
#10826=DIRECTION('',(0.,0.,1.));
#10827=DIRECTION('',(0.842336123034399,-0.53895255434164,0.));
#10828=DIRECTION('',(0.53895255434164,0.842336123034399,0.));
#10829=DIRECTION('',(0.,0.,1.));
#10830=DIRECTION('',(-0.842336123034398,0.538952554341641,0.));
#10831=DIRECTION('',(-0.538952554341641,-0.842336123034398,0.));
#10832=DIRECTION('',(0.,0.,1.));
#10833=DIRECTION('',(-0.842336123034395,-0.538952554341646,0.));
#10834=DIRECTION('',(0.538952554341646,-0.842336123034395,0.));
#10835=DIRECTION('',(0.842336123034392,0.538952554341651,0.));
#10836=DIRECTION('',(-0.538952554341651,0.842336123034392,0.));
#10837=DIRECTION('',(0.,0.,1.));
#10838=DIRECTION('',(0.,0.,1.));
#10839=DIRECTION('',(0.842336123034396,-0.538952554341644,0.));
#10840=DIRECTION('',(0.538952554341644,0.842336123034396,0.));
#10841=DIRECTION('',(0.,0.,1.));
#10842=DIRECTION('',(-0.842336123034396,0.538952554341644,0.));
#10843=DIRECTION('',(-0.538952554341644,-0.842336123034396,0.));
#10844=DIRECTION('',(0.,0.,1.));
#10845=DIRECTION('',(-0.842336123034393,-0.538952554341649,0.));
#10846=DIRECTION('',(0.538952554341649,-0.842336123034393,0.));
#10847=DIRECTION('',(-0.842336123034394,-0.538952554341646,0.));
#10848=DIRECTION('',(0.538952554341647,-0.842336123034395,0.));
#10849=DIRECTION('',(0.,0.,1.));
#10850=DIRECTION('',(0.,0.,1.));
#10851=DIRECTION('',(-0.842336123034394,0.538952554341647,0.));
#10852=DIRECTION('',(-0.538952554341647,-0.842336123034394,0.));
#10853=DIRECTION('',(0.,0.,1.));
#10854=DIRECTION('',(0.842336123034396,-0.538952554341643,0.));
#10855=DIRECTION('',(0.538952554341643,0.842336123034397,0.));
#10856=DIRECTION('',(0.,0.,1.));
#10857=DIRECTION('',(0.842336123034395,0.538952554341645,0.));
#10858=DIRECTION('',(-0.538952554341645,0.842336123034395,0.));
#10859=DIRECTION('',(0.,0.,1.));
#10860=DIRECTION('',(1.,0.,0.));
#10861=DIRECTION('',(0.,0.,1.));
#10862=DIRECTION('',(0.,0.,1.));
#10863=DIRECTION('',(-0.842336123034395,-0.538952554341646,0.));
#10864=DIRECTION('',(0.538952554341646,-0.842336123034395,0.));
#10865=DIRECTION('',(0.,0.,1.));
#10866=DIRECTION('',(-0.842336123034394,0.538952554341647,0.));
#10867=DIRECTION('',(-0.538952554341647,-0.842336123034394,0.));
#10868=DIRECTION('',(0.,0.,1.));
#10869=DIRECTION('',(0.842336123034396,0.538952554341644,0.));
#10870=DIRECTION('',(-0.538952554341644,0.842336123034396,0.));
#10871=DIRECTION('',(0.,0.,1.));
#10872=DIRECTION('',(0.842336123034395,-0.538952554341646,0.));
#10873=DIRECTION('',(0.538952554341646,0.842336123034395,0.));
#10874=DIRECTION('',(-0.842336123034395,-0.538952554341645,0.));
#10875=DIRECTION('',(0.538952554341645,-0.842336123034395,0.));
#10876=DIRECTION('',(0.,0.,1.));
#10877=DIRECTION('',(0.,0.,1.));
#10878=DIRECTION('',(-0.842336123034395,0.538952554341646,0.));
#10879=DIRECTION('',(-0.538952554341646,-0.842336123034395,0.));
#10880=DIRECTION('',(0.,0.,1.));
#10881=DIRECTION('',(0.842336123034394,-0.538952554341647,0.));
#10882=DIRECTION('',(0.538952554341647,0.842336123034394,0.));
#10883=DIRECTION('',(0.,0.,1.));
#10884=DIRECTION('',(0.842336123034394,0.538952554341647,0.));
#10885=DIRECTION('',(-0.538952554341647,0.842336123034395,0.));
#10886=DIRECTION('',(-0.842336123034397,-0.538952554341642,0.));
#10887=DIRECTION('',(0.538952554341643,-0.842336123034397,0.));
#10888=DIRECTION('',(0.,0.,1.));
#10889=DIRECTION('',(0.,0.,1.));
#10890=DIRECTION('',(-0.842336123034395,0.538952554341646,0.));
#10891=DIRECTION('',(-0.538952554341646,-0.842336123034395,0.));
#10892=DIRECTION('',(0.,0.,1.));
#10893=DIRECTION('',(0.842336123034394,-0.538952554341647,0.));
#10894=DIRECTION('',(0.538952554341647,0.842336123034394,0.));
#10895=DIRECTION('',(0.,0.,1.));
#10896=DIRECTION('',(0.842336123034396,0.538952554341644,0.));
#10897=DIRECTION('',(-0.538952554341644,0.842336123034396,0.));
#10898=DIRECTION('',(0.842336123034393,0.538952554341649,0.));
#10899=DIRECTION('',(-0.538952554341649,0.842336123034393,0.));
#10900=DIRECTION('',(0.,0.,1.));
#10901=DIRECTION('',(0.,0.,1.));
#10902=DIRECTION('',(0.842336123034399,-0.53895255434164,0.));
#10903=DIRECTION('',(0.53895255434164,0.842336123034399,0.));
#10904=DIRECTION('',(0.,0.,1.));
#10905=DIRECTION('',(-0.842336123034396,0.538952554341645,0.));
#10906=DIRECTION('',(-0.538952554341645,-0.842336123034396,0.));
#10907=DIRECTION('',(0.,0.,1.));
#10908=DIRECTION('',(-0.842336123034394,-0.538952554341648,0.));
#10909=DIRECTION('',(0.538952554341648,-0.842336123034394,0.));
#10910=DIRECTION('',(-0.842336123034397,-0.538952554341642,0.));
#10911=DIRECTION('',(0.538952554341643,-0.842336123034397,0.));
#10912=DIRECTION('',(0.,0.,1.));
#10913=DIRECTION('',(0.,0.,1.));
#10914=DIRECTION('',(-0.842336123034394,0.538952554341647,0.));
#10915=DIRECTION('',(-0.538952554341647,-0.842336123034394,0.));
#10916=DIRECTION('',(0.,0.,1.));
#10917=DIRECTION('',(0.842336123034394,-0.538952554341647,0.));
#10918=DIRECTION('',(0.538952554341647,0.842336123034394,0.));
#10919=DIRECTION('',(0.,0.,1.));
#10920=DIRECTION('',(0.842336123034396,0.538952554341644,0.));
#10921=DIRECTION('',(-0.538952554341644,0.842336123034396,0.));
#10922=DIRECTION('',(0.842336123034392,0.538952554341651,0.));
#10923=DIRECTION('',(-0.538952554341651,0.842336123034392,0.));
#10924=DIRECTION('',(0.,0.,1.));
#10925=DIRECTION('',(0.,0.,1.));
#10926=DIRECTION('',(0.842336123034399,-0.53895255434164,0.));
#10927=DIRECTION('',(0.53895255434164,0.842336123034399,0.));
#10928=DIRECTION('',(0.,0.,1.));
#10929=DIRECTION('',(-0.842336123034399,0.538952554341639,0.));
#10930=DIRECTION('',(-0.53895255434164,-0.842336123034399,0.));
#10931=DIRECTION('',(0.,0.,1.));
#10932=DIRECTION('',(-0.842336123034393,-0.538952554341649,0.));
#10933=DIRECTION('',(0.538952554341649,-0.842336123034393,0.));
#10934=DIRECTION('',(0.,0.,1.));
#10935=DIRECTION('',(1.,0.,0.));
#10936=DIRECTION('',(0.,0.,1.));
#10937=DIRECTION('',(1.,0.,0.));
#10938=DIRECTION('',(0.,0.,1.));
#10939=DIRECTION('',(1.,0.,0.));
#10940=DIRECTION('',(0.,0.,1.));
#10941=DIRECTION('',(1.,0.,0.));
#10942=DIRECTION('',(0.,0.,1.));
#10943=DIRECTION('',(1.,0.,0.));
#10944=DIRECTION('',(0.,0.,1.));
#10945=DIRECTION('',(1.,0.,0.));
#10946=DIRECTION('',(0.,0.,1.));
#10947=DIRECTION('',(1.,0.,0.));
#10948=DIRECTION('',(0.,0.,1.));
#10949=DIRECTION('',(1.,0.,0.));
#10950=DIRECTION('',(0.,0.,1.));
#10951=DIRECTION('',(1.,0.,0.));
#10952=DIRECTION('',(0.,0.,1.));
#10953=DIRECTION('',(1.,0.,0.));
#10954=DIRECTION('',(0.,0.,1.));
#10955=DIRECTION('',(1.,0.,0.));
#10956=DIRECTION('',(0.,0.,1.));
#10957=DIRECTION('',(1.,0.,0.));
#10958=DIRECTION('',(0.,0.,1.));
#10959=DIRECTION('',(1.,0.,0.));
#10960=DIRECTION('',(0.,0.,1.));
#10961=DIRECTION('',(1.,0.,0.));
#10962=DIRECTION('',(0.,0.,1.));
#10963=DIRECTION('',(1.,0.,0.));
#10964=DIRECTION('',(0.,0.,1.));
#10965=DIRECTION('',(1.,0.,0.));
#10966=DIRECTION('',(0.,0.,1.));
#10967=DIRECTION('',(1.,0.,0.));
#10968=DIRECTION('',(0.,0.,1.));
#10969=DIRECTION('',(1.,0.,0.));
#10970=DIRECTION('',(0.,0.,1.));
#10971=DIRECTION('',(1.,0.,0.));
#10972=DIRECTION('',(0.,0.,1.));
#10973=DIRECTION('',(1.,0.,0.));
#10974=DIRECTION('',(0.,0.,1.));
#10975=DIRECTION('',(1.,0.,0.));
#10976=DIRECTION('',(0.,0.,1.));
#10977=DIRECTION('',(1.,0.,0.));
#10978=DIRECTION('',(0.,0.,1.));
#10979=DIRECTION('',(1.,0.,0.));
#10980=DIRECTION('',(0.,0.,1.));
#10981=DIRECTION('',(1.,0.,0.));
#10982=DIRECTION('',(0.,0.,1.));
#10983=DIRECTION('',(1.,0.,0.));
#10984=DIRECTION('',(0.,0.,1.));
#10985=DIRECTION('',(1.,0.,0.));
#10986=DIRECTION('',(0.,0.,1.));
#10987=DIRECTION('',(1.,0.,0.));
#10988=DIRECTION('',(0.,0.,1.));
#10989=DIRECTION('',(1.,0.,0.));
#10990=DIRECTION('',(0.,0.,1.));
#10991=DIRECTION('',(1.,0.,0.));
#10992=DIRECTION('',(0.,0.,1.));
#10993=DIRECTION('',(1.,0.,0.));
#10994=DIRECTION('',(2.04085114820801E-16,0.,-1.));
#10995=DIRECTION('',(-1.,0.,-2.04085114820801E-16));
#10996=DIRECTION('',(0.,-1.,0.));
#10997=DIRECTION('',(1.,0.,2.04085114820801E-16));
#10998=DIRECTION('',(0.,-1.,0.));
#10999=DIRECTION('',(-1.,0.,0.));
#11000=DIRECTION('',(0.,0.,1.));
#11001=DIRECTION('',(0.,0.,-1.));
#11002=DIRECTION('',(0.,-1.,0.));
#11003=DIRECTION('',(2.04085114820801E-16,0.,-1.));
#11004=DIRECTION('',(-1.,0.,-2.04085114820801E-16));
#11005=DIRECTION('',(1.,0.,2.04085114820801E-16));
#11006=DIRECTION('',(0.,-1.,0.));
#11007=DIRECTION('',(-1.,0.,0.));
#11008=DIRECTION('',(0.,0.,1.));
#11009=DIRECTION('',(0.,0.,-1.));
#11010=DIRECTION('',(-1.,0.,0.));
#11011=DIRECTION('',(0.,0.,1.));
#11012=DIRECTION('',(-0.707106781186548,-0.707106781186548,0.));
#11013=DIRECTION('',(0.707106781186548,-0.707106781186548,0.));
#11014=DIRECTION('',(-0.707106781186548,0.707106781186548,0.));
#11015=DIRECTION('',(0.707106781186548,0.707106781186548,0.));
#11016=DIRECTION('',(1.,0.,0.));
#11017=DIRECTION('',(0.,0.,-1.));
#11018=DIRECTION('',(0.707106781186548,-0.707106781186548,0.));
#11019=DIRECTION('',(-0.707106781186548,-0.707106781186548,0.));
#11020=DIRECTION('',(0.707106781186548,0.707106781186548,0.));
#11021=DIRECTION('',(-0.707106781186548,0.707106781186548,0.));
#11022=DIRECTION('',(0.,1.,0.));
#11023=DIRECTION('',(0.,0.,1.));
#11024=DIRECTION('',(-1.,0.,0.));
#11025=DIRECTION('',(0.,0.,1.));
#11026=DIRECTION('',(-0.707106781186548,0.707106781186548,0.));
#11027=DIRECTION('',(0.707106781186548,0.707106781186548,0.));
#11028=DIRECTION('',(-0.707106781186548,-0.707106781186548,0.));
#11029=DIRECTION('',(0.707106781186548,-0.707106781186548,0.));
#11030=DIRECTION('',(0.,-1.,0.));
#11031=DIRECTION('',(0.,0.,-1.));
#11032=DIRECTION('',(0.707106781186548,-0.707106781186548,0.));
#11033=DIRECTION('',(0.707106781186548,0.707106781186548,0.));
#11034=DIRECTION('',(1.,0.,0.));
#11035=DIRECTION('',(0.,0.,-1.));
#11036=DIRECTION('',(0.707106781186548,0.707106781186548,0.));
#11037=DIRECTION('',(-0.707106781186548,0.707106781186548,0.));
#11038=DIRECTION('',(-1.,0.,0.));
#11039=DIRECTION('',(0.,0.,1.));
#11040=DIRECTION('',(-0.707106781186548,-0.707106781186548,0.));
#11041=DIRECTION('',(0.707106781186548,-0.707106781186548,0.));
#11042=DIRECTION('',(-0.707106781186548,0.707106781186548,0.));
#11043=DIRECTION('',(0.707106781186548,0.707106781186548,0.));
#11044=DIRECTION('',(0.,0.,-1.));
#11045=DIRECTION('',(-1.,0.,0.));
#11046=DIRECTION('',(0.707106781186548,0.,-0.707106781186548));
#11047=DIRECTION('',(-0.707106781186548,0.,-0.707106781186548));
#11048=DIRECTION('',(-0.707106781186548,0.,-0.707106781186548));
#11049=DIRECTION('',(-0.707106781186548,0.,0.707106781186548));
#11050=DIRECTION('',(-1.,0.,-2.04085114820801E-16));
#11051=DIRECTION('',(-2.04085114820801E-16,0.,1.));
#11052=DIRECTION('',(-0.707106781186548,0.,0.707106781186548));
#11053=DIRECTION('',(0.707106781186548,0.,0.707106781186548));
#11054=DIRECTION('',(1.,0.,2.04085114820801E-16));
#11055=DIRECTION('',(2.04085114820801E-16,0.,-1.));
#11056=DIRECTION('',(0.707106781186548,0.,0.707106781186548));
#11057=DIRECTION('',(-0.707106781186548,0.,0.707106781186548));
#11058=DIRECTION('',(0.,0.,1.));
#11059=DIRECTION('',(1.,0.,0.));
#11060=DIRECTION('',(0.,0.,-1.));
#11061=DIRECTION('',(-1.,0.,0.));
#11062=DIRECTION('',(0.,0.,1.));
#11063=DIRECTION('',(1.,0.,0.));
#11064=DIRECTION('',(0.,1.,0.));
#11065=DIRECTION('',(0.,0.,1.));
#11066=DIRECTION('',(0.,1.,0.));
#11067=DIRECTION('',(0.,0.,1.));
#11068=DIRECTION('',(1.,0.,0.));
#11069=DIRECTION('',(0.,0.,-1.));
#11070=DIRECTION('',(0.,0.,1.));
#11071=DIRECTION('',(1.,0.,0.));
#11072=DIRECTION('',(0.,0.,1.));
#11073=DIRECTION('',(1.,0.,0.));
#11074=DIRECTION('',(1.,0.,0.));
#11075=DIRECTION('',(0.,0.,-1.));
#11076=DIRECTION('',(-1.,0.,0.));
#11077=DIRECTION('',(0.,0.,1.));
#11078=DIRECTION('',(0.,-1.,0.));
#11079=DIRECTION('',(0.,0.,-1.));
#11080=DIRECTION('',(0.,-1.,6.93889390390722E-15));
#11081=DIRECTION('',(0.,-6.93889390390722E-15,-1.));
#11082=DIRECTION('',(0.,0.,1.));
#11083=DIRECTION('',(1.,0.,0.));
#11084=DIRECTION('',(0.,0.,1.));
#11085=DIRECTION('',(1.,0.,0.));
#11086=DIRECTION('',(0.,1.,0.));
#11087=DIRECTION('',(0.,0.,1.));
#11088=DIRECTION('',(0.,1.,0.));
#11089=DIRECTION('',(0.,0.,1.));
#11090=DIRECTION('',(1.,0.,0.));
#11091=DIRECTION('',(0.,0.,-1.));
#11092=DIRECTION('',(1.,0.,0.));
#11093=DIRECTION('',(0.,0.,-1.));
#11094=DIRECTION('',(0.,1.,0.));
#11095=DIRECTION('',(0.,0.,1.));
#11096=DIRECTION('',(6.93889390390722E-15,-1.,0.));
#11097=DIRECTION('',(1.,6.93889390390722E-15,0.));
#11098=DIRECTION('',(-1.,0.,0.));
#11099=DIRECTION('',(0.,0.,1.));
#11100=DIRECTION('',(-1.,0.,0.));
#11101=DIRECTION('',(0.,0.,1.));
#11102=DIRECTION('',(0.,6.93889390390722E-15,1.));
#11103=DIRECTION('',(0.,-1.,6.93889390390722E-15));
#11104=DIRECTION('',(0.,0.,1.));
#11105=DIRECTION('',(1.,0.,0.));
#11106=DIRECTION('',(0.,0.,-1.));
#11107=DIRECTION('',(-1.,0.,0.));
#11108=DIRECTION('',(1.,0.,0.));
#11109=DIRECTION('',(0.,0.,-1.));
#11110=DIRECTION('',(0.,-1.,0.));
#11111=DIRECTION('',(-1.,0.,0.));
#11112=DIRECTION('',(0.,0.,1.));
#11113=DIRECTION('',(0.,1.,0.));
#11114=DIRECTION('',(-1.,0.,0.));
#11115=DIRECTION('',(0.,0.,1.));
#11116=DIRECTION('',(0.,1.,0.));
#11117=DIRECTION('',(1.,0.,0.));
#11118=DIRECTION('',(0.,0.,-1.));
#11119=DIRECTION('',(0.,-1.,0.));
#11120=DIRECTION('',(0.,-1.,0.));
#11121=DIRECTION('',(0.,0.,-1.));
#11122=DIRECTION('',(0.707106781186548,-0.707106781186548,0.));
#11123=DIRECTION('',(0.707106781186548,0.707106781186548,0.));
#11124=DIRECTION('',(-0.707106781186548,-0.707106781186548,0.));
#11125=DIRECTION('',(-0.707106781186548,0.707106781186548,0.));
#11126=DIRECTION('',(-1.,0.,0.));
#11127=DIRECTION('',(0.,0.,1.));
#11128=DIRECTION('',(-0.707106781186548,0.707106781186548,0.));
#11129=DIRECTION('',(0.707106781186548,0.707106781186548,0.));
#11130=DIRECTION('',(1.,0.,0.));
#11131=DIRECTION('',(0.,0.,-1.));
#11132=DIRECTION('',(0.707106781186548,0.707106781186548,0.));
#11133=DIRECTION('',(-0.707106781186548,0.707106781186548,0.));
#11134=DIRECTION('',(0.,1.,0.));
#11135=DIRECTION('',(0.,0.,1.));
#11136=DIRECTION('',(0.,-1.,0.));
#11137=DIRECTION('',(0.,0.,-1.));
#11138=DIRECTION('',(0.,-1.,0.));
#11139=DIRECTION('',(0.,0.,-1.));
#11140=DIRECTION('',(0.707106781186548,-0.707106781186548,0.));
#11141=DIRECTION('',(0.707106781186548,0.707106781186548,0.));
#11142=DIRECTION('',(1.,0.,0.));
#11143=DIRECTION('',(0.,0.,-1.));
#11144=DIRECTION('',(0.707106781186548,0.707106781186548,0.));
#11145=DIRECTION('',(-0.707106781186548,0.707106781186548,0.));
#11146=DIRECTION('',(0.,1.,0.));
#11147=DIRECTION('',(0.,0.,1.));
#11148=DIRECTION('',(0.,1.,0.));
#11149=DIRECTION('',(0.,0.,1.));
#11150=DIRECTION('',(0.,0.,-1.));
#11151=DIRECTION('',(-1.,0.,0.));
#11152=DIRECTION('',(0.,1.,0.));
#11153=DIRECTION('',(0.,0.,1.));
#11154=DIRECTION('',(-1.,0.,0.));
#11155=DIRECTION('',(0.,0.,1.));
#11156=DIRECTION('',(-1.,0.,0.));
#11157=DIRECTION('',(0.,0.,1.));
#11158=DIRECTION('',(1.,0.,0.));
#11159=DIRECTION('',(0.,0.,-1.));
#11160=DIRECTION('',(0.,1.,0.));
#11161=DIRECTION('',(0.,0.,1.));
#11162=DIRECTION('',(0.,1.,0.));
#11163=DIRECTION('',(0.,0.,1.));
#11164=DIRECTION('',(0.,0.,1.));
#11165=DIRECTION('',(0.,0.,1.));
#11166=DIRECTION('',(0.,0.,1.));
#11167=DIRECTION('',(0.,0.,1.));
#11168=DIRECTION('',(-1.,0.,0.));
#11169=DIRECTION('',(0.,0.,1.));
#11170=DIRECTION('',(0.,-1.,0.));
#11171=DIRECTION('',(0.,0.,1.));
#11172=DIRECTION('',(0.,-1.,0.));
#11173=DIRECTION('',(0.,1.,0.));
#11174=DIRECTION('',(0.,0.,1.));
#11175=DIRECTION('',(-1.,0.,0.));
#11176=DIRECTION('',(0.,0.,1.));
#11177=DIRECTION('',(-1.,0.,0.));
#11178=DIRECTION('',(0.,0.,1.));
#11179=DIRECTION('',(1.,0.,0.));
#11180=DIRECTION('',(0.,0.,-1.));
#11181=DIRECTION('',(0.,1.,0.));
#11182=DIRECTION('',(0.,0.,1.));
#11183=DIRECTION('',(0.,1.,0.));
#11184=DIRECTION('',(0.,0.,1.));
#11185=DIRECTION('',(1.,0.,0.));
#11186=DIRECTION('',(0.,0.,-1.));
#11187=DIRECTION('',(0.,-1.,0.));
#11188=DIRECTION('',(0.,0.,-1.));
#11189=DIRECTION('',(-1.,0.,0.));
#11190=DIRECTION('',(0.,0.,1.));
#11191=DIRECTION('',(1.,0.,0.));
#11192=DIRECTION('',(0.,0.,1.));
#11193=DIRECTION('',(-1.,0.,0.));
#11194=DIRECTION('',(0.,0.,1.));
#11195=DIRECTION('',(0.,0.,1.));
#11196=DIRECTION('',(0.,-1.,0.));
#11197=DIRECTION('',(0.,0.,1.));
#11198=DIRECTION('',(0.,-1.,0.));
#11199=DIRECTION('',(-1.,0.,0.));
#11200=DIRECTION('',(0.,0.,1.));
#11201=DIRECTION('',(0.,0.,1.));
#11202=DIRECTION('',(0.99813155363054,-0.0611015682866217,0.));
#11203=DIRECTION('',(0.,0.,1.));
#11204=DIRECTION('',(0.,0.,1.));
#11205=DIRECTION('',(1.,0.,0.));
#11206=DIRECTION('',(0.,-1.,0.));
#11207=DIRECTION('',(0.,0.,-1.));
#11208=DIRECTION('',(1.,0.,0.));
#11209=DIRECTION('',(0.,0.,1.));
#11210=DIRECTION('',(1.,0.,0.));
#11211=DIRECTION('',(0.,0.,1.));
#11212=DIRECTION('',(-0.668904057484578,0.743348748489341,0.));
#11213=DIRECTION('',(0.,0.,1.));
#11214=DIRECTION('',(0.,0.,1.));
#11215=DIRECTION('',(1.,0.,0.));
#11216=DIRECTION('',(0.,0.,1.));
#11217=DIRECTION('',(0.,0.,1.));
#11218=DIRECTION('',(0.,0.,1.));
#11219=DIRECTION('',(-1.,0.,0.));
#11220=DIRECTION('',(0.,0.,1.));
#11221=DIRECTION('',(0.,-1.,0.));
#11222=DIRECTION('',(0.,0.,1.));
#11223=DIRECTION('',(0.,-1.,0.));
#11224=DIRECTION('',(0.,0.,1.));
#11225=DIRECTION('',(1.,0.,0.));
#11226=DIRECTION('',(0.,-1.,0.));
#11227=DIRECTION('',(-1.,0.,0.));
#11228=DIRECTION('',(0.,0.,1.));
#11229=DIRECTION('',(1.,0.,0.));
#11230=DIRECTION('',(0.,0.,1.));
#11231=DIRECTION('',(1.,0.,0.));
#11232=DIRECTION('',(0.,0.,1.));
#11233=DIRECTION('',(1.,0.,0.));
#11234=DIRECTION('',(0.,0.,1.));
#11235=DIRECTION('',(1.,0.,0.));
#11236=DIRECTION('',(-1.,0.,0.));
#11237=DIRECTION('',(0.,-1.,0.));
#11238=DIRECTION('',(-1.,0.,0.));
#11239=DIRECTION('',(0.,0.,1.));
#11240=DIRECTION('',(1.,0.,0.));
#11241=DIRECTION('',(0.,1.,0.));
#11242=DIRECTION('',(-1.,0.,0.));
#11243=DIRECTION('',(0.,-1.,0.));
#11244=DIRECTION('',(0.,1.,0.));
#11245=DIRECTION('',(0.,0.,1.));
#11246=DIRECTION('',(-6.93889390390722E-15,-1.,0.));
#11247=DIRECTION('',(1.,-6.93889390390722E-15,0.));
#11248=DIRECTION('',(-1.,0.,0.));
#11249=DIRECTION('',(0.,0.,1.));
#11250=DIRECTION('',(-1.,0.,0.));
#11251=DIRECTION('',(0.,0.,1.));
#11252=DIRECTION('',(1.,0.,0.));
#11253=DIRECTION('',(0.,0.,-1.));
#11254=DIRECTION('',(0.,1.,0.));
#11255=DIRECTION('',(0.,0.,1.));
#11256=DIRECTION('',(0.,1.,0.));
#11257=DIRECTION('',(0.,0.,1.));
#11258=DIRECTION('',(0.,1.,0.));
#11259=DIRECTION('',(0.,0.,1.));
#11260=DIRECTION('',(0.,-1.,-6.93889390390722E-15));
#11261=DIRECTION('',(0.,6.93889390390722E-15,-1.));
#11262=DIRECTION('',(1.,0.,0.));
#11263=DIRECTION('',(0.,0.,-1.));
#11264=DIRECTION('',(-1.,0.,0.));
#11265=DIRECTION('',(0.,0.,1.));
#11266=DIRECTION('',(0.,-1.,0.));
#11267=DIRECTION('',(0.,0.,-1.));
#11268=DIRECTION('',(0.,1.,0.));
#11269=DIRECTION('',(0.,0.,1.));
#11270=DIRECTION('',(1.,0.,0.));
#11271=DIRECTION('',(0.,0.,-1.));
#11272=DIRECTION('',(1.,0.,0.));
#11273=DIRECTION('',(0.,0.,-1.));
#11274=DIRECTION('',(0.,0.,-1.));
#11275=DIRECTION('',(-1.,0.,0.));
#11276=DIRECTION('',(0.,0.,1.));
#11277=DIRECTION('',(1.,0.,0.));
#11278=DIRECTION('',(0.,0.,1.));
#11279=DIRECTION('',(1.,0.,0.));
#11280=DIRECTION('',(0.,0.,1.));
#11281=DIRECTION('',(1.,0.,0.));
#11282=DIRECTION('',(0.,0.,1.));
#11283=DIRECTION('',(1.,0.,0.));
#11284=DIRECTION('',(0.,-1.,0.));
#11285=DIRECTION('',(0.,0.,-1.));
#11286=DIRECTION('',(0.,1.,0.));
#11287=DIRECTION('',(0.,0.,1.));
#11288=DIRECTION('',(0.,-1.,0.));
#11289=DIRECTION('',(0.,0.,-1.));
#11290=DIRECTION('',(-1.,0.,0.));
#11291=DIRECTION('',(0.,0.,1.));
#11292=DIRECTION('',(-1.,0.,0.));
#11293=DIRECTION('',(0.,0.,1.));
#11294=DIRECTION('',(-1.,0.,0.));
#11295=DIRECTION('',(0.,0.,1.));
#11296=DIRECTION('',(-1.,0.,0.));
#11297=DIRECTION('',(0.,0.,1.));
#11298=DIRECTION('',(-1.,0.,0.));
#11299=DIRECTION('',(0.,0.,1.));
#11300=DIRECTION('',(1.,0.,0.));
#11301=DIRECTION('',(0.,0.,-1.));
#11302=DIRECTION('',(0.,0.,1.));
#11303=DIRECTION('',(1.,0.,0.));
#11304=DIRECTION('',(0.,0.,1.));
#11305=DIRECTION('',(1.,0.,0.));
#11306=DIRECTION('',(0.,0.,1.));
#11307=DIRECTION('',(1.,0.,0.));
#11308=DIRECTION('',(0.,0.,1.));
#11309=DIRECTION('',(1.,0.,0.));
#11310=DIRECTION('',(1.,0.,0.));
#11311=DIRECTION('',(0.,0.,-1.));
#11312=DIRECTION('',(1.,0.,0.));
#11313=DIRECTION('',(0.,0.,-1.));
#11314=DIRECTION('',(0.,1.,0.));
#11315=DIRECTION('',(0.,0.,1.));
#11316=DIRECTION('',(0.,1.,0.));
#11317=DIRECTION('',(0.,0.,1.));
#11318=DIRECTION('',(0.,-1.,0.));
#11319=DIRECTION('',(0.,0.,-1.));
#11320=DIRECTION('',(0.,-1.,0.));
#11321=DIRECTION('',(0.,0.,-1.));
#11322=DIRECTION('',(0.,1.,0.));
#11323=DIRECTION('',(0.,0.,1.));
#11324=DIRECTION('',(0.,-1.,0.));
#11325=DIRECTION('',(0.,0.,-1.));
#11326=DIRECTION('',(0.,1.,0.));
#11327=DIRECTION('',(0.,0.,1.));
#11328=DIRECTION('',(0.,1.,0.));
#11329=DIRECTION('',(0.,0.,1.));
#11330=DIRECTION('',(-0.645534575362751,-0.763731046908028,0.));
#11331=DIRECTION('',(0.763731046908028,-0.645534575362751,0.));
#11332=DIRECTION('',(1.,0.,0.));
#11333=DIRECTION('',(0.,0.,-1.));
#11334=DIRECTION('',(-1.,0.,0.));
#11335=DIRECTION('',(0.,0.,1.));
#11336=DIRECTION('',(0.678058322502586,-0.735008102870287,0.));
#11337=DIRECTION('',(0.735008102870287,0.678058322502586,0.));
#11338=DIRECTION('',(0.893794641838764,0.448476463396146,0.));
#11339=DIRECTION('',(-0.448476463396147,0.893794641838764,0.));
#11340=DIRECTION('',(0.,-1.,0.));
#11341=DIRECTION('',(0.,0.,-1.));
#11342=DIRECTION('',(1.,0.,0.));
#11343=DIRECTION('',(0.,0.,-1.));
#11344=DIRECTION('',(0.,0.,1.));
#11345=DIRECTION('',(1.,0.,0.));
#11346=DIRECTION('',(0.,0.,1.));
#11347=DIRECTION('',(1.,0.,0.));
#11348=DIRECTION('',(0.,-1.,0.));
#11349=DIRECTION('',(0.,0.,-1.));
#11350=DIRECTION('',(0.,-1.,0.));
#11351=DIRECTION('',(0.,0.,-1.));
#11352=DIRECTION('',(0.72531604981293,-0.688416028200801,0.));
#11353=DIRECTION('',(0.688416028200801,0.72531604981293,0.));
#11354=DIRECTION('',(-1.,0.,0.));
#11355=DIRECTION('',(0.,0.,1.));
#11356=DIRECTION('',(-1.,0.,0.));
#11357=DIRECTION('',(0.,0.,1.));
#11358=DIRECTION('',(0.,-1.,-3.46944695195361E-14));
#11359=DIRECTION('',(0.,3.46944695195361E-14,-1.));
#11360=DIRECTION('',(1.,0.,0.));
#11361=DIRECTION('',(0.,0.,-1.));
#11362=DIRECTION('',(1.,0.,0.));
#11363=DIRECTION('',(0.,0.,-1.));
#11364=DIRECTION('',(0.,1.,0.));
#11365=DIRECTION('',(0.,0.,1.));
#11366=DIRECTION('',(0.,-1.,0.));
#11367=DIRECTION('',(0.,0.,-1.));
#11368=DIRECTION('',(0.,0.,1.));
#11369=DIRECTION('',(1.,0.,0.));
#11370=DIRECTION('',(0.,0.,1.));
#11371=DIRECTION('',(1.,0.,0.));
#11372=DIRECTION('',(0.,0.,1.));
#11373=DIRECTION('',(1.,0.,0.));
#11374=DIRECTION('',(0.,0.,1.));
#11375=DIRECTION('',(1.,0.,0.));
#11376=CARTESIAN_POINT('',(0.,0.,0.));
#11377=CARTESIAN_POINT('',(-0.0568005536111897,-0.0098402383327484,0.009));
#11378=CARTESIAN_POINT('',(-0.0706018161543059,-0.0472055069066145,0.009));
#11379=CARTESIAN_POINT('',(-0.0706018161543059,-0.0468429588891614,0.009));
#11380=CARTESIAN_POINT('',(-0.0705632395180004,-0.0464666559505541,0.009));
#11381=CARTESIAN_POINT('',(-0.0703726593494399,-0.04616005628685,0.009));
#11382=CARTESIAN_POINT('',(-0.0706018161543059,-0.0472055069066145,0.009));
#11383=CARTESIAN_POINT('',(-0.0703726593494399,-0.0461600562868499,0.009));
#11384=CARTESIAN_POINT('',(-0.0704286809217728,-0.04616005628685,0.009));
#11385=CARTESIAN_POINT('',(-0.0706592828592547,-0.04616005628685,0.009));
#11386=CARTESIAN_POINT('',(-0.0706592828592547,-0.04616005628685,0.009));
#11387=CARTESIAN_POINT('',(-0.0706273757852646,-0.0459367067689197,0.009));
#11388=CARTESIAN_POINT('',(-0.0706018161543059,-0.0457120612493163,0.009));
#11389=CARTESIAN_POINT('',(-0.0706018161543059,-0.0454861617887342,0.009));
#11390=CARTESIAN_POINT('',(-0.0706018161543059,-0.0454861617887342,0.009));
#11391=CARTESIAN_POINT('',(-0.0706018161543059,-0.0439043642802843,0.009));
#11392=CARTESIAN_POINT('',(-0.0706018161543059,-0.0441043642802843,0.009));
#11393=CARTESIAN_POINT('',(-0.0709595287269184,-0.0441043642802843,0.009));
#11394=CARTESIAN_POINT('',(-0.0707595287269184,-0.0441043642802843,0.009));
#11395=CARTESIAN_POINT('',(-0.0707595287269184,-0.0491300988479418,0.009));
#11396=CARTESIAN_POINT('',(-0.0707595287269184,-0.0489300988479418,0.009));
#11397=CARTESIAN_POINT('',(-0.070401816154306,-0.0489300988479418,0.009));
#11398=CARTESIAN_POINT('',(-0.0706018161543059,-0.0489300988479418,0.009));
#11399=CARTESIAN_POINT('',(-0.0706018161543059,-0.0472055069066145,0.009));
#11400=CARTESIAN_POINT('',(-0.0568005536111897,-0.0098402383327484,0.009));
#11401=CARTESIAN_POINT('',(-0.0523357834930955,0.0251647935243889,0.009));
#11402=CARTESIAN_POINT('',(-0.0526602843916664,0.0246576267494635,0.009));
#11403=CARTESIAN_POINT('',(-0.0520112825945246,0.0256719602993145,0.009));
#11404=CARTESIAN_POINT('',(-0.0516867816959535,0.0251647935243892,0.009));
#11405=CARTESIAN_POINT('',(-0.0513622807973826,0.0246576267494635,0.009));
#11406=CARTESIAN_POINT('',(-0.0516867816959536,0.0241504599745375,0.009));
#11407=CARTESIAN_POINT('',(-0.0520112825945244,0.023643293199612,0.009));
#11408=CARTESIAN_POINT('',(-0.0523357834930954,0.0241504599745378,0.009));
#11409=CARTESIAN_POINT('',(-0.0524279499285118,0.0228506350094346,0.009));
#11410=CARTESIAN_POINT('',(-0.0521034490299408,0.0233578017843601,0.009));
#11411=CARTESIAN_POINT('',(-0.0527524508270826,0.0223434682345094,0.009));
#11412=CARTESIAN_POINT('',(-0.0530769517256534,0.0228506350094348,0.009));
#11413=CARTESIAN_POINT('',(-0.0534014526242242,0.0233578017843603,0.009));
#11414=CARTESIAN_POINT('',(-0.0530769517256534,0.0238649685592856,0.009));
#11415=CARTESIAN_POINT('',(-0.0527524508270826,0.0243721353342113,0.009));
#11416=CARTESIAN_POINT('',(-0.0524279499285118,0.0238649685592859,0.009));
#11417=CARTESIAN_POINT('',(-0.0556302215489582,0.0227073298968835,0.009));
#11418=CARTESIAN_POINT('',(-0.055954722447529,0.022200163121958,0.009));
#11419=CARTESIAN_POINT('',(-0.0553057206503872,0.0232144966718092,0.009));
#11420=CARTESIAN_POINT('',(-0.0549812197518162,0.0227073298968837,0.009));
#11421=CARTESIAN_POINT('',(-0.0546567188532453,0.022200163121958,0.009));
#11422=CARTESIAN_POINT('',(-0.0549812197518163,0.0216929963470321,0.009));
#11423=CARTESIAN_POINT('',(-0.0553057206503871,0.0211858295721066,0.009));
#11424=CARTESIAN_POINT('',(-0.0556302215489581,0.0216929963470323,0.009));
#11425=CARTESIAN_POINT('',(-0.0557223879843745,0.0203931713819292,0.009));
#11426=CARTESIAN_POINT('',(-0.0553978870858035,0.0209003381568547,0.009));
#11427=CARTESIAN_POINT('',(-0.0560468888829453,0.0198860046070039,0.009));
#11428=CARTESIAN_POINT('',(-0.0563713897815161,0.0203931713819294,0.009));
#11429=CARTESIAN_POINT('',(-0.0566958906800869,0.0209003381568549,0.009));
#11430=CARTESIAN_POINT('',(-0.0563713897815161,0.0214075049317803,0.009));
#11431=CARTESIAN_POINT('',(-0.0560468888829453,0.0219146717067059,0.009));
#11432=CARTESIAN_POINT('',(-0.0557223879843745,0.0214075049317805,0.009));
#11433=CARTESIAN_POINT('',(-0.0573702203804542,0.0203794394133533,0.009));
#11434=CARTESIAN_POINT('',(-0.0570457194818833,0.0208866061882788,0.009));
#11435=CARTESIAN_POINT('',(-0.057694721279025,0.0198722726384279,0.009));
#11436=CARTESIAN_POINT('',(-0.0580192221775959,0.0203794394133534,0.009));
#11437=CARTESIAN_POINT('',(-0.0583437230761667,0.0208866061882789,0.009));
#11438=CARTESIAN_POINT('',(-0.0580192221775959,0.0213937729632043,0.009));
#11439=CARTESIAN_POINT('',(-0.0576947212790251,0.02190093973813,0.009));
#11440=CARTESIAN_POINT('',(-0.0573702203804543,0.0213937729632045,0.009));
#11441=CARTESIAN_POINT('',(-0.0530781784619503,0.0252806346997883,0.009));
#11442=CARTESIAN_POINT('',(-0.0527536775633794,0.0247734679248628,0.009));
#11443=CARTESIAN_POINT('',(-0.0534026793605211,0.0257878014747138,0.009));
#11444=CARTESIAN_POINT('',(-0.0530806937389617,0.0262910370897084,0.009));
#11445=CARTESIAN_POINT('',(-0.0527587081174023,0.0267942727047033,0.009));
#11446=CARTESIAN_POINT('',(-0.0566720249619573,0.0216042870346,0.009));
#11447=CARTESIAN_POINT('',(-0.0527391972727025,0.0267795035854688,0.009));
#11448=CARTESIAN_POINT('',(-0.0524219365194702,0.0262836525300914,0.009));
#11449=CARTESIAN_POINT('',(-0.0521046757662379,0.0257878014747136,0.009));
#11450=CARTESIAN_POINT('',(-0.0524291766648087,0.0252806346997881,0.009));
#11451=CARTESIAN_POINT('',(-0.0540757823245916,0.0228369030408586,0.009));
#11452=CARTESIAN_POINT('',(-0.0537512814260206,0.0233440698157841,0.009));
#11453=CARTESIAN_POINT('',(-0.0544002832231623,0.0223297362659333,0.009));
#11454=CARTESIAN_POINT('',(-0.0547247841217332,0.0228369030408588,0.009));
#11455=CARTESIAN_POINT('',(-0.055049285020304,0.0233440698157844,0.009));
#11456=CARTESIAN_POINT('',(-0.0547247841217332,0.0238512365907097,0.009));
#11457=CARTESIAN_POINT('',(-0.0544002832231624,0.0243584033656354,0.009));
#11458=CARTESIAN_POINT('',(-0.0540757823245916,0.0238512365907099,0.009));
#11459=CARTESIAN_POINT('',(-0.0539836158891753,0.025151061555813,0.009));
#11460=CARTESIAN_POINT('',(-0.0543081167877461,0.0246438947808875,0.009));
#11461=CARTESIAN_POINT('',(-0.0536591149906043,0.0256582283307386,0.009));
#11462=CARTESIAN_POINT('',(-0.0533346140920333,0.0251510615558132,0.009));
#11463=CARTESIAN_POINT('',(-0.0530101131934624,0.0246438947808875,0.009));
#11464=CARTESIAN_POINT('',(-0.0533346140920334,0.0241367280059616,0.009));
#11465=CARTESIAN_POINT('',(-0.0536591149906042,0.023629561231036,0.009));
#11466=CARTESIAN_POINT('',(-0.0539836158891752,0.0241367280059617,0.009));
#11467=CARTESIAN_POINT('',(-0.0523345567567986,0.0227347938340354,0.009));
#11468=CARTESIAN_POINT('',(-0.0526590576553695,0.0222276270591099,0.009));
#11469=CARTESIAN_POINT('',(-0.0520100558582277,0.0232419606089611,0.009));
#11470=CARTESIAN_POINT('',(-0.0516855549596567,0.0227347938340357,0.009));
#11471=CARTESIAN_POINT('',(-0.0513610540610857,0.02222762705911,0.009));
#11472=CARTESIAN_POINT('',(-0.0516855549596567,0.021720460284184,0.009));
#11473=CARTESIAN_POINT('',(-0.0520100558582276,0.0212132935092585,0.009));
#11474=CARTESIAN_POINT('',(-0.0523345567567985,0.0217204602841842,0.009));
#11475=CARTESIAN_POINT('',(-0.050780117532432,0.0228643669780105,0.009));
#11476=CARTESIAN_POINT('',(-0.050455616633861,0.023371533752936,0.009));
#11477=CARTESIAN_POINT('',(-0.0511046184310028,0.0223572002030853,0.009));
#11478=CARTESIAN_POINT('',(-0.0514291193295736,0.0228643669780108,0.009));
#11479=CARTESIAN_POINT('',(-0.0517536202281444,0.0233715337529363,0.009));
#11480=CARTESIAN_POINT('',(-0.0514291193295736,0.0238787005278615,0.009));
#11481=CARTESIAN_POINT('',(-0.0511046184310028,0.0243858673027873,0.009));
#11482=CARTESIAN_POINT('',(-0.050780117532432,0.0238787005278619,0.009));
#11483=CARTESIAN_POINT('',(-0.0539811624165815,0.020291062175106,0.009));
#11484=CARTESIAN_POINT('',(-0.0543056633151524,0.0197838954001805,0.009));
#11485=CARTESIAN_POINT('',(-0.0536566615180106,0.0207982289500316,0.009));
#11486=CARTESIAN_POINT('',(-0.0533321606194396,0.0202910621751062,0.009));
#11487=CARTESIAN_POINT('',(-0.0530076597208686,0.0197838954001806,0.009));
#11488=CARTESIAN_POINT('',(-0.0533321606194396,0.0192767286252546,0.009));
#11489=CARTESIAN_POINT('',(-0.0536566615180105,0.0187695618503291,0.009));
#11490=CARTESIAN_POINT('',(-0.0539811624165814,0.0192767286252548,0.009));
#11491=CARTESIAN_POINT('',(-0.0524267231922149,0.0204206353190811,0.009));
#11492=CARTESIAN_POINT('',(-0.0521022222936439,0.0209278020940066,0.009));
#11493=CARTESIAN_POINT('',(-0.0527512240907857,0.0199134685441558,0.009));
#11494=CARTESIAN_POINT('',(-0.0530757249893565,0.0204206353190814,0.009));
#11495=CARTESIAN_POINT('',(-0.0534002258879273,0.0209278020940068,0.009));
#11496=CARTESIAN_POINT('',(-0.0530757249893565,0.0214349688689321,0.009));
#11497=CARTESIAN_POINT('',(-0.0527512240907857,0.0219421356438579,0.009));
#11498=CARTESIAN_POINT('',(-0.0524267231922149,0.0214349688689324,0.009));
#11499=CARTESIAN_POINT('',(-0.0540745555882947,0.0204069033505052,0.009));
#11500=CARTESIAN_POINT('',(-0.0537500546897237,0.0209140701254306,0.009));
#11501=CARTESIAN_POINT('',(-0.0543990564868655,0.0198997365755799,0.009));
#11502=CARTESIAN_POINT('',(-0.0547235573854363,0.0204069033505054,0.009));
#11503=CARTESIAN_POINT('',(-0.0550480582840071,0.0209140701254309,0.009));
#11504=CARTESIAN_POINT('',(-0.0547235573854363,0.0214212369003562,0.009));
#11505=CARTESIAN_POINT('',(-0.0543990564868655,0.0219284036752819,0.009));
#11506=CARTESIAN_POINT('',(-0.0540745555882947,0.0214212369003564,0.009));
#11507=CARTESIAN_POINT('',(-0.0539823891528784,0.0227210618654595,0.009));
#11508=CARTESIAN_POINT('',(-0.0543068900514493,0.022213895090534,0.009));
#11509=CARTESIAN_POINT('',(-0.0536578882543075,0.0232282286403852,0.009));
#11510=CARTESIAN_POINT('',(-0.0533333873557364,0.0227210618654597,0.009));
#11511=CARTESIAN_POINT('',(-0.0530088864571655,0.022213895090534,0.009));
#11512=CARTESIAN_POINT('',(-0.0533333873557365,0.0217067283156081,0.009));
#11513=CARTESIAN_POINT('',(-0.0536578882543074,0.0211995615406825,0.009));
#11514=CARTESIAN_POINT('',(-0.0539823891528783,0.0217067283156083,0.009));
#11515=CARTESIAN_POINT('',(-0.0572768272087411,0.0202635982379542,0.009));
#11516=CARTESIAN_POINT('',(-0.057601328107312,0.0197564314630286,0.009));
#11517=CARTESIAN_POINT('',(-0.0569523263101701,0.0207707650128798,0.009));
#11518=CARTESIAN_POINT('',(-0.0566278254115991,0.0202635982379543,0.009));
#11519=CARTESIAN_POINT('',(-0.0563033245130282,0.0197564314630286,0.009));
#11520=CARTESIAN_POINT('',(-0.0566278254115992,0.0192492646881028,0.009));
#11521=CARTESIAN_POINT('',(-0.0569523263101701,0.0187420979131772,0.009));
#11522=CARTESIAN_POINT('',(-0.057276827208741,0.0192492646881029,0.009));
#11523=CARTESIAN_POINT('',(-0.0556289948126613,0.02027733020653,0.009));
#11524=CARTESIAN_POINT('',(-0.0559534957112322,0.0197701634316046,0.009));
#11525=CARTESIAN_POINT('',(-0.0553044939140904,0.0207844969814557,0.009));
#11526=CARTESIAN_POINT('',(-0.0549799930155194,0.0202773302065303,0.009));
#11527=CARTESIAN_POINT('',(-0.0546554921169484,0.0197701634316046,0.009));
#11528=CARTESIAN_POINT('',(-0.0549799930155194,0.0192629966566787,0.009));
#11529=CARTESIAN_POINT('',(-0.0553044939140903,0.0187558298817531,0.009));
#11530=CARTESIAN_POINT('',(-0.0556289948126612,0.0192629966566788,0.009));
#11531=CARTESIAN_POINT('',(-0.0590192795128309,0.0227957071351309,0.009));
#11532=CARTESIAN_POINT('',(-0.05869477861426,0.0233028739100564,0.009));
#11533=CARTESIAN_POINT('',(-0.0593437804114017,0.0222885403602055,0.009));
#11534=CARTESIAN_POINT('',(-0.0596682813099725,0.022795707135131,0.009));
#11535=CARTESIAN_POINT('',(-0.0599927822085433,0.0233028739100565,0.009));
#11536=CARTESIAN_POINT('',(-0.0596682813099725,0.0238100406849819,0.009));
#11537=CARTESIAN_POINT('',(-0.0593437804114017,0.0243172074599075,0.009));
#11538=CARTESIAN_POINT('',(-0.0590192795128309,0.023810040684982,0.009));
#11539=CARTESIAN_POINT('',(-0.0589271130774146,0.0251098656500852,0.009));
#11540=CARTESIAN_POINT('',(-0.0592516139759855,0.0246026988751596,0.009));
#11541=CARTESIAN_POINT('',(-0.0586026121788437,0.0256170324250109,0.009));
#11542=CARTESIAN_POINT('',(-0.0582781112802727,0.0251098656500853,0.009));
#11543=CARTESIAN_POINT('',(-0.0579536103817017,0.0246026988751596,0.009));
#11544=CARTESIAN_POINT('',(-0.0582781112802727,0.0240955321002338,0.009));
#11545=CARTESIAN_POINT('',(-0.0586026121788436,0.0235883653253082,0.009));
#11546=CARTESIAN_POINT('',(-0.0589271130774145,0.0240955321002339,0.009));
#11547=CARTESIAN_POINT('',(-0.0573714471167511,0.0228094391037068,0.009));
#11548=CARTESIAN_POINT('',(-0.0570469462181802,0.0233166058786323,0.009));
#11549=CARTESIAN_POINT('',(-0.0576959480153219,0.0223022723287814,0.009));
#11550=CARTESIAN_POINT('',(-0.0580204489138927,0.022809439103707,0.009));
#11551=CARTESIAN_POINT('',(-0.0583449498124635,0.0233166058786325,0.009));
#11552=CARTESIAN_POINT('',(-0.0580204489138928,0.0238237726535578,0.009));
#11553=CARTESIAN_POINT('',(-0.0576959480153219,0.0243309394284835,0.009));
#11554=CARTESIAN_POINT('',(-0.0573714471167511,0.023823772653558,0.009));
#11555=CARTESIAN_POINT('',(-0.0589258863411177,0.0226798659597317,0.009));
#11556=CARTESIAN_POINT('',(-0.0592503872396886,0.0221726991848061,0.009));
#11557=CARTESIAN_POINT('',(-0.0586013854425468,0.0231870327346574,0.009));
#11558=CARTESIAN_POINT('',(-0.0582768845439758,0.0226798659597318,0.009));
#11559=CARTESIAN_POINT('',(-0.0579523836454049,0.0221726991848062,0.009));
#11560=CARTESIAN_POINT('',(-0.0582768845439758,0.0216655324098803,0.009));
#11561=CARTESIAN_POINT('',(-0.0586013854425467,0.0211583656349547,0.009));
#11562=CARTESIAN_POINT('',(-0.0589258863411177,0.0216655324098804,0.009));
#11563=CARTESIAN_POINT('',(-0.0572805074176317,0.0275535973090146,0.009));
#11564=CARTESIAN_POINT('',(-0.0576050083162026,0.0270464305340891,0.009));
#11565=CARTESIAN_POINT('',(-0.0569560065190608,0.0280607640839403,0.009));
#11566=CARTESIAN_POINT('',(-0.0566315056204898,0.0275535973090148,0.009));
#11567=CARTESIAN_POINT('',(-0.0563070047219188,0.0270464305340891,0.009));
#11568=CARTESIAN_POINT('',(-0.0566315056204898,0.0265392637591632,0.009));
#11569=CARTESIAN_POINT('',(-0.0569560065190607,0.0260320969842376,0.009));
#11570=CARTESIAN_POINT('',(-0.0572805074176316,0.0265392637591634,0.009));
#11571=CARTESIAN_POINT('',(-0.057372673853048,0.0252394387940603,0.009));
#11572=CARTESIAN_POINT('',(-0.0570481729544771,0.0257466055689858,0.009));
#11573=CARTESIAN_POINT('',(-0.0576971747516188,0.0247322720191349,0.009));
#11574=CARTESIAN_POINT('',(-0.0580216756501896,0.0252394387940604,0.009));
#11575=CARTESIAN_POINT('',(-0.0583461765487604,0.0257466055689859,0.009));
#11576=CARTESIAN_POINT('',(-0.0580216756501896,0.0262537723439113,0.009));
#11577=CARTESIAN_POINT('',(-0.0576971747516188,0.0267609391188369,0.009));
#11578=CARTESIAN_POINT('',(-0.057372673853048,0.0262537723439114,0.009));
#11579=CARTESIAN_POINT('',(-0.0590205062491278,0.0252257068254844,0.009));
#11580=CARTESIAN_POINT('',(-0.0586960053505569,0.0257328736004099,0.009));
#11581=CARTESIAN_POINT('',(-0.0593450071476986,0.024718540050559,0.009));
#11582=CARTESIAN_POINT('',(-0.0596695080462694,0.0252257068254845,0.009));
#11583=CARTESIAN_POINT('',(-0.0599940089448402,0.02573287360041,0.009));
#11584=CARTESIAN_POINT('',(-0.0596695080462694,0.0262400403753353,0.009));
#11585=CARTESIAN_POINT('',(-0.0593450071476986,0.026747207150261,0.009));
#11586=CARTESIAN_POINT('',(-0.0590205062491278,0.0262400403753355,0.009));
#11587=CARTESIAN_POINT('',(-0.0605749454734944,0.0250961336815093,0.009));
#11588=CARTESIAN_POINT('',(-0.0608994463720653,0.0245889669065836,0.009));
#11589=CARTESIAN_POINT('',(-0.0602504445749235,0.025603300456435,0.009));
#11590=CARTESIAN_POINT('',(-0.0599259436763525,0.0250961336815094,0.009));
#11591=CARTESIAN_POINT('',(-0.0596014427777815,0.0245889669065836,0.009));
#11592=CARTESIAN_POINT('',(-0.0599259436763525,0.0240818001316579,0.009));
#11593=CARTESIAN_POINT('',(-0.0602504445749234,0.0235746333567322,0.009));
#11594=CARTESIAN_POINT('',(-0.0605749454734943,0.0240818001316579,0.009));
#11595=CARTESIAN_POINT('',(-0.055631448285255,0.0251373295872371,0.009));
#11596=CARTESIAN_POINT('',(-0.0559559491838259,0.0246301628123116,0.009));
#11597=CARTESIAN_POINT('',(-0.0553069473866841,0.0256444963621627,0.009));
#11598=CARTESIAN_POINT('',(-0.0549824464881131,0.0251373295872372,0.009));
#11599=CARTESIAN_POINT('',(-0.0546579455895422,0.0246301628123116,0.009));
#11600=CARTESIAN_POINT('',(-0.0549824464881131,0.0241229960373857,0.009));
#11601=CARTESIAN_POINT('',(-0.055306947386684,0.0236158292624601,0.009));
#11602=CARTESIAN_POINT('',(-0.055631448285255,0.0241229960373858,0.009));
#11603=CARTESIAN_POINT('',(-0.0540770090608884,0.0252669027312122,0.009));
#11604=CARTESIAN_POINT('',(-0.0537525081623175,0.0257740695061376,0.009));
#11605=CARTESIAN_POINT('',(-0.0544015099594592,0.0247597359562868,0.009));
#11606=CARTESIAN_POINT('',(-0.05472601085803,0.0252669027312123,0.009));
#11607=CARTESIAN_POINT('',(-0.0550505117566008,0.0257740695061379,0.009));
#11608=CARTESIAN_POINT('',(-0.0547260108580301,0.0262812362810631,0.009));
#11609=CARTESIAN_POINT('',(-0.0544015099594592,0.0267884030559889,0.009));
#11610=CARTESIAN_POINT('',(-0.0540770090608884,0.0262812362810634,0.009));
#11611=CARTESIAN_POINT('',(-0.0572780539450379,0.0226935979283077,0.009));
#11612=CARTESIAN_POINT('',(-0.0576025548436088,0.0221864311533821,0.009));
#11613=CARTESIAN_POINT('',(-0.056953553046467,0.0232007647032333,0.009));
#11614=CARTESIAN_POINT('',(-0.056629052147896,0.0226935979283078,0.009));
#11615=CARTESIAN_POINT('',(-0.0563045512493251,0.0221864311533821,0.009));
#11616=CARTESIAN_POINT('',(-0.056629052147896,0.0216792643784562,0.009));
#11617=CARTESIAN_POINT('',(-0.0569535530464669,0.0211720976035306,0.009));
#11618=CARTESIAN_POINT('',(-0.0572780539450379,0.0216792643784563,0.009));
#11619=CARTESIAN_POINT('',(-0.0557236147206713,0.0228231710722827,0.009));
#11620=CARTESIAN_POINT('',(-0.0553991138221004,0.0233303378472083,0.009));
#11621=CARTESIAN_POINT('',(-0.0560481156192421,0.0223160042973574,0.009));
#11622=CARTESIAN_POINT('',(-0.056372616517813,0.0228231710722829,0.009));
#11623=CARTESIAN_POINT('',(-0.0566971174163838,0.0233303378472084,0.009));
#11624=CARTESIAN_POINT('',(-0.056372616517813,0.0238375046221337,0.009));
#11625=CARTESIAN_POINT('',(-0.0560481156192422,0.0243446713970594,0.009));
#11626=CARTESIAN_POINT('',(-0.0557236147206713,0.023837504622134,0.009));
#11627=CARTESIAN_POINT('',(-0.0557248414569682,0.0252531707626363,0.009));
#11628=CARTESIAN_POINT('',(-0.0554003405583973,0.0257603375375617,0.009));
#11629=CARTESIAN_POINT('',(-0.056049342355539,0.0247460039877109,0.009));
#11630=CARTESIAN_POINT('',(-0.0563738432541098,0.0252531707626364,0.009));
#11631=CARTESIAN_POINT('',(-0.0566983441526806,0.0257603375375619,0.009));
#11632=CARTESIAN_POINT('',(-0.0563738432541099,0.0262675043124872,0.009));
#11633=CARTESIAN_POINT('',(-0.056049342355539,0.0267746710874129,0.009));
#11634=CARTESIAN_POINT('',(-0.0557248414569682,0.0262675043124874,0.009));
#11635=CARTESIAN_POINT('',(-0.0572792806813348,0.0251235976186611,0.009));
#11636=CARTESIAN_POINT('',(-0.0576037815799057,0.0246164308437355,0.009));
#11637=CARTESIAN_POINT('',(-0.0569547797827639,0.0256307643935868,0.009));
#11638=CARTESIAN_POINT('',(-0.0566302788841929,0.0251235976186613,0.009));
#11639=CARTESIAN_POINT('',(-0.056305777985622,0.0246164308437356,0.009));
#11640=CARTESIAN_POINT('',(-0.0566302788841929,0.0241092640688097,0.009));
#11641=CARTESIAN_POINT('',(-0.0569547797827638,0.0236020972938842,0.009));
#11642=CARTESIAN_POINT('',(-0.0572792806813347,0.0241092640688098,0.009));
#11643=CARTESIAN_POINT('',(-0.0566720249628127,0.0216042870334472,0.009));
#11644=CARTESIAN_POINT('',(-0.055222504788104,0.0279406023083976,0.009));
#11645=CARTESIAN_POINT('',(-0.0553730110424189,0.0279731615678591,0.009));
#11646=CARTESIAN_POINT('',(-0.0549408385569715,0.0275003824055313,0.009));
#11647=CARTESIAN_POINT('',(-0.054659172325839,0.027060162502665,0.009));
#11648=CARTESIAN_POINT('',(-0.05498367322441,0.0265529957277391,0.009));
#11649=CARTESIAN_POINT('',(-0.0553081741229809,0.0260458289528136,0.009));
#11650=CARTESIAN_POINT('',(-0.0556326750215518,0.0265529957277393,0.009));
#11651=CARTESIAN_POINT('',(-0.0559571759201228,0.027060162502665,0.009));
#11652=CARTESIAN_POINT('',(-0.0556650934812709,0.027516662035262,0.009));
#11653=CARTESIAN_POINT('',(-0.0606671119089107,0.0227819751665549,0.009));
#11654=CARTESIAN_POINT('',(-0.0603426110103398,0.0232891419414805,0.009));
#11655=CARTESIAN_POINT('',(-0.0609916128074815,0.0222748083916295,0.009));
#11656=CARTESIAN_POINT('',(-0.0613161137060523,0.022781975166555,0.009));
#11657=CARTESIAN_POINT('',(-0.0616406146046231,0.0232891419414805,0.009));
#11658=CARTESIAN_POINT('',(-0.0613161137060523,0.023796308716406,0.009));
#11659=CARTESIAN_POINT('',(-0.0609916128074815,0.0243034754913315,0.009));
#11660=CARTESIAN_POINT('',(-0.0606671119089107,0.0237963087164061,0.009));
#11661=CARTESIAN_POINT('',(-0.0566720249628055,0.0216042870334818,0.009));
#11662=CARTESIAN_POINT('',(-0.061856717268985,0.0255246142762305,0.009));
#11663=CARTESIAN_POINT('',(-0.0624947702585453,0.0244931686892326,0.009));
#11664=CARTESIAN_POINT('',(-0.0615529962214231,0.0250499246071191,0.009));
#11665=CARTESIAN_POINT('',(-0.0612492751738613,0.0245752349380077,0.009));
#11666=CARTESIAN_POINT('',(-0.0615737760724323,0.0240680681630819,0.009));
#11667=CARTESIAN_POINT('',(-0.0618982769710032,0.0235609013881562,0.009));
#11668=CARTESIAN_POINT('',(-0.0621965236147743,0.0240270350386944,0.009));
#11669=CARTESIAN_POINT('',(-0.059018052776534,0.0203657074447774,0.009));
#11670=CARTESIAN_POINT('',(-0.0586935518779631,0.0208728742197029,0.009));
#11671=CARTESIAN_POINT('',(-0.0593425536751048,0.019858540669852,0.009));
#11672=CARTESIAN_POINT('',(-0.0596670545736756,0.0203657074447775,0.009));
#11673=CARTESIAN_POINT('',(-0.0599915554722465,0.020872874219703,0.009));
#11674=CARTESIAN_POINT('',(-0.0596670545736757,0.0213800409946284,0.009));
#11675=CARTESIAN_POINT('',(-0.0593425536751048,0.021887207769554,0.009));
#11676=CARTESIAN_POINT('',(-0.059018052776534,0.0213800409946285,0.009));
#11677=CARTESIAN_POINT('',(-0.0605737187371975,0.0226661339911558,0.009));
#11678=CARTESIAN_POINT('',(-0.0608982196357684,0.0221589672162302,0.009));
#11679=CARTESIAN_POINT('',(-0.0602492178386266,0.0231733007660814,0.009));
#11680=CARTESIAN_POINT('',(-0.0599247169400556,0.0226661339911558,0.009));
#11681=CARTESIAN_POINT('',(-0.0596002160414846,0.0221589672162302,0.009));
#11682=CARTESIAN_POINT('',(-0.0599247169400556,0.0216518004413044,0.009));
#11683=CARTESIAN_POINT('',(-0.0602492178386265,0.0211446336663787,0.009));
#11684=CARTESIAN_POINT('',(-0.0605737187371974,0.0216518004413045,0.009));
#11685=CARTESIAN_POINT('',(-0.058923432868524,0.0178198665790247,0.009));
#11686=CARTESIAN_POINT('',(-0.0592479337670949,0.0173126998040992,0.009));
#11687=CARTESIAN_POINT('',(-0.058598931969953,0.0183270333539504,0.009));
#11688=CARTESIAN_POINT('',(-0.058274431071382,0.0178198665790248,0.009));
#11689=CARTESIAN_POINT('',(-0.0579499301728111,0.0173126998040992,0.009));
#11690=CARTESIAN_POINT('',(-0.0582744310713821,0.0168055330291733,0.009));
#11691=CARTESIAN_POINT('',(-0.058598931969953,0.0162983662542477,0.009));
#11692=CARTESIAN_POINT('',(-0.0589234328685239,0.0168055330291734,0.009));
#11693=CARTESIAN_POINT('',(-0.0590168260402372,0.0179357077544239,0.009));
#11694=CARTESIAN_POINT('',(-0.0586923251416663,0.0184428745293494,0.009));
#11695=CARTESIAN_POINT('',(-0.059341326938808,0.0174285409794985,0.009));
#11696=CARTESIAN_POINT('',(-0.0596658278373788,0.017935707754424,0.009));
#11697=CARTESIAN_POINT('',(-0.0599903287359496,0.0184428745293495,0.009));
#11698=CARTESIAN_POINT('',(-0.0596658278373788,0.0189500413042749,0.009));
#11699=CARTESIAN_POINT('',(-0.059341326938808,0.0194572080792005,0.009));
#11700=CARTESIAN_POINT('',(-0.0590168260402372,0.0189500413042751,0.009));
#11701=CARTESIAN_POINT('',(-0.0580786675075072,0.0156161824952298,0.009));
#11702=CARTESIAN_POINT('',(-0.0578160654114414,0.0152057581828876,0.009));
#11703=CARTESIAN_POINT('',(-0.0583412696035729,0.016026606807572,0.009));
#11704=CARTESIAN_POINT('',(-0.0580167687050021,0.0165337735824974,0.009));
#11705=CARTESIAN_POINT('',(-0.0576922678064313,0.0170409403574228,0.009));
#11706=CARTESIAN_POINT('',(-0.0573677669078605,0.0165337735824975,0.009));
#11707=CARTESIAN_POINT('',(-0.0570432660092897,0.0160266068075718,0.009));
#11708=CARTESIAN_POINT('',(-0.0573174168679644,0.0155981327803828,0.009));
#11709=CARTESIAN_POINT('',(-0.0575915677266391,0.0151696587531938,0.009));
#11710=CARTESIAN_POINT('',(-0.0566720249628055,0.0216042870334796,0.009));
#11711=CARTESIAN_POINT('',(-0.056401765119145,0.0155844805858169,0.009));
#11712=CARTESIAN_POINT('',(-0.0561100930307969,0.0151286223954858,0.009));
#11713=CARTESIAN_POINT('',(-0.0566934372074931,0.0160403387761479,0.009));
#11714=CARTESIAN_POINT('',(-0.0563689363089223,0.0165475055510733,0.009));
#11715=CARTESIAN_POINT('',(-0.0560444354103515,0.0170546723259987,0.009));
#11716=CARTESIAN_POINT('',(-0.0557199345117807,0.0165475055510735,0.009));
#11717=CARTESIAN_POINT('',(-0.0553954336132099,0.0160403387761477,0.009));
#11718=CARTESIAN_POINT('',(-0.0556827279412514,0.0155913226456874,0.009));
#11719=CARTESIAN_POINT('',(-0.0559700222692928,0.015142306515227,0.009));
#11720=CARTESIAN_POINT('',(-0.0566720249628028,0.0216042870334591,0.009));
#11721=CARTESIAN_POINT('',(-0.0622203243969804,0.0202224023322264,0.009));
#11722=CARTESIAN_POINT('',(-0.0625448252955513,0.0197152355573007,0.009));
#11723=CARTESIAN_POINT('',(-0.0618958234984095,0.0207295691071521,0.009));
#11724=CARTESIAN_POINT('',(-0.0615713225998385,0.0202224023322264,0.009));
#11725=CARTESIAN_POINT('',(-0.0612468217012675,0.0197152355573007,0.009));
#11726=CARTESIAN_POINT('',(-0.0615713225998385,0.019208068782375,0.009));
#11727=CARTESIAN_POINT('',(-0.0618958234984094,0.0187009020074492,0.009));
#11728=CARTESIAN_POINT('',(-0.0622203243969803,0.019208068782375,0.009));
#11729=CARTESIAN_POINT('',(-0.0605712652646037,0.0178061346104488,0.009));
#11730=CARTESIAN_POINT('',(-0.0608957661631746,0.0172989678355232,0.009));
#11731=CARTESIAN_POINT('',(-0.0602467643660328,0.0183133013853745,0.009));
#11732=CARTESIAN_POINT('',(-0.0599222634674618,0.0178061346104489,0.009));
#11733=CARTESIAN_POINT('',(-0.0595977625688909,0.0172989678355232,0.009));
#11734=CARTESIAN_POINT('',(-0.0599222634674619,0.0167918010605974,0.009));
#11735=CARTESIAN_POINT('',(-0.0602467643660327,0.0162846342856718,0.009));
#11736=CARTESIAN_POINT('',(-0.0605712652646037,0.0167918010605974,0.009));
#11737=CARTESIAN_POINT('',(-0.0606646584363169,0.017921975785848,0.009));
#11738=CARTESIAN_POINT('',(-0.0603401575377461,0.0184291425607735,0.009));
#11739=CARTESIAN_POINT('',(-0.0609891593348877,0.0174148090109226,0.009));
#11740=CARTESIAN_POINT('',(-0.0613136602334585,0.017921975785848,0.009));
#11741=CARTESIAN_POINT('',(-0.0616381611320294,0.0184291425607736,0.009));
#11742=CARTESIAN_POINT('',(-0.0613136602334586,0.018936309335699,0.009));
#11743=CARTESIAN_POINT('',(-0.0609891593348877,0.0194434761106245,0.009));
#11744=CARTESIAN_POINT('',(-0.0606646584363169,0.0189363093356991,0.009));
#11745=CARTESIAN_POINT('',(-0.0606658851726138,0.0203519754762015,0.009));
#11746=CARTESIAN_POINT('',(-0.0603413842740429,0.0208591422511269,0.009));
#11747=CARTESIAN_POINT('',(-0.0609903860711846,0.019844808701276,0.009));
#11748=CARTESIAN_POINT('',(-0.0613148869697554,0.0203519754762015,0.009));
#11749=CARTESIAN_POINT('',(-0.0616393878683262,0.0208591422511271,0.009));
#11750=CARTESIAN_POINT('',(-0.0613148869697554,0.0213663090260525,0.009));
#11751=CARTESIAN_POINT('',(-0.0609903860711846,0.0218734758009781,0.009));
#11752=CARTESIAN_POINT('',(-0.0606658851726138,0.0213663090260526,0.009));
#11753=CARTESIAN_POINT('',(-0.0605724920009006,0.0202361343008023,0.009));
#11754=CARTESIAN_POINT('',(-0.0608969928994715,0.0197289675258767,0.009));
#11755=CARTESIAN_POINT('',(-0.0602479911023297,0.020743301075728,0.009));
#11756=CARTESIAN_POINT('',(-0.0599234902037587,0.0202361343008024,0.009));
#11757=CARTESIAN_POINT('',(-0.0595989893051878,0.0197289675258767,0.009));
#11758=CARTESIAN_POINT('',(-0.0599234902037587,0.0192218007509509,0.009));
#11759=CARTESIAN_POINT('',(-0.0602479911023296,0.0187146339760252,0.009));
#11760=CARTESIAN_POINT('',(-0.0605724920009006,0.019221800750951,0.009));
#11761=CARTESIAN_POINT('',(-0.0622215511332773,0.0226524020225798,0.009));
#11762=CARTESIAN_POINT('',(-0.0625460520318482,0.0221452352476542,0.009));
#11763=CARTESIAN_POINT('',(-0.0618970502347064,0.0231595687975055,0.009));
#11764=CARTESIAN_POINT('',(-0.0615725493361354,0.0226524020225799,0.009));
#11765=CARTESIAN_POINT('',(-0.0612480484375644,0.0221452352476542,0.009));
#11766=CARTESIAN_POINT('',(-0.0615725493361354,0.0216380684727285,0.009));
#11767=CARTESIAN_POINT('',(-0.0618970502347063,0.0211309016978028,0.009));
#11768=CARTESIAN_POINT('',(-0.0622215511332772,0.0216380684727285,0.009));
#11769=CARTESIAN_POINT('',(-0.0507788907961351,0.020434367287657,0.009));
#11770=CARTESIAN_POINT('',(-0.0504543898975641,0.0209415340625825,0.009));
#11771=CARTESIAN_POINT('',(-0.0511033916947059,0.0199272005127318,0.009));
#11772=CARTESIAN_POINT('',(-0.0514278925932767,0.0204343672876573,0.009));
#11773=CARTESIAN_POINT('',(-0.0517523934918475,0.0209415340625828,0.009));
#11774=CARTESIAN_POINT('',(-0.0514278925932767,0.021448700837508,0.009));
#11775=CARTESIAN_POINT('',(-0.0511033916947059,0.0219558676124339,0.009));
#11776=CARTESIAN_POINT('',(-0.0507788907961351,0.0214487008375084,0.009));
#11777=CARTESIAN_POINT('',(-0.0523321032842048,0.0178747944533284,0.009));
#11778=CARTESIAN_POINT('',(-0.0526566041827757,0.017367627678403,0.009));
#11779=CARTESIAN_POINT('',(-0.0520076023856339,0.0183819612282541,0.009));
#11780=CARTESIAN_POINT('',(-0.0517675150143087,0.0180067254789803,0.009));
#11781=CARTESIAN_POINT('',(-0.0515274276429835,0.0176314897297063,0.009));
#11782=CARTESIAN_POINT('',(-0.0566720249628051,0.0216042870334816,0.009));
#11783=CARTESIAN_POINT('',(-0.0522935602105811,0.0168002214205312,0.009));
#11784=CARTESIAN_POINT('',(-0.0524750821966784,0.0170839245494671,0.009));
#11785=CARTESIAN_POINT('',(-0.0514266658569799,0.0190187011471546,0.009));
#11786=CARTESIAN_POINT('',(-0.0517511667555507,0.0185115343722293,0.009));
#11787=CARTESIAN_POINT('',(-0.0511021649584091,0.01952586792208,0.009));
#11788=CARTESIAN_POINT('',(-0.0509193955400023,0.0192402151645793,0.009));
#11789=CARTESIAN_POINT('',(-0.0507366261215956,0.0189545624070781,0.009));
#11790=CARTESIAN_POINT('',(-0.0566720249628051,0.0216042870334816,0.009));
#11791=CARTESIAN_POINT('',(-0.0513459805850495,0.0178782635115244,0.009));
#11792=CARTESIAN_POINT('',(-0.0515485736703001,0.0181948989418768,0.009));
#11793=CARTESIAN_POINT('',(-0.0540733288519978,0.0179769036601517,0.009));
#11794=CARTESIAN_POINT('',(-0.0537488279534268,0.0184840704350772,0.009));
#11795=CARTESIAN_POINT('',(-0.0543978297505686,0.0174697368852264,0.009));
#11796=CARTESIAN_POINT('',(-0.0547223306491394,0.0179769036601519,0.009));
#11797=CARTESIAN_POINT('',(-0.0550468315477102,0.0184840704350774,0.009));
#11798=CARTESIAN_POINT('',(-0.0547223306491394,0.0189912372100027,0.009));
#11799=CARTESIAN_POINT('',(-0.0543978297505686,0.0194984039849284,0.009));
#11800=CARTESIAN_POINT('',(-0.0540733288519978,0.018991237210003,0.009));
#11801=CARTESIAN_POINT('',(-0.052425496455918,0.0179906356287276,0.009));
#11802=CARTESIAN_POINT('',(-0.052100995557347,0.0184978024036531,0.009));
#11803=CARTESIAN_POINT('',(-0.0527499973544888,0.0174834688538024,0.009));
#11804=CARTESIAN_POINT('',(-0.0530744982530596,0.0179906356287278,0.009));
#11805=CARTESIAN_POINT('',(-0.0533989991516304,0.0184978024036533,0.009));
#11806=CARTESIAN_POINT('',(-0.0530744982530597,0.0190049691785786,0.009));
#11807=CARTESIAN_POINT('',(-0.0527499973544888,0.0195121359535044,0.009));
#11808=CARTESIAN_POINT('',(-0.052425496455918,0.0190049691785789,0.009));
#11809=CARTESIAN_POINT('',(-0.0523333300205017,0.0203047941436819,0.009));
#11810=CARTESIAN_POINT('',(-0.0526578309190726,0.0197976273687565,0.009));
#11811=CARTESIAN_POINT('',(-0.0520088291219308,0.0208119609186076,0.009));
#11812=CARTESIAN_POINT('',(-0.0516843282233598,0.0203047941436822,0.009));
#11813=CARTESIAN_POINT('',(-0.0513598273247888,0.0197976273687565,0.009));
#11814=CARTESIAN_POINT('',(-0.0516843282233598,0.0192904605938305,0.009));
#11815=CARTESIAN_POINT('',(-0.0520088291219307,0.0187832938189051,0.009));
#11816=CARTESIAN_POINT('',(-0.0523333300205016,0.0192904605938308,0.009));
#11817=CARTESIAN_POINT('',(-0.0572756004724442,0.0178335985476006,0.009));
#11818=CARTESIAN_POINT('',(-0.0576001013710151,0.0173264317726751,0.009));
#11819=CARTESIAN_POINT('',(-0.0569510995738733,0.0183407653225264,0.009));
#11820=CARTESIAN_POINT('',(-0.0566265986753023,0.0178335985476008,0.009));
#11821=CARTESIAN_POINT('',(-0.0563020977767313,0.0173264317726751,0.009));
#11822=CARTESIAN_POINT('',(-0.0566265986753023,0.0168192649977492,0.009));
#11823=CARTESIAN_POINT('',(-0.0569510995738732,0.0163120982228237,0.009));
#11824=CARTESIAN_POINT('',(-0.0572756004724441,0.0168192649977494,0.009));
#11825=CARTESIAN_POINT('',(-0.0557211612480776,0.0179631716915758,0.009));
#11826=CARTESIAN_POINT('',(-0.0553966603495066,0.0184703384665013,0.009));
#11827=CARTESIAN_POINT('',(-0.0560456621466484,0.0174560049166505,0.009));
#11828=CARTESIAN_POINT('',(-0.0563701630452192,0.017963171691576,0.009));
#11829=CARTESIAN_POINT('',(-0.05669466394379,0.0184703384665014,0.009));
#11830=CARTESIAN_POINT('',(-0.0563701630452192,0.0189775052414268,0.009));
#11831=CARTESIAN_POINT('',(-0.0560456621466484,0.0194846720163524,0.009));
#11832=CARTESIAN_POINT('',(-0.0557211612480776,0.018977505241427,0.009));
#11833=CARTESIAN_POINT('',(-0.0589246596048208,0.0202498662693782,0.009));
#11834=CARTESIAN_POINT('',(-0.0592491605033917,0.0197426994944527,0.009));
#11835=CARTESIAN_POINT('',(-0.0586001587062499,0.0207570330443039,0.009));
#11836=CARTESIAN_POINT('',(-0.0582756578076789,0.0202498662693783,0.009));
#11837=CARTESIAN_POINT('',(-0.057951156909108,0.0197426994944527,0.009));
#11838=CARTESIAN_POINT('',(-0.058275657807679,0.0192355327195269,0.009));
#11839=CARTESIAN_POINT('',(-0.0586001587062498,0.0187283659446012,0.009));
#11840=CARTESIAN_POINT('',(-0.0589246596048208,0.0192355327195269,0.009));
#11841=CARTESIAN_POINT('',(-0.0573689936441574,0.0179494397229999,0.009));
#11842=CARTESIAN_POINT('',(-0.0570444927455865,0.0184566064979254,0.009));
#11843=CARTESIAN_POINT('',(-0.0576934945427282,0.0174422729480745,0.009));
#11844=CARTESIAN_POINT('',(-0.058017995441299,0.017949439723,0.009));
#11845=CARTESIAN_POINT('',(-0.0583424963398698,0.0184566064979255,0.009));
#11846=CARTESIAN_POINT('',(-0.058017995441299,0.0189637732728509,0.009));
#11847=CARTESIAN_POINT('',(-0.0576934945427282,0.0194709400477765,0.009));
#11848=CARTESIAN_POINT('',(-0.0573689936441574,0.018963773272851,0.009));
#11849=CARTESIAN_POINT('',(-0.0539799356802846,0.0178610624847525,0.009));
#11850=CARTESIAN_POINT('',(-0.0543044365788555,0.017353895709827,0.009));
#11851=CARTESIAN_POINT('',(-0.0536554347817137,0.0183682292596782,0.009));
#11852=CARTESIAN_POINT('',(-0.0533309338831427,0.0178610624847527,0.009));
#11853=CARTESIAN_POINT('',(-0.0530064329845718,0.017353895709827,0.009));
#11854=CARTESIAN_POINT('',(-0.0533309338831427,0.0168467289349011,0.009));
#11855=CARTESIAN_POINT('',(-0.0536554347817136,0.0163395621599756,0.009));
#11856=CARTESIAN_POINT('',(-0.0539799356802846,0.0168467289349013,0.009));
#11857=CARTESIAN_POINT('',(-0.0530732715167628,0.0165749694882251,0.009));
#11858=CARTESIAN_POINT('',(-0.0533977724153336,0.0160678027132999,0.009));
#11859=CARTESIAN_POINT('',(-0.052748770618192,0.0170821362631506,0.009));
#11860=CARTESIAN_POINT('',(-0.0526091184340452,0.0168638720051566,0.009));
#11861=CARTESIAN_POINT('',(-0.0524694662498984,0.0166456077471623,0.009));
#11862=CARTESIAN_POINT('',(-0.0566720249628052,0.0216042870334817,0.009));
#11863=CARTESIAN_POINT('',(-0.0533612171443488,0.0160106699935647,0.009));
#11864=CARTESIAN_POINT('',(-0.0533794947798412,0.0160392363534323,0.009));
#11865=CARTESIAN_POINT('',(-0.0556277680763644,0.0178473305161766,0.009));
#11866=CARTESIAN_POINT('',(-0.0559522689749353,0.0173401637412511,0.009));
#11867=CARTESIAN_POINT('',(-0.0553032671777935,0.0183544972911023,0.009));
#11868=CARTESIAN_POINT('',(-0.0549787662792225,0.0178473305161768,0.009));
#11869=CARTESIAN_POINT('',(-0.0546542653806515,0.0173401637412511,0.009));
#11870=CARTESIAN_POINT('',(-0.0549787662792225,0.0168329969663252,0.009));
#11871=CARTESIAN_POINT('',(-0.0553032671777934,0.0163258301913997,0.009));
#11872=CARTESIAN_POINT('',(-0.0556277680763643,0.0168329969663253,0.009));
#11873=CARTESIAN_POINT('',(-0.0548454274940763,0.015741210950208,0.009));
#11874=CARTESIAN_POINT('',(-0.0546452501767392,0.0154283511556921,0.009));
#11875=CARTESIAN_POINT('',(-0.0550456048114133,0.0160540707447239,0.009));
#11876=CARTESIAN_POINT('',(-0.0547211039128425,0.0165612375196492,0.009));
#11877=CARTESIAN_POINT('',(-0.0543966030142718,0.0170684042945747,0.009));
#11878=CARTESIAN_POINT('',(-0.0540721021157009,0.0165612375196495,0.009));
#11879=CARTESIAN_POINT('',(-0.0537476012171301,0.0160540707447237,0.009));
#11880=CARTESIAN_POINT('',(-0.0538651081847261,0.015870417540528,0.009));
#11881=CARTESIAN_POINT('',(-0.053982615152322,0.0156867643363323,0.009));
#11882=CARTESIAN_POINT('',(-0.056672024962806,0.0216042870334838,0.009));
#11883=CARTESIAN_POINT('',(-0.0566720249628056,0.0216042870334813,0.009));
#11884=CARTESIAN_POINT('',(-0.0627387109438411,0.0192707658299137,0.009));
#11885=CARTESIAN_POINT('',(-0.0621680849534808,0.0181339376881139,0.009));
#11886=CARTESIAN_POINT('',(-0.0626878513374043,0.0193502549859811,0.009));
#11887=CARTESIAN_POINT('',(-0.0626369917309675,0.0194297441420485,0.009));
#11888=CARTESIAN_POINT('',(-0.0623124908323967,0.0189225773671231,0.009));
#11889=CARTESIAN_POINT('',(-0.0619879899338259,0.0184154105921976,0.009));
#11890=CARTESIAN_POINT('',(-0.0620780374436533,0.0182746741401557,0.009));
#11891=CARTESIAN_POINT('',(-0.0566720249628035,0.021604287033477,0.009));
#11892=CARTESIAN_POINT('',(-0.0584769221443671,0.0278486722044964,0.009));
#11893=CARTESIAN_POINT('',(-0.0587953660215319,0.0277476918507084,0.009));
#11894=CARTESIAN_POINT('',(-0.0582158796311828,0.0274406853850047,0.009));
#11895=CARTESIAN_POINT('',(-0.0579548371179986,0.0270326985655131,0.009));
#11896=CARTESIAN_POINT('',(-0.0582793380165696,0.0265255317905873,0.009));
#11897=CARTESIAN_POINT('',(-0.0586038389151405,0.0260183650156617,0.009));
#11898=CARTESIAN_POINT('',(-0.0589283398137114,0.0265255317905874,0.009));
#11899=CARTESIAN_POINT('',(-0.0592528407122824,0.0270326985655131,0.009));
#11900=CARTESIAN_POINT('',(-0.0590241033669071,0.0273901952081107,0.009));
#11901=CARTESIAN_POINT('',(-0.0613173404423492,0.0252119748569085,0.009));
#11902=CARTESIAN_POINT('',(-0.0609928395437784,0.024704808081983,0.009));
#11903=CARTESIAN_POINT('',(-0.06164184134092,0.025719141631834,0.009));
#11904=CARTESIAN_POINT('',(-0.0615540999506159,0.0258562738189681,0.009));
#11905=CARTESIAN_POINT('',(-0.0614663585603118,0.0259934060061023,0.009));
#11906=CARTESIAN_POINT('',(-0.0566720249628055,0.021604287033482,0.009));
#11907=CARTESIAN_POINT('',(-0.0608805198376957,0.026557929217574,0.009));
#11908=CARTESIAN_POINT('',(-0.0606121787921662,0.026138535424704,0.009));
#11909=CARTESIAN_POINT('',(-0.0603438377466368,0.0257191416318339,0.009));
#11910=CARTESIAN_POINT('',(-0.0606683386452076,0.0252119748569084,0.009));
#11911=CARTESIAN_POINT('',(-0.0566720249628052,0.0216042870334817,0.009));
#11912=CARTESIAN_POINT('',(-0.0597880524140523,0.0273087039995767,0.009));
#11913=CARTESIAN_POINT('',(-0.0607001982418463,0.0267056417588481,0.009));
#11914=CARTESIAN_POINT('',(-0.0596953609640654,0.027163835298257,0.009));
#11915=CARTESIAN_POINT('',(-0.0596026695140784,0.0270189665969372,0.009));
#11916=CARTESIAN_POINT('',(-0.0599271704126494,0.0265117998220114,0.009));
#11917=CARTESIAN_POINT('',(-0.0602516713112202,0.0260046330470857,0.009));
#11918=CARTESIAN_POINT('',(-0.0604759347765333,0.0263551374029668,0.009));
#11919=CARTESIAN_POINT('',(-0.0566720249628051,0.0216042870334816,0.009));
#11920=CARTESIAN_POINT('',(-0.0620837829899693,0.0180038877423718,0.009));
#11921=CARTESIAN_POINT('',(-0.0613617992999491,0.0171036185646133,0.009));
#11922=CARTESIAN_POINT('',(-0.0619891898760409,0.0181517285795853,0.009));
#11923=CARTESIAN_POINT('',(-0.0618945967621126,0.0182995694167986,0.009));
#11924=CARTESIAN_POINT('',(-0.0615700958635416,0.0177924026418729,0.009));
#11925=CARTESIAN_POINT('',(-0.0612455949649707,0.0172852358669472,0.009));
#11926=CARTESIAN_POINT('',(-0.0613036971324599,0.0171944272157802,0.009));
#11927=CARTESIAN_POINT('',(-0.0566720249628052,0.0216042870334816,0.009));
#11928=CARTESIAN_POINT('',(-0.0599884014302564,0.0160139697682331,0.009));
#11929=CARTESIAN_POINT('',(-0.0589972345603997,0.0155344105662664,0.009));
#11930=CARTESIAN_POINT('',(-0.0596642508163837,0.01652058907854,0.009));
#11931=CARTESIAN_POINT('',(-0.0593401002025111,0.0170272083888469,0.009));
#11932=CARTESIAN_POINT('',(-0.0590155993039403,0.0165200416139216,0.009));
#11933=CARTESIAN_POINT('',(-0.0586910984053695,0.0160128748389959,0.009));
#11934=CARTESIAN_POINT('',(-0.0588441664828846,0.0157736427026311,0.009));
#11935=CARTESIAN_POINT('',(-0.0566720249628058,0.0216042870334816,0.009));
#11936=CARTESIAN_POINT('',(-0.0501725269662169,0.0215235046570283,0.009));
#11937=CARTESIAN_POINT('',(-0.0503786258837042,0.0232300570144974,0.009));
#11938=CARTESIAN_POINT('',(-0.0502673752141824,0.0213752650674312,0.009));
#11939=CARTESIAN_POINT('',(-0.0503622234621478,0.0212270254778345,0.009));
#11940=CARTESIAN_POINT('',(-0.0506867243607187,0.0217341922527602,0.009));
#11941=CARTESIAN_POINT('',(-0.0510112252592895,0.0222413590276856,0.009));
#11942=CARTESIAN_POINT('',(-0.050694925571497,0.0227357080210915,0.009));
#11943=CARTESIAN_POINT('',(-0.0566720249628057,0.0216042870334817,0.009));
#11944=CARTESIAN_POINT('',(-0.0506275980732755,0.0192137005830198,0.009));
#11945=CARTESIAN_POINT('',(-0.0502436148706075,0.0206422352227497,0.009));
#11946=CARTESIAN_POINT('',(-0.0508187982981342,0.0195125299601761,0.009));
#11947=CARTESIAN_POINT('',(-0.0510099985229928,0.0198113593373321,0.009));
#11948=CARTESIAN_POINT('',(-0.0506854976244219,0.0203185261122578,0.009));
#11949=CARTESIAN_POINT('',(-0.0503609967258508,0.0208256928871839,0.009));
#11950=CARTESIAN_POINT('',(-0.0503023057982292,0.0207339640549668,0.009));
#11951=CARTESIAN_POINT('',(-0.0566720249628052,0.0216042870334817,0.009));
#11952=CARTESIAN_POINT('',(-0.0626111837325892,0.0242455732934876,0.009));
#11953=CARTESIAN_POINT('',(-0.0630431785430263,0.0228920766347886,0.009));
#11954=CARTESIAN_POINT('',(-0.0623008135695044,0.0237604916331961,0.009));
#11955=CARTESIAN_POINT('',(-0.0619904434064197,0.0232754099729045,0.009));
#11956=CARTESIAN_POINT('',(-0.0623149443049905,0.022768243197979,0.009));
#11957=CARTESIAN_POINT('',(-0.0626394452035613,0.0222610764230535,0.009));
#11958=CARTESIAN_POINT('',(-0.0628413118732938,0.0225765765289211,0.009));
#11959=CARTESIAN_POINT('',(-0.056672024962796,0.0216042870334829,0.009));
#11960=CARTESIAN_POINT('',(-0.0631492803583355,0.0210609983983419,0.009));
#11961=CARTESIAN_POINT('',(-0.0630816446950322,0.0205241134880522,0.009));
#11962=CARTESIAN_POINT('',(-0.0628937494128,0.021460371115372,0.009));
#11963=CARTESIAN_POINT('',(-0.0626382184672644,0.0218597438324021,0.009));
#11964=CARTESIAN_POINT('',(-0.0623137175686936,0.0213525770574766,0.009));
#11965=CARTESIAN_POINT('',(-0.0619892166701228,0.0208454102825511,0.009));
#11966=CARTESIAN_POINT('',(-0.0623137175686936,0.0203382435076255,0.009));
#11967=CARTESIAN_POINT('',(-0.0626382184672644,0.0198310767327,0.009));
#11968=CARTESIAN_POINT('',(-0.0628599315811483,0.0201775951103761,0.009));
#11969=CARTESIAN_POINT('',(-0.0566720249628046,0.0216042870334824,0.009));
#11970=CARTESIAN_POINT('',(-0.0530553181700643,0.0270051602939222,0.009));
#11971=CARTESIAN_POINT('',(-0.0540137600176321,0.0275358658689406,0.009));
#11972=CARTESIAN_POINT('',(-0.0533578299484827,0.0265323606076558,0.009));
#11973=CARTESIAN_POINT('',(-0.0536603417269011,0.0260595609213896,0.009));
#11974=CARTESIAN_POINT('',(-0.0539848426254721,0.0265667276963153,0.009));
#11975=CARTESIAN_POINT('',(-0.054309343524043,0.027073894471241,0.009));
#11976=CARTESIAN_POINT('',(-0.0541615517708376,0.0273048801700907,0.009));
#11977=CARTESIAN_POINT('',(-0.0755505536111897,-0.0533402383327484,0.009));
#11978=CARTESIAN_POINT('',(-0.0755505536111897,0.0326597616672516,0.009));
#11979=CARTESIAN_POINT('',(-0.0755505536111897,-0.0523402383327484,0.009));
#11980=CARTESIAN_POINT('',(-0.0370505536111898,-0.0523402383327484,0.009));
#11981=CARTESIAN_POINT('',(-0.0380505536111898,-0.0523402383327484,0.009));
#11982=CARTESIAN_POINT('',(-0.0380505536111898,-0.0098402383327484,0.009));
#11983=CARTESIAN_POINT('',(-0.0380505536111898,0.0326597616672516,0.009));
#11984=CARTESIAN_POINT('',(-0.0568005536111897,0.0326597616672516,0.009));
#11985=CARTESIAN_POINT('',(-0.0505505536111897,-0.0218402383327484,0.009));
#11986=CARTESIAN_POINT('',(-0.0505505536111897,-0.0293402383327484,0.009));
#11987=CARTESIAN_POINT('',(-0.0505505536111897,-0.0218402383327484,0.009));
#11988=CARTESIAN_POINT('',(-0.0430505536111897,-0.0218402383327484,0.009));
#11989=CARTESIAN_POINT('',(-0.0420505536111897,-0.0218402383327484,0.009));
#11990=CARTESIAN_POINT('',(-0.0420505536111897,-0.0283402383327484,0.009));
#11991=CARTESIAN_POINT('',(-0.0420505536111897,-0.0293402383327484,0.009));
#11992=CARTESIAN_POINT('',(-0.0568005536111897,-0.0293402383327484,0.009));
#11993=CARTESIAN_POINT('',(-0.0530505536111897,-0.0218402383327484,0.009));
#11994=CARTESIAN_POINT('',(-0.0605505536111897,-0.0218402383327484,0.009));
#11995=CARTESIAN_POINT('',(-0.0520505536111897,-0.0218402383327484,0.009));
#11996=CARTESIAN_POINT('',(-0.0520505536111897,-0.0283402383327484,0.009));
#11997=CARTESIAN_POINT('',(-0.0520505536111897,-0.0293402383327484,0.009));
#11998=CARTESIAN_POINT('',(-0.0568005536111897,-0.0293402383327484,0.009));
#11999=CARTESIAN_POINT('',(-0.0605505536111897,-0.0293402383327484,0.009));
#12000=CARTESIAN_POINT('',(-0.0605505536111897,-0.0218402383327484,0.009));
#12001=CARTESIAN_POINT('',(-0.0630505536111897,-0.0293402383327484,0.009));
#12002=CARTESIAN_POINT('',(-0.0630505536111897,-0.0218402383327484,0.009));
#12003=CARTESIAN_POINT('',(-0.0630505536111897,-0.0293402383327484,0.009));
#12004=CARTESIAN_POINT('',(-0.0568005536111897,-0.0293402383327484,0.009));
#12005=CARTESIAN_POINT('',(-0.0715505536111897,-0.0293402383327484,0.009));
#12006=CARTESIAN_POINT('',(-0.0715505536111897,-0.0098402383327484,0.009));
#12007=CARTESIAN_POINT('',(-0.0715505536111897,-0.0218402383327484,0.009));
#12008=CARTESIAN_POINT('',(-0.0640505536111897,-0.0218402383327484,0.009));
#12009=CARTESIAN_POINT('',(-0.0445505536111898,0.0101597616672516,0.009));
#12010=CARTESIAN_POINT('',(-0.0700505536111897,0.0101597616672516,0.009));
#12011=CARTESIAN_POINT('',(-0.0435505536111898,0.0101597616672516,0.009));
#12012=CARTESIAN_POINT('',(-0.0435505536111898,-0.00784023833274841,0.009));
#12013=CARTESIAN_POINT('',(-0.0435505536111898,-0.00884023833274841,0.009));
#12014=CARTESIAN_POINT('',(-0.0568005536111897,-0.00884023833274841,0.009));
#12015=CARTESIAN_POINT('',(-0.0700505536111897,-0.00884023833274841,0.009));
#12016=CARTESIAN_POINT('',(-0.0700505536111897,-0.0098402383327484,0.009));
#12017=CARTESIAN_POINT('',(-0.0694937870139254,-0.0431542418781942,0.009));
#12018=CARTESIAN_POINT('',(-0.0669937870139254,-0.0431542418781942,0.009));
#12019=CARTESIAN_POINT('',(-0.0719937870139254,-0.0431542418781942,0.009));
#12020=CARTESIAN_POINT('',(-0.0669937870139254,-0.0441542418781942,0.009));
#12021=CARTESIAN_POINT('',(-0.0659937870139254,-0.0441542418781942,0.009));
#12022=CARTESIAN_POINT('',(-0.0659937870139254,-0.0466542418781941,0.009));
#12023=CARTESIAN_POINT('',(-0.0659937870139254,-0.0491542418781941,0.009));
#12024=CARTESIAN_POINT('',(-0.0669937870139254,-0.0491542418781941,0.009));
#12025=CARTESIAN_POINT('',(-0.0669937870139254,-0.0501542418781941,0.009));
#12026=CARTESIAN_POINT('',(-0.0694937870139254,-0.0501542418781941,0.009));
#12027=CARTESIAN_POINT('',(-0.0719937870139254,-0.0501542418781941,0.009));
#12028=CARTESIAN_POINT('',(-0.0719937870139254,-0.0491542418781941,0.009));
#12029=CARTESIAN_POINT('',(-0.0729937870139254,-0.0491542418781941,0.009));
#12030=CARTESIAN_POINT('',(-0.0729937870139254,-0.0466542418781941,0.009));
#12031=CARTESIAN_POINT('',(-0.0729937870139254,-0.0441542418781942,0.009));
#12032=CARTESIAN_POINT('',(-0.0719937870139254,-0.0441542418781942,0.009));
#12033=CARTESIAN_POINT('',(-0.0568005536111897,-0.0533402383327484,0.009));
#12034=CARTESIAN_POINT('',(-0.0520505536111897,-0.0533402383327484,0.0072));
#12035=CARTESIAN_POINT('',(-0.0615505536111897,-0.0533402383327484,0.0072));
#12036=CARTESIAN_POINT('',(-0.0510505536111897,-0.0533402383327484,0.0072));
#12037=CARTESIAN_POINT('',(-0.0510505536111897,-0.0533402383327484,0.002));
#12038=CARTESIAN_POINT('',(-0.0510505536111897,-0.0533402383327484,0.001));
#12039=CARTESIAN_POINT('',(-0.0568005536111897,-0.0533402383327484,0.001));
#12040=CARTESIAN_POINT('',(-0.0615505536111897,-0.0533402383327484,0.001));
#12041=CARTESIAN_POINT('',(-0.0615505536111897,-0.0533402383327484,0.009));
#12042=CARTESIAN_POINT('',(-0.0765505536111897,-0.0533402383327484,0.008));
#12043=CARTESIAN_POINT('',(-0.0380505536111898,-0.0533402383327484,0.008));
#12044=CARTESIAN_POINT('',(-0.0755505536111897,-0.0533402383327484,0.008));
#12045=CARTESIAN_POINT('',(-0.0755505536111897,-0.0533402383327484,0.009));
#12046=CARTESIAN_POINT('',(-0.0755505536111897,-0.0533402383327484,0.));
#12047=CARTESIAN_POINT('',(-0.0568005536111897,-0.0533402383327484,0.));
#12048=CARTESIAN_POINT('',(-0.0380505536111898,-0.0533402383327484,0.));
#12049=CARTESIAN_POINT('',(-0.0380505536111898,-0.0533402383327484,0.009));
#12050=CARTESIAN_POINT('',(-0.0568005536111897,-0.0513402383327484,0.007));
#12051=CARTESIAN_POINT('',(-0.0568005536111897,-0.0513402383327484,0.));
#12052=CARTESIAN_POINT('',(-0.0745505536111897,-0.0513402383327484,0.));
#12053=CARTESIAN_POINT('',(-0.0390505536111898,-0.0513402383327484,0.));
#12054=CARTESIAN_POINT('',(-0.0745505536111897,-0.0513402383327484,0.007));
#12055=CARTESIAN_POINT('',(-0.0745505536111897,-0.0513402383327484,0.007));
#12056=CARTESIAN_POINT('',(-0.0568005536111897,-0.0513402383327484,0.007));
#12057=CARTESIAN_POINT('',(-0.0390505536111898,-0.0513402383327484,0.007));
#12058=CARTESIAN_POINT('',(-0.0390505536111898,-0.0513402383327484,0.007));
#12059=CARTESIAN_POINT('',(-0.0520505536111897,-0.0513402383327484,0.0041));
#12060=CARTESIAN_POINT('',(-0.0520505536111897,-0.0513402383327484,0.0062));
#12061=CARTESIAN_POINT('',(-0.0520505536111897,-0.0513402383327484,0.002));
#12062=CARTESIAN_POINT('',(-0.0563005536111897,-0.0513402383327484,0.0062));
#12063=CARTESIAN_POINT('',(-0.0605505536111897,-0.0513402383327484,0.0062));
#12064=CARTESIAN_POINT('',(-0.0605505536111897,-0.0513402383327484,0.0041));
#12065=CARTESIAN_POINT('',(-0.0605505536111897,-0.0513402383327484,0.002));
#12066=CARTESIAN_POINT('',(-0.0563005536111897,-0.0513402383327484,0.002));
#12067=CARTESIAN_POINT('',(-0.0568005536111897,-0.0098402383327484,0.007));
#12068=CARTESIAN_POINT('',(-0.0640505536111897,-0.0292264191433787,0.007));
#12069=CARTESIAN_POINT('',(-0.0640505536111897,-0.0228402383327484,0.007));
#12070=CARTESIAN_POINT('',(-0.0640505536111897,-0.0283402383327484,0.007));
#12071=CARTESIAN_POINT('',(-0.0673005536111897,-0.0228402383327484,0.007));
#12072=CARTESIAN_POINT('',(-0.0705505536111897,-0.0228402383327484,0.007));
#12073=CARTESIAN_POINT('',(-0.0705505536111897,-0.0255902383327484,0.007));
#12074=CARTESIAN_POINT('',(-0.0705505536111897,-0.0283402383327484,0.007));
#12075=CARTESIAN_POINT('',(-0.0673005536111897,-0.0283402383327484,0.007));
#12076=CARTESIAN_POINT('',(-0.0595505536111897,-0.0292264191433787,0.007));
#12077=CARTESIAN_POINT('',(-0.0595505536111897,-0.0283402383327484,0.007));
#12078=CARTESIAN_POINT('',(-0.0595505536111897,-0.0228402383327484,0.007));
#12079=CARTESIAN_POINT('',(-0.0563005536111897,-0.0283402383327484,0.007));
#12080=CARTESIAN_POINT('',(-0.0530505536111897,-0.0283402383327484,0.007));
#12081=CARTESIAN_POINT('',(-0.0530505536111897,-0.0255902383327484,0.007));
#12082=CARTESIAN_POINT('',(-0.0530505536111897,-0.0228402383327484,0.007));
#12083=CARTESIAN_POINT('',(-0.0563005536111897,-0.0228402383327484,0.007));
#12084=CARTESIAN_POINT('',(-0.0495505536111897,-0.0255902383327484,0.007));
#12085=CARTESIAN_POINT('',(-0.0495505536111897,-0.0283402383327484,0.007));
#12086=CARTESIAN_POINT('',(-0.0495505536111897,-0.0228402383327484,0.007));
#12087=CARTESIAN_POINT('',(-0.0463005536111897,-0.0283402383327484,0.007));
#12088=CARTESIAN_POINT('',(-0.0430505536111897,-0.0283402383327484,0.007));
#12089=CARTESIAN_POINT('',(-0.0430505536111897,-0.0255902383327484,0.007));
#12090=CARTESIAN_POINT('',(-0.0430505536111897,-0.0228402383327484,0.007));
#12091=CARTESIAN_POINT('',(-0.0463005536111897,-0.0228402383327484,0.007));
#12092=CARTESIAN_POINT('',(-0.0530769517256534,0.0228506350094348,0.007));
#12093=CARTESIAN_POINT('',(-0.0534014526242242,0.0233578017843603,0.007));
#12094=CARTESIAN_POINT('',(-0.0527524508270826,0.0223434682345094,0.007));
#12095=CARTESIAN_POINT('',(-0.0524279499285118,0.0228506350094346,0.007));
#12096=CARTESIAN_POINT('',(-0.052103449029941,0.0233578017843601,0.007));
#12097=CARTESIAN_POINT('',(-0.0524279499285118,0.0238649685592859,0.007));
#12098=CARTESIAN_POINT('',(-0.0527524508270826,0.0243721353342113,0.007));
#12099=CARTESIAN_POINT('',(-0.0530769517256534,0.0238649685592856,0.007));
#12100=CARTESIAN_POINT('',(-0.0563713897815161,0.0203931713819294,0.007));
#12101=CARTESIAN_POINT('',(-0.0566958906800869,0.0209003381568549,0.007));
#12102=CARTESIAN_POINT('',(-0.0560468888829453,0.0198860046070039,0.007));
#12103=CARTESIAN_POINT('',(-0.0557223879843745,0.0203931713819292,0.007));
#12104=CARTESIAN_POINT('',(-0.0553978870858037,0.0209003381568547,0.007));
#12105=CARTESIAN_POINT('',(-0.0557223879843745,0.0214075049317805,0.007));
#12106=CARTESIAN_POINT('',(-0.0560468888829453,0.0219146717067059,0.007));
#12107=CARTESIAN_POINT('',(-0.0563713897815161,0.0214075049317803,0.007));
#12108=CARTESIAN_POINT('',(-0.0530806937389617,0.0262910370897084,0.007));
#12109=CARTESIAN_POINT('',(-0.0527587081174023,0.0267942727047033,0.007));
#12110=CARTESIAN_POINT('',(-0.0534026793605211,0.0257878014747138,0.007));
#12111=CARTESIAN_POINT('',(-0.0530781784619503,0.0252806346997883,0.007));
#12112=CARTESIAN_POINT('',(-0.0527536775633794,0.0247734679248628,0.007));
#12113=CARTESIAN_POINT('',(-0.0524291766648087,0.0252806346997881,0.007));
#12114=CARTESIAN_POINT('',(-0.0521046757662379,0.0257878014747136,0.007));
#12115=CARTESIAN_POINT('',(-0.0524219365194702,0.0262836525300914,0.007));
#12116=CARTESIAN_POINT('',(-0.0527391972727025,0.0267795035854688,0.007));
#12117=CARTESIAN_POINT('',(-0.0566720249619573,0.0216042870346,0.007));
#12118=CARTESIAN_POINT('',(-0.0533346140920333,0.0251510615558132,0.007));
#12119=CARTESIAN_POINT('',(-0.0530101131934624,0.0246438947808875,0.007));
#12120=CARTESIAN_POINT('',(-0.0536591149906043,0.0256582283307386,0.007));
#12121=CARTESIAN_POINT('',(-0.0539836158891753,0.025151061555813,0.007));
#12122=CARTESIAN_POINT('',(-0.0543081167877461,0.0246438947808875,0.007));
#12123=CARTESIAN_POINT('',(-0.0539836158891752,0.0241367280059617,0.007));
#12124=CARTESIAN_POINT('',(-0.0536591149906042,0.023629561231036,0.007));
#12125=CARTESIAN_POINT('',(-0.0533346140920334,0.0241367280059616,0.007));
#12126=CARTESIAN_POINT('',(-0.0514291193295736,0.0228643669780108,0.007));
#12127=CARTESIAN_POINT('',(-0.0517536202281444,0.0233715337529363,0.007));
#12128=CARTESIAN_POINT('',(-0.0511046184310028,0.0223572002030853,0.007));
#12129=CARTESIAN_POINT('',(-0.050780117532432,0.0228643669780105,0.007));
#12130=CARTESIAN_POINT('',(-0.0504556166338612,0.023371533752936,0.007));
#12131=CARTESIAN_POINT('',(-0.050780117532432,0.0238787005278619,0.007));
#12132=CARTESIAN_POINT('',(-0.0511046184310028,0.0243858673027873,0.007));
#12133=CARTESIAN_POINT('',(-0.0514291193295736,0.0238787005278615,0.007));
#12134=CARTESIAN_POINT('',(-0.0530757249893565,0.0204206353190814,0.007));
#12135=CARTESIAN_POINT('',(-0.0534002258879273,0.0209278020940068,0.007));
#12136=CARTESIAN_POINT('',(-0.0527512240907857,0.0199134685441558,0.007));
#12137=CARTESIAN_POINT('',(-0.0524267231922149,0.0204206353190811,0.007));
#12138=CARTESIAN_POINT('',(-0.0521022222936441,0.0209278020940066,0.007));
#12139=CARTESIAN_POINT('',(-0.0524267231922149,0.0214349688689324,0.007));
#12140=CARTESIAN_POINT('',(-0.0527512240907857,0.0219421356438579,0.007));
#12141=CARTESIAN_POINT('',(-0.0530757249893565,0.0214349688689321,0.007));
#12142=CARTESIAN_POINT('',(-0.0533333873557364,0.0227210618654597,0.007));
#12143=CARTESIAN_POINT('',(-0.0530088864571655,0.022213895090534,0.007));
#12144=CARTESIAN_POINT('',(-0.0536578882543075,0.0232282286403852,0.007));
#12145=CARTESIAN_POINT('',(-0.0539823891528784,0.0227210618654595,0.007));
#12146=CARTESIAN_POINT('',(-0.0543068900514493,0.022213895090534,0.007));
#12147=CARTESIAN_POINT('',(-0.0539823891528783,0.0217067283156083,0.007));
#12148=CARTESIAN_POINT('',(-0.0536578882543074,0.0211995615406825,0.007));
#12149=CARTESIAN_POINT('',(-0.0533333873557365,0.0217067283156081,0.007));
#12150=CARTESIAN_POINT('',(-0.0549799930155194,0.0202773302065303,0.007));
#12151=CARTESIAN_POINT('',(-0.0546554921169484,0.0197701634316046,0.007));
#12152=CARTESIAN_POINT('',(-0.0553044939140904,0.0207844969814557,0.007));
#12153=CARTESIAN_POINT('',(-0.0556289948126613,0.02027733020653,0.007));
#12154=CARTESIAN_POINT('',(-0.0559534957112322,0.0197701634316046,0.007));
#12155=CARTESIAN_POINT('',(-0.0556289948126612,0.0192629966566788,0.007));
#12156=CARTESIAN_POINT('',(-0.0553044939140903,0.0187558298817531,0.007));
#12157=CARTESIAN_POINT('',(-0.0549799930155194,0.0192629966566787,0.007));
#12158=CARTESIAN_POINT('',(-0.0582781112802727,0.0251098656500853,0.007));
#12159=CARTESIAN_POINT('',(-0.0579536103817017,0.0246026988751596,0.007));
#12160=CARTESIAN_POINT('',(-0.0586026121788437,0.0256170324250109,0.007));
#12161=CARTESIAN_POINT('',(-0.0589271130774146,0.0251098656500852,0.007));
#12162=CARTESIAN_POINT('',(-0.0592516139759855,0.0246026988751596,0.007));
#12163=CARTESIAN_POINT('',(-0.0589271130774145,0.0240955321002339,0.007));
#12164=CARTESIAN_POINT('',(-0.0586026121788436,0.0235883653253082,0.007));
#12165=CARTESIAN_POINT('',(-0.0582781112802727,0.0240955321002338,0.007));
#12166=CARTESIAN_POINT('',(-0.0582768845439758,0.0226798659597318,0.007));
#12167=CARTESIAN_POINT('',(-0.0579523836454049,0.0221726991848062,0.007));
#12168=CARTESIAN_POINT('',(-0.0586013854425468,0.0231870327346574,0.007));
#12169=CARTESIAN_POINT('',(-0.0589258863411177,0.0226798659597317,0.007));
#12170=CARTESIAN_POINT('',(-0.0592503872396886,0.0221726991848061,0.007));
#12171=CARTESIAN_POINT('',(-0.0589258863411177,0.0216655324098804,0.007));
#12172=CARTESIAN_POINT('',(-0.0586013854425467,0.0211583656349547,0.007));
#12173=CARTESIAN_POINT('',(-0.0582768845439758,0.0216655324098803,0.007));
#12174=CARTESIAN_POINT('',(-0.0580216756501896,0.0252394387940604,0.007));
#12175=CARTESIAN_POINT('',(-0.0583461765487604,0.0257466055689859,0.007));
#12176=CARTESIAN_POINT('',(-0.0576971747516188,0.0247322720191349,0.007));
#12177=CARTESIAN_POINT('',(-0.057372673853048,0.0252394387940603,0.007));
#12178=CARTESIAN_POINT('',(-0.0570481729544772,0.0257466055689858,0.007));
#12179=CARTESIAN_POINT('',(-0.057372673853048,0.0262537723439114,0.007));
#12180=CARTESIAN_POINT('',(-0.0576971747516188,0.0267609391188369,0.007));
#12181=CARTESIAN_POINT('',(-0.0580216756501896,0.0262537723439113,0.007));
#12182=CARTESIAN_POINT('',(-0.0599259436763525,0.0250961336815094,0.007));
#12183=CARTESIAN_POINT('',(-0.0596014427777815,0.0245889669065836,0.007));
#12184=CARTESIAN_POINT('',(-0.0602504445749235,0.025603300456435,0.007));
#12185=CARTESIAN_POINT('',(-0.0605749454734944,0.0250961336815093,0.007));
#12186=CARTESIAN_POINT('',(-0.0608994463720653,0.0245889669065836,0.007));
#12187=CARTESIAN_POINT('',(-0.0605749454734943,0.0240818001316579,0.007));
#12188=CARTESIAN_POINT('',(-0.0602504445749234,0.0235746333567322,0.007));
#12189=CARTESIAN_POINT('',(-0.0599259436763525,0.0240818001316579,0.007));
#12190=CARTESIAN_POINT('',(-0.05472601085803,0.0252669027312123,0.007));
#12191=CARTESIAN_POINT('',(-0.0550505117566008,0.0257740695061379,0.007));
#12192=CARTESIAN_POINT('',(-0.0544015099594592,0.0247597359562868,0.007));
#12193=CARTESIAN_POINT('',(-0.0540770090608884,0.0252669027312122,0.007));
#12194=CARTESIAN_POINT('',(-0.0537525081623176,0.0257740695061376,0.007));
#12195=CARTESIAN_POINT('',(-0.0540770090608884,0.0262812362810634,0.007));
#12196=CARTESIAN_POINT('',(-0.0544015099594592,0.0267884030559889,0.007));
#12197=CARTESIAN_POINT('',(-0.0547260108580301,0.0262812362810631,0.007));
#12198=CARTESIAN_POINT('',(-0.056372616517813,0.0228231710722829,0.007));
#12199=CARTESIAN_POINT('',(-0.0566971174163838,0.0233303378472084,0.007));
#12200=CARTESIAN_POINT('',(-0.0560481156192421,0.0223160042973574,0.007));
#12201=CARTESIAN_POINT('',(-0.0557236147206713,0.0228231710722827,0.007));
#12202=CARTESIAN_POINT('',(-0.0553991138221005,0.0233303378472083,0.007));
#12203=CARTESIAN_POINT('',(-0.0557236147206713,0.023837504622134,0.007));
#12204=CARTESIAN_POINT('',(-0.0560481156192422,0.0243446713970594,0.007));
#12205=CARTESIAN_POINT('',(-0.056372616517813,0.0238375046221337,0.007));
#12206=CARTESIAN_POINT('',(-0.0566302788841929,0.0251235976186613,0.007));
#12207=CARTESIAN_POINT('',(-0.056305777985622,0.0246164308437356,0.007));
#12208=CARTESIAN_POINT('',(-0.0569547797827639,0.0256307643935868,0.007));
#12209=CARTESIAN_POINT('',(-0.0572792806813348,0.0251235976186611,0.007));
#12210=CARTESIAN_POINT('',(-0.0576037815799057,0.0246164308437355,0.007));
#12211=CARTESIAN_POINT('',(-0.0572792806813347,0.0241092640688098,0.007));
#12212=CARTESIAN_POINT('',(-0.0569547797827638,0.0236020972938841,0.007));
#12213=CARTESIAN_POINT('',(-0.0566302788841929,0.0241092640688097,0.007));
#12214=CARTESIAN_POINT('',(-0.0613161137060523,0.022781975166555,0.007));
#12215=CARTESIAN_POINT('',(-0.0616406146046231,0.0232891419414805,0.007));
#12216=CARTESIAN_POINT('',(-0.0609916128074815,0.0222748083916295,0.007));
#12217=CARTESIAN_POINT('',(-0.0606671119089107,0.0227819751665549,0.007));
#12218=CARTESIAN_POINT('',(-0.0603426110103399,0.0232891419414805,0.007));
#12219=CARTESIAN_POINT('',(-0.0606671119089107,0.0237963087164061,0.007));
#12220=CARTESIAN_POINT('',(-0.0609916128074815,0.0243034754913315,0.007));
#12221=CARTESIAN_POINT('',(-0.0613161137060523,0.023796308716406,0.007));
#12222=CARTESIAN_POINT('',(-0.0596670545736756,0.0203657074447775,0.007));
#12223=CARTESIAN_POINT('',(-0.0599915554722465,0.020872874219703,0.007));
#12224=CARTESIAN_POINT('',(-0.0593425536751048,0.019858540669852,0.007));
#12225=CARTESIAN_POINT('',(-0.059018052776534,0.0203657074447774,0.007));
#12226=CARTESIAN_POINT('',(-0.0586935518779632,0.0208728742197029,0.007));
#12227=CARTESIAN_POINT('',(-0.059018052776534,0.0213800409946285,0.007));
#12228=CARTESIAN_POINT('',(-0.0593425536751048,0.021887207769554,0.007));
#12229=CARTESIAN_POINT('',(-0.0596670545736757,0.0213800409946284,0.007));
#12230=CARTESIAN_POINT('',(-0.058274431071382,0.0178198665790248,0.007));
#12231=CARTESIAN_POINT('',(-0.0579499301728111,0.0173126998040992,0.007));
#12232=CARTESIAN_POINT('',(-0.058598931969953,0.0183270333539504,0.007));
#12233=CARTESIAN_POINT('',(-0.058923432868524,0.0178198665790247,0.007));
#12234=CARTESIAN_POINT('',(-0.0592479337670949,0.0173126998040992,0.007));
#12235=CARTESIAN_POINT('',(-0.0589234328685239,0.0168055330291734,0.007));
#12236=CARTESIAN_POINT('',(-0.058598931969953,0.0162983662542477,0.007));
#12237=CARTESIAN_POINT('',(-0.0582744310713821,0.0168055330291733,0.007));
#12238=CARTESIAN_POINT('',(-0.0580167687050021,0.0165337735824974,0.007));
#12239=CARTESIAN_POINT('',(-0.0576922678064313,0.0170409403574228,0.007));
#12240=CARTESIAN_POINT('',(-0.0583412696035729,0.016026606807572,0.007));
#12241=CARTESIAN_POINT('',(-0.0580786675075072,0.0156161824952298,0.007));
#12242=CARTESIAN_POINT('',(-0.0578160654114414,0.0152057581828876,0.007));
#12243=CARTESIAN_POINT('',(-0.0566720249628055,0.0216042870334796,0.007));
#12244=CARTESIAN_POINT('',(-0.0575915677266391,0.0151696587531938,0.007));
#12245=CARTESIAN_POINT('',(-0.0573174168679644,0.0155981327803828,0.007));
#12246=CARTESIAN_POINT('',(-0.0570432660092897,0.0160266068075718,0.007));
#12247=CARTESIAN_POINT('',(-0.0573677669078605,0.0165337735824975,0.007));
#12248=CARTESIAN_POINT('',(-0.0615713225998385,0.0202224023322264,0.007));
#12249=CARTESIAN_POINT('',(-0.0612468217012675,0.0197152355573007,0.007));
#12250=CARTESIAN_POINT('',(-0.0618958234984095,0.0207295691071521,0.007));
#12251=CARTESIAN_POINT('',(-0.0622203243969804,0.0202224023322264,0.007));
#12252=CARTESIAN_POINT('',(-0.0625448252955513,0.0197152355573007,0.007));
#12253=CARTESIAN_POINT('',(-0.0622203243969803,0.019208068782375,0.007));
#12254=CARTESIAN_POINT('',(-0.0618958234984094,0.0187009020074492,0.007));
#12255=CARTESIAN_POINT('',(-0.0615713225998385,0.019208068782375,0.007));
#12256=CARTESIAN_POINT('',(-0.0628937494128,0.021460371115372,0.007));
#12257=CARTESIAN_POINT('',(-0.0626382184672644,0.0218597438324021,0.007));
#12258=CARTESIAN_POINT('',(-0.0631492803583355,0.0210609983983419,0.007));
#12259=CARTESIAN_POINT('',(-0.056672024962796,0.0216042870334829,0.007));
#12260=CARTESIAN_POINT('',(-0.0630816446950322,0.0205241134880522,0.007));
#12261=CARTESIAN_POINT('',(-0.0628599315811483,0.0201775951103761,0.007));
#12262=CARTESIAN_POINT('',(-0.0626382184672644,0.0198310767327,0.007));
#12263=CARTESIAN_POINT('',(-0.0623137175686936,0.0203382435076255,0.007));
#12264=CARTESIAN_POINT('',(-0.0619892166701228,0.0208454102825511,0.007));
#12265=CARTESIAN_POINT('',(-0.0623137175686936,0.0213525770574766,0.007));
#12266=CARTESIAN_POINT('',(-0.0613136602334585,0.017921975785848,0.007));
#12267=CARTESIAN_POINT('',(-0.0616381611320294,0.0184291425607736,0.007));
#12268=CARTESIAN_POINT('',(-0.0609891593348877,0.0174148090109226,0.007));
#12269=CARTESIAN_POINT('',(-0.0606646584363169,0.017921975785848,0.007));
#12270=CARTESIAN_POINT('',(-0.0603401575377461,0.0184291425607735,0.007));
#12271=CARTESIAN_POINT('',(-0.0606646584363169,0.0189363093356991,0.007));
#12272=CARTESIAN_POINT('',(-0.0609891593348877,0.0194434761106245,0.007));
#12273=CARTESIAN_POINT('',(-0.0613136602334586,0.018936309335699,0.007));
#12274=CARTESIAN_POINT('',(-0.0599234902037587,0.0202361343008024,0.007));
#12275=CARTESIAN_POINT('',(-0.0595989893051878,0.0197289675258767,0.007));
#12276=CARTESIAN_POINT('',(-0.0602479911023297,0.020743301075728,0.007));
#12277=CARTESIAN_POINT('',(-0.0605724920009006,0.0202361343008023,0.007));
#12278=CARTESIAN_POINT('',(-0.0608969928994715,0.0197289675258767,0.007));
#12279=CARTESIAN_POINT('',(-0.0605724920009006,0.019221800750951,0.007));
#12280=CARTESIAN_POINT('',(-0.0602479911023296,0.0187146339760252,0.007));
#12281=CARTESIAN_POINT('',(-0.0599234902037587,0.0192218007509509,0.007));
#12282=CARTESIAN_POINT('',(-0.0514278925932767,0.0204343672876573,0.007));
#12283=CARTESIAN_POINT('',(-0.0517523934918475,0.0209415340625828,0.007));
#12284=CARTESIAN_POINT('',(-0.0511033916947059,0.0199272005127318,0.007));
#12285=CARTESIAN_POINT('',(-0.0507788907961351,0.020434367287657,0.007));
#12286=CARTESIAN_POINT('',(-0.0504543898975643,0.0209415340625825,0.007));
#12287=CARTESIAN_POINT('',(-0.0507788907961351,0.0214487008375084,0.007));
#12288=CARTESIAN_POINT('',(-0.0511033916947059,0.0219558676124339,0.007));
#12289=CARTESIAN_POINT('',(-0.0514278925932767,0.021448700837508,0.007));
#12290=CARTESIAN_POINT('',(-0.0509193955400023,0.0192402151645793,0.007));
#12291=CARTESIAN_POINT('',(-0.0507366261215956,0.0189545624070782,0.007));
#12292=CARTESIAN_POINT('',(-0.0511021649584091,0.01952586792208,0.007));
#12293=CARTESIAN_POINT('',(-0.0514266658569799,0.0190187011471546,0.007));
#12294=CARTESIAN_POINT('',(-0.0517511667555507,0.0185115343722293,0.007));
#12295=CARTESIAN_POINT('',(-0.0515485736703001,0.0181948989418768,0.007));
#12296=CARTESIAN_POINT('',(-0.0513459805850496,0.0178782635115244,0.007));
#12297=CARTESIAN_POINT('',(-0.0566720249628051,0.0216042870334816,0.007));
#12298=CARTESIAN_POINT('',(-0.0530744982530596,0.0179906356287278,0.007));
#12299=CARTESIAN_POINT('',(-0.0533989991516304,0.0184978024036533,0.007));
#12300=CARTESIAN_POINT('',(-0.0527499973544888,0.0174834688538024,0.007));
#12301=CARTESIAN_POINT('',(-0.052425496455918,0.0179906356287276,0.007));
#12302=CARTESIAN_POINT('',(-0.0521009955573472,0.0184978024036531,0.007));
#12303=CARTESIAN_POINT('',(-0.052425496455918,0.0190049691785789,0.007));
#12304=CARTESIAN_POINT('',(-0.0527499973544888,0.0195121359535044,0.007));
#12305=CARTESIAN_POINT('',(-0.0530744982530597,0.0190049691785786,0.007));
#12306=CARTESIAN_POINT('',(-0.0566265986753023,0.0178335985476008,0.007));
#12307=CARTESIAN_POINT('',(-0.0563020977767313,0.0173264317726751,0.007));
#12308=CARTESIAN_POINT('',(-0.0569510995738733,0.0183407653225264,0.007));
#12309=CARTESIAN_POINT('',(-0.0572756004724442,0.0178335985476006,0.007));
#12310=CARTESIAN_POINT('',(-0.0576001013710151,0.0173264317726751,0.007));
#12311=CARTESIAN_POINT('',(-0.0572756004724441,0.0168192649977494,0.007));
#12312=CARTESIAN_POINT('',(-0.0569510995738732,0.0163120982228237,0.007));
#12313=CARTESIAN_POINT('',(-0.0566265986753023,0.0168192649977492,0.007));
#12314=CARTESIAN_POINT('',(-0.0582756578076789,0.0202498662693783,0.007));
#12315=CARTESIAN_POINT('',(-0.057951156909108,0.0197426994944527,0.007));
#12316=CARTESIAN_POINT('',(-0.0586001587062499,0.0207570330443039,0.007));
#12317=CARTESIAN_POINT('',(-0.0589246596048208,0.0202498662693782,0.007));
#12318=CARTESIAN_POINT('',(-0.0592491605033917,0.0197426994944527,0.007));
#12319=CARTESIAN_POINT('',(-0.0589246596048208,0.0192355327195269,0.007));
#12320=CARTESIAN_POINT('',(-0.0586001587062498,0.0187283659446012,0.007));
#12321=CARTESIAN_POINT('',(-0.058275657807679,0.0192355327195269,0.007));
#12322=CARTESIAN_POINT('',(-0.0533309338831427,0.0178610624847527,0.007));
#12323=CARTESIAN_POINT('',(-0.0530064329845718,0.017353895709827,0.007));
#12324=CARTESIAN_POINT('',(-0.0536554347817137,0.0183682292596782,0.007));
#12325=CARTESIAN_POINT('',(-0.0539799356802846,0.0178610624847525,0.007));
#12326=CARTESIAN_POINT('',(-0.0543044365788555,0.017353895709827,0.007));
#12327=CARTESIAN_POINT('',(-0.0539799356802846,0.0168467289349013,0.007));
#12328=CARTESIAN_POINT('',(-0.0536554347817136,0.0163395621599756,0.007));
#12329=CARTESIAN_POINT('',(-0.0533309338831427,0.0168467289349011,0.007));
#12330=CARTESIAN_POINT('',(-0.0549787662792225,0.0178473305161768,0.007));
#12331=CARTESIAN_POINT('',(-0.0546542653806515,0.0173401637412511,0.007));
#12332=CARTESIAN_POINT('',(-0.0553032671777935,0.0183544972911023,0.007));
#12333=CARTESIAN_POINT('',(-0.0556277680763644,0.0178473305161766,0.007));
#12334=CARTESIAN_POINT('',(-0.0559522689749353,0.0173401637412511,0.007));
#12335=CARTESIAN_POINT('',(-0.0556277680763643,0.0168329969663253,0.007));
#12336=CARTESIAN_POINT('',(-0.0553032671777934,0.0163258301913997,0.007));
#12337=CARTESIAN_POINT('',(-0.0549787662792225,0.0168329969663252,0.007));
#12338=CARTESIAN_POINT('',(-0.0626878513374043,0.0193502549859811,0.007));
#12339=CARTESIAN_POINT('',(-0.0626369917309675,0.0194297441420485,0.007));
#12340=CARTESIAN_POINT('',(-0.0627387109438411,0.0192707658299137,0.007));
#12341=CARTESIAN_POINT('',(-0.0566720249628056,0.0216042870334813,0.007));
#12342=CARTESIAN_POINT('',(-0.0621680849534808,0.0181339376881138,0.007));
#12343=CARTESIAN_POINT('',(-0.0620780374436533,0.0182746741401557,0.007));
#12344=CARTESIAN_POINT('',(-0.0619879899338259,0.0184154105921976,0.007));
#12345=CARTESIAN_POINT('',(-0.0623124908323967,0.0189225773671231,0.007));
#12346=CARTESIAN_POINT('',(-0.0615540999506159,0.0258562738189681,0.007));
#12347=CARTESIAN_POINT('',(-0.0614663585603118,0.0259934060061023,0.007));
#12348=CARTESIAN_POINT('',(-0.06164184134092,0.025719141631834,0.007));
#12349=CARTESIAN_POINT('',(-0.0613173404423492,0.0252119748569085,0.007));
#12350=CARTESIAN_POINT('',(-0.0609928395437784,0.024704808081983,0.007));
#12351=CARTESIAN_POINT('',(-0.0606683386452076,0.0252119748569084,0.007));
#12352=CARTESIAN_POINT('',(-0.0603438377466368,0.0257191416318339,0.007));
#12353=CARTESIAN_POINT('',(-0.0606121787921662,0.026138535424704,0.007));
#12354=CARTESIAN_POINT('',(-0.0608805198376957,0.026557929217574,0.007));
#12355=CARTESIAN_POINT('',(-0.0566720249628055,0.021604287033482,0.007));
#12356=CARTESIAN_POINT('',(-0.0619891898760409,0.0181517285795853,0.007));
#12357=CARTESIAN_POINT('',(-0.0618945967621126,0.0182995694167986,0.007));
#12358=CARTESIAN_POINT('',(-0.0620837829899693,0.0180038877423718,0.007));
#12359=CARTESIAN_POINT('',(-0.0566720249628051,0.0216042870334816,0.007));
#12360=CARTESIAN_POINT('',(-0.0613617992999491,0.0171036185646133,0.007));
#12361=CARTESIAN_POINT('',(-0.0613036971324599,0.0171944272157802,0.007));
#12362=CARTESIAN_POINT('',(-0.0612455949649707,0.0172852358669472,0.007));
#12363=CARTESIAN_POINT('',(-0.0615700958635416,0.0177924026418729,0.007));
#12364=CARTESIAN_POINT('',(-0.0745505536111897,-0.00984023833274841,0.007));
#12365=CARTESIAN_POINT('',(-0.0745505536111897,0.0316597616672516,0.007));
#12366=CARTESIAN_POINT('',(-0.0568005536111897,0.0316597616672516,0.007));
#12367=CARTESIAN_POINT('',(-0.0390505536111898,0.0316597616672516,0.007));
#12368=CARTESIAN_POINT('',(-0.0390505536111898,-0.00984023833274841,0.007));
#12369=CARTESIAN_POINT('',(-0.0690505536111897,0.000659761667251591,0.007));
#12370=CARTESIAN_POINT('',(-0.0690505536111897,0.00915976166725159,0.007));
#12371=CARTESIAN_POINT('',(-0.0690505536111897,-0.00784023833274841,0.007));
#12372=CARTESIAN_POINT('',(-0.0568005536111897,-0.00784023833274841,0.007));
#12373=CARTESIAN_POINT('',(-0.0445505536111898,-0.00784023833274841,0.007));
#12374=CARTESIAN_POINT('',(-0.0445505536111898,0.000659761667251591,0.007));
#12375=CARTESIAN_POINT('',(-0.0445505536111898,0.00915976166725159,0.007));
#12376=CARTESIAN_POINT('',(-0.0568005536111897,0.00915976166725159,0.007));
#12377=CARTESIAN_POINT('',(-0.0430505536111897,-0.0333402383327484,0.007));
#12378=CARTESIAN_POINT('',(-0.0403505536111897,-0.0333402383327484,0.007));
#12379=CARTESIAN_POINT('',(-0.0705505536111897,0.0196597616672516,0.007));
#12380=CARTESIAN_POINT('',(-0.0678505536111897,0.0196597616672516,0.007));
#12381=CARTESIAN_POINT('',(-0.0596642508163837,0.01652058907854,0.007));
#12382=CARTESIAN_POINT('',(-0.0593401002025111,0.0170272083888469,0.007));
#12383=CARTESIAN_POINT('',(-0.0599884014302564,0.0160139697682331,0.007));
#12384=CARTESIAN_POINT('',(-0.0566720249628052,0.0216042870334816,0.007));
#12385=CARTESIAN_POINT('',(-0.0589972345603997,0.0155344105662664,0.007));
#12386=CARTESIAN_POINT('',(-0.0588441664828846,0.0157736427026311,0.007));
#12387=CARTESIAN_POINT('',(-0.0586910984053695,0.0160128748389959,0.007));
#12388=CARTESIAN_POINT('',(-0.0590155993039403,0.0165200416139216,0.007));
#12389=CARTESIAN_POINT('',(-0.0596953609640654,0.027163835298257,0.007));
#12390=CARTESIAN_POINT('',(-0.0596026695140784,0.0270189665969372,0.007));
#12391=CARTESIAN_POINT('',(-0.0597880524140523,0.0273087039995767,0.007));
#12392=CARTESIAN_POINT('',(-0.0566720249628052,0.0216042870334817,0.007));
#12393=CARTESIAN_POINT('',(-0.0607001982418463,0.0267056417588481,0.007));
#12394=CARTESIAN_POINT('',(-0.0604759347765333,0.0263551374029668,0.007));
#12395=CARTESIAN_POINT('',(-0.0602516713112202,0.0260046330470857,0.007));
#12396=CARTESIAN_POINT('',(-0.0599271704126494,0.0265117998220114,0.007));
#12397=CARTESIAN_POINT('',(-0.0582158796311828,0.0274406853850047,0.007));
#12398=CARTESIAN_POINT('',(-0.0579548371179986,0.0270326985655131,0.007));
#12399=CARTESIAN_POINT('',(-0.0584769221443671,0.0278486722044964,0.007));
#12400=CARTESIAN_POINT('',(-0.0566720249628035,0.021604287033477,0.007));
#12401=CARTESIAN_POINT('',(-0.0587953660215319,0.0277476918507084,0.007));
#12402=CARTESIAN_POINT('',(-0.0590241033669071,0.0273901952081107,0.007));
#12403=CARTESIAN_POINT('',(-0.0592528407122824,0.0270326985655131,0.007));
#12404=CARTESIAN_POINT('',(-0.0589283398137114,0.0265255317905874,0.007));
#12405=CARTESIAN_POINT('',(-0.0586038389151405,0.0260183650156617,0.007));
#12406=CARTESIAN_POINT('',(-0.0582793380165696,0.0265255317905873,0.007));
#12407=CARTESIAN_POINT('',(-0.0547211039128425,0.0165612375196492,0.007));
#12408=CARTESIAN_POINT('',(-0.0543966030142718,0.0170684042945747,0.007));
#12409=CARTESIAN_POINT('',(-0.0550456048114133,0.0160540707447239,0.007));
#12410=CARTESIAN_POINT('',(-0.0548454274940763,0.015741210950208,0.007));
#12411=CARTESIAN_POINT('',(-0.0546452501767392,0.0154283511556921,0.007));
#12412=CARTESIAN_POINT('',(-0.056672024962806,0.0216042870334838,0.007));
#12413=CARTESIAN_POINT('',(-0.053982615152322,0.0156867643363323,0.007));
#12414=CARTESIAN_POINT('',(-0.0538651081847261,0.015870417540528,0.007));
#12415=CARTESIAN_POINT('',(-0.0537476012171301,0.0160540707447237,0.007));
#12416=CARTESIAN_POINT('',(-0.0540721021157009,0.0165612375196495,0.007));
#12417=CARTESIAN_POINT('',(-0.0526091184340452,0.0168638720051566,0.007));
#12418=CARTESIAN_POINT('',(-0.0524694662498984,0.0166456077471623,0.007));
#12419=CARTESIAN_POINT('',(-0.052748770618192,0.0170821362631506,0.007));
#12420=CARTESIAN_POINT('',(-0.0530732715167628,0.0165749694882251,0.007));
#12421=CARTESIAN_POINT('',(-0.0533977724153336,0.0160678027132999,0.007));
#12422=CARTESIAN_POINT('',(-0.0533794947798412,0.0160392363534323,0.007));
#12423=CARTESIAN_POINT('',(-0.0533612171443488,0.0160106699935647,0.007));
#12424=CARTESIAN_POINT('',(-0.0566720249628052,0.0216042870334817,0.007));
#12425=CARTESIAN_POINT('',(-0.058017995441299,0.017949439723,0.007));
#12426=CARTESIAN_POINT('',(-0.0583424963398698,0.0184566064979255,0.007));
#12427=CARTESIAN_POINT('',(-0.0576934945427282,0.0174422729480745,0.007));
#12428=CARTESIAN_POINT('',(-0.0573689936441574,0.0179494397229999,0.007));
#12429=CARTESIAN_POINT('',(-0.0570444927455866,0.0184566064979253,0.007));
#12430=CARTESIAN_POINT('',(-0.0573689936441574,0.018963773272851,0.007));
#12431=CARTESIAN_POINT('',(-0.0576934945427282,0.0194709400477765,0.007));
#12432=CARTESIAN_POINT('',(-0.058017995441299,0.0189637732728509,0.007));
#12433=CARTESIAN_POINT('',(-0.0563701630452192,0.017963171691576,0.007));
#12434=CARTESIAN_POINT('',(-0.05669466394379,0.0184703384665014,0.007));
#12435=CARTESIAN_POINT('',(-0.0560456621466484,0.0174560049166505,0.007));
#12436=CARTESIAN_POINT('',(-0.0557211612480776,0.0179631716915758,0.007));
#12437=CARTESIAN_POINT('',(-0.0553966603495068,0.0184703384665013,0.007));
#12438=CARTESIAN_POINT('',(-0.0557211612480776,0.018977505241427,0.007));
#12439=CARTESIAN_POINT('',(-0.0560456621466484,0.0194846720163524,0.007));
#12440=CARTESIAN_POINT('',(-0.0563701630452192,0.0189775052414268,0.007));
#12441=CARTESIAN_POINT('',(-0.0502673752141824,0.0213752650674312,0.007));
#12442=CARTESIAN_POINT('',(-0.0503622234621478,0.0212270254778345,0.007));
#12443=CARTESIAN_POINT('',(-0.0501725269662169,0.0215235046570283,0.007));
#12444=CARTESIAN_POINT('',(-0.0566720249628058,0.0216042870334816,0.007));
#12445=CARTESIAN_POINT('',(-0.0503786258837042,0.0232300570144974,0.007));
#12446=CARTESIAN_POINT('',(-0.050694925571497,0.0227357080210915,0.007));
#12447=CARTESIAN_POINT('',(-0.0510112252592897,0.0222413590276856,0.007));
#12448=CARTESIAN_POINT('',(-0.0506867243607187,0.0217341922527602,0.007));
#12449=CARTESIAN_POINT('',(-0.0516843282233598,0.0203047941436822,0.007));
#12450=CARTESIAN_POINT('',(-0.0513598273247888,0.0197976273687565,0.007));
#12451=CARTESIAN_POINT('',(-0.0520088291219308,0.0208119609186076,0.007));
#12452=CARTESIAN_POINT('',(-0.0523333300205017,0.0203047941436819,0.007));
#12453=CARTESIAN_POINT('',(-0.0526578309190726,0.0197976273687565,0.007));
#12454=CARTESIAN_POINT('',(-0.0523333300205016,0.0192904605938308,0.007));
#12455=CARTESIAN_POINT('',(-0.0520088291219307,0.0187832938189051,0.007));
#12456=CARTESIAN_POINT('',(-0.0516843282233598,0.0192904605938305,0.007));
#12457=CARTESIAN_POINT('',(-0.0547223306491394,0.0179769036601519,0.007));
#12458=CARTESIAN_POINT('',(-0.0550468315477102,0.0184840704350774,0.007));
#12459=CARTESIAN_POINT('',(-0.0543978297505686,0.0174697368852264,0.007));
#12460=CARTESIAN_POINT('',(-0.0540733288519978,0.0179769036601517,0.007));
#12461=CARTESIAN_POINT('',(-0.053748827953427,0.0184840704350772,0.007));
#12462=CARTESIAN_POINT('',(-0.0540733288519978,0.018991237210003,0.007));
#12463=CARTESIAN_POINT('',(-0.0543978297505686,0.0194984039849284,0.007));
#12464=CARTESIAN_POINT('',(-0.0547223306491394,0.0189912372100027,0.007));
#12465=CARTESIAN_POINT('',(-0.0517675150143087,0.0180067254789803,0.007));
#12466=CARTESIAN_POINT('',(-0.0515274276429835,0.0176314897297063,0.007));
#12467=CARTESIAN_POINT('',(-0.0520076023856339,0.0183819612282541,0.007));
#12468=CARTESIAN_POINT('',(-0.0523321032842048,0.0178747944533284,0.007));
#12469=CARTESIAN_POINT('',(-0.0526566041827757,0.017367627678403,0.007));
#12470=CARTESIAN_POINT('',(-0.0524750821966784,0.0170839245494671,0.007));
#12471=CARTESIAN_POINT('',(-0.0522935602105811,0.0168002214205312,0.007));
#12472=CARTESIAN_POINT('',(-0.0566720249628051,0.0216042870334816,0.007));
#12473=CARTESIAN_POINT('',(-0.0508187982981342,0.0195125299601761,0.007));
#12474=CARTESIAN_POINT('',(-0.0510099985229928,0.0198113593373321,0.007));
#12475=CARTESIAN_POINT('',(-0.0506275980732755,0.0192137005830198,0.007));
#12476=CARTESIAN_POINT('',(-0.0566720249628057,0.0216042870334817,0.007));
#12477=CARTESIAN_POINT('',(-0.0502436148706075,0.0206422352227497,0.007));
#12478=CARTESIAN_POINT('',(-0.0503023057982292,0.0207339640549668,0.007));
#12479=CARTESIAN_POINT('',(-0.0503609967258509,0.0208256928871839,0.007));
#12480=CARTESIAN_POINT('',(-0.0506854976244219,0.0203185261122578,0.007));
#12481=CARTESIAN_POINT('',(-0.0623008135695044,0.0237604916331961,0.007));
#12482=CARTESIAN_POINT('',(-0.0619904434064197,0.0232754099729045,0.007));
#12483=CARTESIAN_POINT('',(-0.0626111837325892,0.0242455732934876,0.007));
#12484=CARTESIAN_POINT('',(-0.0566720249628052,0.0216042870334817,0.007));
#12485=CARTESIAN_POINT('',(-0.0630431785430263,0.0228920766347886,0.007));
#12486=CARTESIAN_POINT('',(-0.0628413118732938,0.0225765765289211,0.007));
#12487=CARTESIAN_POINT('',(-0.0626394452035613,0.0222610764230535,0.007));
#12488=CARTESIAN_POINT('',(-0.0623149443049905,0.022768243197979,0.007));
#12489=CARTESIAN_POINT('',(-0.0615725493361354,0.0226524020225799,0.007));
#12490=CARTESIAN_POINT('',(-0.0612480484375644,0.0221452352476542,0.007));
#12491=CARTESIAN_POINT('',(-0.0618970502347064,0.0231595687975055,0.007));
#12492=CARTESIAN_POINT('',(-0.0622215511332773,0.0226524020225798,0.007));
#12493=CARTESIAN_POINT('',(-0.0625460520318482,0.0221452352476542,0.007));
#12494=CARTESIAN_POINT('',(-0.0622215511332772,0.0216380684727285,0.007));
#12495=CARTESIAN_POINT('',(-0.0618970502347063,0.0211309016978028,0.007));
#12496=CARTESIAN_POINT('',(-0.0615725493361354,0.0216380684727285,0.007));
#12497=CARTESIAN_POINT('',(-0.0613148869697554,0.0203519754762015,0.007));
#12498=CARTESIAN_POINT('',(-0.0616393878683262,0.0208591422511271,0.007));
#12499=CARTESIAN_POINT('',(-0.0609903860711846,0.019844808701276,0.007));
#12500=CARTESIAN_POINT('',(-0.0606658851726138,0.0203519754762015,0.007));
#12501=CARTESIAN_POINT('',(-0.060341384274043,0.0208591422511269,0.007));
#12502=CARTESIAN_POINT('',(-0.0606658851726138,0.0213663090260526,0.007));
#12503=CARTESIAN_POINT('',(-0.0609903860711846,0.0218734758009781,0.007));
#12504=CARTESIAN_POINT('',(-0.0613148869697554,0.0213663090260525,0.007));
#12505=CARTESIAN_POINT('',(-0.0599222634674618,0.0178061346104489,0.007));
#12506=CARTESIAN_POINT('',(-0.0595977625688909,0.0172989678355232,0.007));
#12507=CARTESIAN_POINT('',(-0.0602467643660328,0.0183133013853745,0.007));
#12508=CARTESIAN_POINT('',(-0.0605712652646037,0.0178061346104488,0.007));
#12509=CARTESIAN_POINT('',(-0.0608957661631746,0.0172989678355232,0.007));
#12510=CARTESIAN_POINT('',(-0.0605712652646037,0.0167918010605974,0.007));
#12511=CARTESIAN_POINT('',(-0.0602467643660327,0.0162846342856718,0.007));
#12512=CARTESIAN_POINT('',(-0.0599222634674619,0.0167918010605974,0.007));
#12513=CARTESIAN_POINT('',(-0.0563689363089223,0.0165475055510733,0.007));
#12514=CARTESIAN_POINT('',(-0.0560444354103515,0.0170546723259987,0.007));
#12515=CARTESIAN_POINT('',(-0.0566934372074931,0.0160403387761479,0.007));
#12516=CARTESIAN_POINT('',(-0.056401765119145,0.0155844805858169,0.007));
#12517=CARTESIAN_POINT('',(-0.0561100930307969,0.0151286223954858,0.007));
#12518=CARTESIAN_POINT('',(-0.0566720249628028,0.0216042870334591,0.007));
#12519=CARTESIAN_POINT('',(-0.0559700222692928,0.015142306515227,0.007));
#12520=CARTESIAN_POINT('',(-0.0556827279412514,0.0155913226456874,0.007));
#12521=CARTESIAN_POINT('',(-0.0553954336132099,0.0160403387761477,0.007));
#12522=CARTESIAN_POINT('',(-0.0557199345117807,0.0165475055510735,0.007));
#12523=CARTESIAN_POINT('',(-0.0596658278373788,0.017935707754424,0.007));
#12524=CARTESIAN_POINT('',(-0.0599903287359496,0.0184428745293495,0.007));
#12525=CARTESIAN_POINT('',(-0.059341326938808,0.0174285409794985,0.007));
#12526=CARTESIAN_POINT('',(-0.0590168260402372,0.0179357077544239,0.007));
#12527=CARTESIAN_POINT('',(-0.0586923251416664,0.0184428745293494,0.007));
#12528=CARTESIAN_POINT('',(-0.0590168260402372,0.0189500413042751,0.007));
#12529=CARTESIAN_POINT('',(-0.059341326938808,0.0194572080792005,0.007));
#12530=CARTESIAN_POINT('',(-0.0596658278373788,0.0189500413042749,0.007));
#12531=CARTESIAN_POINT('',(-0.0599247169400556,0.0226661339911558,0.007));
#12532=CARTESIAN_POINT('',(-0.0596002160414846,0.0221589672162302,0.007));
#12533=CARTESIAN_POINT('',(-0.0602492178386266,0.0231733007660814,0.007));
#12534=CARTESIAN_POINT('',(-0.0605737187371975,0.0226661339911558,0.007));
#12535=CARTESIAN_POINT('',(-0.0608982196357684,0.0221589672162302,0.007));
#12536=CARTESIAN_POINT('',(-0.0605737187371974,0.0216518004413045,0.007));
#12537=CARTESIAN_POINT('',(-0.0602492178386265,0.0211446336663787,0.007));
#12538=CARTESIAN_POINT('',(-0.0599247169400556,0.0216518004413044,0.007));
#12539=CARTESIAN_POINT('',(-0.0615529962214231,0.0250499246071191,0.007));
#12540=CARTESIAN_POINT('',(-0.0612492751738613,0.0245752349380077,0.007));
#12541=CARTESIAN_POINT('',(-0.061856717268985,0.0255246142762305,0.007));
#12542=CARTESIAN_POINT('',(-0.0566720249628055,0.0216042870334818,0.007));
#12543=CARTESIAN_POINT('',(-0.0624947702585453,0.0244931686892326,0.007));
#12544=CARTESIAN_POINT('',(-0.0621965236147743,0.0240270350386944,0.007));
#12545=CARTESIAN_POINT('',(-0.0618982769710032,0.0235609013881562,0.007));
#12546=CARTESIAN_POINT('',(-0.0615737760724323,0.0240680681630819,0.007));
#12547=CARTESIAN_POINT('',(-0.0533578299484827,0.0265323606076558,0.007));
#12548=CARTESIAN_POINT('',(-0.0536603417269011,0.0260595609213896,0.007));
#12549=CARTESIAN_POINT('',(-0.0530553181700643,0.0270051602939222,0.007));
#12550=CARTESIAN_POINT('',(-0.0566720249628046,0.0216042870334824,0.007));
#12551=CARTESIAN_POINT('',(-0.0540137600176321,0.0275358658689406,0.007));
#12552=CARTESIAN_POINT('',(-0.0541615517708376,0.0273048801700907,0.007));
#12553=CARTESIAN_POINT('',(-0.054309343524043,0.027073894471241,0.007));
#12554=CARTESIAN_POINT('',(-0.0539848426254721,0.0265667276963153,0.007));
#12555=CARTESIAN_POINT('',(-0.0549408385569715,0.0275003824055313,0.007));
#12556=CARTESIAN_POINT('',(-0.054659172325839,0.027060162502665,0.007));
#12557=CARTESIAN_POINT('',(-0.055222504788104,0.0279406023083976,0.007));
#12558=CARTESIAN_POINT('',(-0.0566720249628127,0.0216042870334472,0.007));
#12559=CARTESIAN_POINT('',(-0.0553730110424189,0.0279731615678591,0.007));
#12560=CARTESIAN_POINT('',(-0.0556650934812709,0.027516662035262,0.007));
#12561=CARTESIAN_POINT('',(-0.0559571759201228,0.027060162502665,0.007));
#12562=CARTESIAN_POINT('',(-0.0556326750215518,0.0265529957277393,0.007));
#12563=CARTESIAN_POINT('',(-0.0553081741229809,0.0260458289528136,0.007));
#12564=CARTESIAN_POINT('',(-0.05498367322441,0.0265529957277391,0.007));
#12565=CARTESIAN_POINT('',(-0.0563738432541098,0.0252531707626364,0.007));
#12566=CARTESIAN_POINT('',(-0.0566983441526806,0.0257603375375619,0.007));
#12567=CARTESIAN_POINT('',(-0.056049342355539,0.0247460039877109,0.007));
#12568=CARTESIAN_POINT('',(-0.0557248414569682,0.0252531707626363,0.007));
#12569=CARTESIAN_POINT('',(-0.0554003405583974,0.0257603375375617,0.007));
#12570=CARTESIAN_POINT('',(-0.0557248414569682,0.0262675043124874,0.007));
#12571=CARTESIAN_POINT('',(-0.056049342355539,0.0267746710874129,0.007));
#12572=CARTESIAN_POINT('',(-0.0563738432541099,0.0262675043124872,0.007));
#12573=CARTESIAN_POINT('',(-0.056629052147896,0.0226935979283078,0.007));
#12574=CARTESIAN_POINT('',(-0.0563045512493251,0.0221864311533821,0.007));
#12575=CARTESIAN_POINT('',(-0.056953553046467,0.0232007647032333,0.007));
#12576=CARTESIAN_POINT('',(-0.0572780539450379,0.0226935979283077,0.007));
#12577=CARTESIAN_POINT('',(-0.0576025548436088,0.0221864311533821,0.007));
#12578=CARTESIAN_POINT('',(-0.0572780539450379,0.0216792643784563,0.007));
#12579=CARTESIAN_POINT('',(-0.0569535530464669,0.0211720976035306,0.007));
#12580=CARTESIAN_POINT('',(-0.056629052147896,0.0216792643784562,0.007));
#12581=CARTESIAN_POINT('',(-0.0549824464881131,0.0251373295872372,0.007));
#12582=CARTESIAN_POINT('',(-0.0546579455895422,0.0246301628123116,0.007));
#12583=CARTESIAN_POINT('',(-0.0553069473866841,0.0256444963621627,0.007));
#12584=CARTESIAN_POINT('',(-0.055631448285255,0.0251373295872371,0.007));
#12585=CARTESIAN_POINT('',(-0.0559559491838259,0.0246301628123116,0.007));
#12586=CARTESIAN_POINT('',(-0.055631448285255,0.0241229960373858,0.007));
#12587=CARTESIAN_POINT('',(-0.055306947386684,0.0236158292624601,0.007));
#12588=CARTESIAN_POINT('',(-0.0549824464881131,0.0241229960373857,0.007));
#12589=CARTESIAN_POINT('',(-0.0596695080462694,0.0252257068254845,0.007));
#12590=CARTESIAN_POINT('',(-0.0599940089448402,0.02573287360041,0.007));
#12591=CARTESIAN_POINT('',(-0.0593450071476986,0.024718540050559,0.007));
#12592=CARTESIAN_POINT('',(-0.0590205062491278,0.0252257068254844,0.007));
#12593=CARTESIAN_POINT('',(-0.058696005350557,0.0257328736004099,0.007));
#12594=CARTESIAN_POINT('',(-0.0590205062491278,0.0262400403753355,0.007));
#12595=CARTESIAN_POINT('',(-0.0593450071476986,0.026747207150261,0.007));
#12596=CARTESIAN_POINT('',(-0.0596695080462694,0.0262400403753353,0.007));
#12597=CARTESIAN_POINT('',(-0.0566315056204898,0.0275535973090148,0.007));
#12598=CARTESIAN_POINT('',(-0.0563070047219188,0.0270464305340891,0.007));
#12599=CARTESIAN_POINT('',(-0.0569560065190608,0.0280607640839403,0.007));
#12600=CARTESIAN_POINT('',(-0.0572805074176317,0.0275535973090146,0.007));
#12601=CARTESIAN_POINT('',(-0.0576050083162026,0.0270464305340891,0.007));
#12602=CARTESIAN_POINT('',(-0.0572805074176316,0.0265392637591634,0.007));
#12603=CARTESIAN_POINT('',(-0.0569560065190607,0.0260320969842376,0.007));
#12604=CARTESIAN_POINT('',(-0.0566315056204898,0.0265392637591632,0.007));
#12605=CARTESIAN_POINT('',(-0.0580204489138927,0.022809439103707,0.007));
#12606=CARTESIAN_POINT('',(-0.0583449498124635,0.0233166058786325,0.007));
#12607=CARTESIAN_POINT('',(-0.0576959480153219,0.0223022723287814,0.007));
#12608=CARTESIAN_POINT('',(-0.0573714471167511,0.0228094391037068,0.007));
#12609=CARTESIAN_POINT('',(-0.0570469462181803,0.0233166058786323,0.007));
#12610=CARTESIAN_POINT('',(-0.0573714471167511,0.023823772653558,0.007));
#12611=CARTESIAN_POINT('',(-0.0576959480153219,0.0243309394284835,0.007));
#12612=CARTESIAN_POINT('',(-0.0580204489138928,0.0238237726535578,0.007));
#12613=CARTESIAN_POINT('',(-0.0596682813099725,0.022795707135131,0.007));
#12614=CARTESIAN_POINT('',(-0.0599927822085433,0.0233028739100565,0.007));
#12615=CARTESIAN_POINT('',(-0.0593437804114017,0.0222885403602055,0.007));
#12616=CARTESIAN_POINT('',(-0.0590192795128309,0.0227957071351309,0.007));
#12617=CARTESIAN_POINT('',(-0.0586947786142601,0.0233028739100564,0.007));
#12618=CARTESIAN_POINT('',(-0.0590192795128309,0.023810040684982,0.007));
#12619=CARTESIAN_POINT('',(-0.0593437804114017,0.0243172074599075,0.007));
#12620=CARTESIAN_POINT('',(-0.0596682813099725,0.0238100406849819,0.007));
#12621=CARTESIAN_POINT('',(-0.0566278254115991,0.0202635982379543,0.007));
#12622=CARTESIAN_POINT('',(-0.0563033245130282,0.0197564314630286,0.007));
#12623=CARTESIAN_POINT('',(-0.0569523263101701,0.0207707650128798,0.007));
#12624=CARTESIAN_POINT('',(-0.0572768272087411,0.0202635982379542,0.007));
#12625=CARTESIAN_POINT('',(-0.0576013281073119,0.0197564314630286,0.007));
#12626=CARTESIAN_POINT('',(-0.057276827208741,0.0192492646881029,0.007));
#12627=CARTESIAN_POINT('',(-0.0569523263101701,0.0187420979131772,0.007));
#12628=CARTESIAN_POINT('',(-0.0566278254115992,0.0192492646881028,0.007));
#12629=CARTESIAN_POINT('',(-0.0547235573854363,0.0204069033505054,0.007));
#12630=CARTESIAN_POINT('',(-0.0550480582840071,0.0209140701254309,0.007));
#12631=CARTESIAN_POINT('',(-0.0543990564868655,0.0198997365755799,0.007));
#12632=CARTESIAN_POINT('',(-0.0540745555882947,0.0204069033505052,0.007));
#12633=CARTESIAN_POINT('',(-0.0537500546897239,0.0209140701254306,0.007));
#12634=CARTESIAN_POINT('',(-0.0540745555882947,0.0214212369003564,0.007));
#12635=CARTESIAN_POINT('',(-0.0543990564868655,0.0219284036752819,0.007));
#12636=CARTESIAN_POINT('',(-0.0547235573854363,0.0214212369003562,0.007));
#12637=CARTESIAN_POINT('',(-0.0533321606194396,0.0202910621751062,0.007));
#12638=CARTESIAN_POINT('',(-0.0530076597208686,0.0197838954001806,0.007));
#12639=CARTESIAN_POINT('',(-0.0536566615180106,0.0207982289500316,0.007));
#12640=CARTESIAN_POINT('',(-0.0539811624165815,0.020291062175106,0.007));
#12641=CARTESIAN_POINT('',(-0.0543056633151524,0.0197838954001805,0.007));
#12642=CARTESIAN_POINT('',(-0.0539811624165814,0.0192767286252548,0.007));
#12643=CARTESIAN_POINT('',(-0.0536566615180105,0.0187695618503291,0.007));
#12644=CARTESIAN_POINT('',(-0.0533321606194396,0.0192767286252546,0.007));
#12645=CARTESIAN_POINT('',(-0.0516855549596567,0.0227347938340357,0.007));
#12646=CARTESIAN_POINT('',(-0.0513610540610857,0.02222762705911,0.007));
#12647=CARTESIAN_POINT('',(-0.0520100558582277,0.0232419606089611,0.007));
#12648=CARTESIAN_POINT('',(-0.0523345567567986,0.0227347938340354,0.007));
#12649=CARTESIAN_POINT('',(-0.0526590576553695,0.0222276270591099,0.007));
#12650=CARTESIAN_POINT('',(-0.0523345567567985,0.0217204602841842,0.007));
#12651=CARTESIAN_POINT('',(-0.0520100558582276,0.0212132935092585,0.007));
#12652=CARTESIAN_POINT('',(-0.0516855549596567,0.021720460284184,0.007));
#12653=CARTESIAN_POINT('',(-0.0547247841217332,0.0228369030408588,0.007));
#12654=CARTESIAN_POINT('',(-0.055049285020304,0.0233440698157844,0.007));
#12655=CARTESIAN_POINT('',(-0.0544002832231623,0.0223297362659333,0.007));
#12656=CARTESIAN_POINT('',(-0.0540757823245916,0.0228369030408586,0.007));
#12657=CARTESIAN_POINT('',(-0.0537512814260208,0.0233440698157841,0.007));
#12658=CARTESIAN_POINT('',(-0.0540757823245916,0.0238512365907099,0.007));
#12659=CARTESIAN_POINT('',(-0.0544002832231624,0.0243584033656354,0.007));
#12660=CARTESIAN_POINT('',(-0.0547247841217332,0.0238512365907097,0.007));
#12661=CARTESIAN_POINT('',(-0.0580192221775959,0.0203794394133534,0.007));
#12662=CARTESIAN_POINT('',(-0.0583437230761667,0.0208866061882789,0.007));
#12663=CARTESIAN_POINT('',(-0.057694721279025,0.0198722726384279,0.007));
#12664=CARTESIAN_POINT('',(-0.0573702203804542,0.0203794394133533,0.007));
#12665=CARTESIAN_POINT('',(-0.0570457194818834,0.0208866061882788,0.007));
#12666=CARTESIAN_POINT('',(-0.0573702203804543,0.0213937729632045,0.007));
#12667=CARTESIAN_POINT('',(-0.0576947212790251,0.02190093973813,0.007));
#12668=CARTESIAN_POINT('',(-0.0580192221775959,0.0213937729632043,0.007));
#12669=CARTESIAN_POINT('',(-0.0549812197518162,0.0227073298968837,0.007));
#12670=CARTESIAN_POINT('',(-0.0546567188532453,0.022200163121958,0.007));
#12671=CARTESIAN_POINT('',(-0.0553057206503872,0.0232144966718092,0.007));
#12672=CARTESIAN_POINT('',(-0.0556302215489582,0.0227073298968835,0.007));
#12673=CARTESIAN_POINT('',(-0.055954722447529,0.022200163121958,0.007));
#12674=CARTESIAN_POINT('',(-0.0556302215489581,0.0216929963470323,0.007));
#12675=CARTESIAN_POINT('',(-0.0553057206503871,0.0211858295721066,0.007));
#12676=CARTESIAN_POINT('',(-0.0549812197518163,0.0216929963470321,0.007));
#12677=CARTESIAN_POINT('',(-0.0516867816959535,0.0251647935243892,0.007));
#12678=CARTESIAN_POINT('',(-0.0513622807973826,0.0246576267494635,0.007));
#12679=CARTESIAN_POINT('',(-0.0520112825945246,0.0256719602993145,0.007));
#12680=CARTESIAN_POINT('',(-0.0523357834930955,0.0251647935243889,0.007));
#12681=CARTESIAN_POINT('',(-0.0526602843916664,0.0246576267494635,0.007));
#12682=CARTESIAN_POINT('',(-0.0523357834930954,0.0241504599745378,0.007));
#12683=CARTESIAN_POINT('',(-0.0520112825945244,0.023643293199612,0.007));
#12684=CARTESIAN_POINT('',(-0.0516867816959536,0.0241504599745375,0.007));
#12685=CARTESIAN_POINT('',(-0.0568005536111897,-0.0098402383327484,0.));
#12686=CARTESIAN_POINT('',(-0.0380505536111898,-0.0283402383327484,0.));
#12687=CARTESIAN_POINT('',(-0.0373005536111898,-0.0283402383327484,0.));
#12688=CARTESIAN_POINT('',(-0.0380505536111898,-0.00834023833274842,0.));
#12689=CARTESIAN_POINT('',(-0.0373005536111898,-0.00834023833274842,0.));
#12690=CARTESIAN_POINT('',(-0.0380505536111898,0.0116597616672516,0.));
#12691=CARTESIAN_POINT('',(-0.0373005536111898,0.0116597616672516,0.));
#12692=CARTESIAN_POINT('',(-0.0380505536111898,0.0316597616672516,0.));
#12693=CARTESIAN_POINT('',(-0.0373005536111898,0.0316597616672516,0.));
#12694=CARTESIAN_POINT('',(-0.0755505536111897,-0.0483402383327484,0.));
#12695=CARTESIAN_POINT('',(-0.0748005536111897,-0.0483402383327484,0.));
#12696=CARTESIAN_POINT('',(-0.0755505536111897,-0.0283402383327484,0.));
#12697=CARTESIAN_POINT('',(-0.0748005536111897,-0.0283402383327484,0.));
#12698=CARTESIAN_POINT('',(-0.0755505536111897,-0.00834023833274842,0.));
#12699=CARTESIAN_POINT('',(-0.0748005536111897,-0.00834023833274842,0.));
#12700=CARTESIAN_POINT('',(-0.0755505536111897,0.0116597616672516,0.));
#12701=CARTESIAN_POINT('',(-0.0748005536111897,0.0116597616672516,0.));
#12702=CARTESIAN_POINT('',(-0.0755505536111897,0.0316597616672516,0.));
#12703=CARTESIAN_POINT('',(-0.0748005536111897,0.0316597616672516,0.));
#12704=CARTESIAN_POINT('',(-0.0380505536111898,-0.0483402383327484,0.));
#12705=CARTESIAN_POINT('',(-0.0373005536111898,-0.0483402383327484,0.));
#12706=CARTESIAN_POINT('',(-0.0755505536111897,-0.0523402383327484,0.));
#12707=CARTESIAN_POINT('',(-0.0765505536111897,-0.0523402383327484,0.));
#12708=CARTESIAN_POINT('',(-0.0765505536111897,-0.00984023833274841,0.));
#12709=CARTESIAN_POINT('',(-0.0765505536111897,0.0326597616672516,0.));
#12710=CARTESIAN_POINT('',(-0.0755505536111897,0.0326597616672516,0.));
#12711=CARTESIAN_POINT('',(-0.0755505536111897,0.0336597616672516,0.));
#12712=CARTESIAN_POINT('',(-0.0568005536111897,0.0336597616672516,0.));
#12713=CARTESIAN_POINT('',(-0.0380505536111898,0.0336597616672516,0.));
#12714=CARTESIAN_POINT('',(-0.0380505536111898,0.0326597616672516,0.));
#12715=CARTESIAN_POINT('',(-0.0370505536111898,0.0326597616672516,0.));
#12716=CARTESIAN_POINT('',(-0.0370505536111898,-0.00984023833274841,0.));
#12717=CARTESIAN_POINT('',(-0.0370505536111898,-0.0523402383327484,0.));
#12718=CARTESIAN_POINT('',(-0.0380505536111898,-0.0523402383327484,0.));
#12719=CARTESIAN_POINT('',(-0.0745505536111897,-0.00984023833274841,0.));
#12720=CARTESIAN_POINT('',(-0.0745505536111897,0.0316597616672516,0.));
#12721=CARTESIAN_POINT('',(-0.0390505536111898,-0.00984023833274841,0.));
#12722=CARTESIAN_POINT('',(-0.0390505536111898,0.0316597616672516,0.));
#12723=CARTESIAN_POINT('',(-0.0568005536111897,0.0316597616672516,0.));
#12724=CARTESIAN_POINT('',(-0.0690505536111897,0.000659761667251591,0.009));
#12725=CARTESIAN_POINT('',(-0.0690505536111897,0.00915976166725159,0.009));
#12726=CARTESIAN_POINT('',(-0.0690505536111897,0.00915976166725159,0.008));
#12727=CARTESIAN_POINT('',(-0.0690505536111897,0.000659761667251591,0.008));
#12728=CARTESIAN_POINT('',(-0.0690505536111897,-0.00784023833274841,0.008));
#12729=CARTESIAN_POINT('',(-0.0690505536111897,-0.00784023833274841,0.009));
#12730=CARTESIAN_POINT('',(-0.0568005536111897,0.00915976166725159,0.009));
#12731=CARTESIAN_POINT('',(-0.0445505536111898,0.00915976166725159,0.009));
#12732=CARTESIAN_POINT('',(-0.0445505536111898,0.00915976166725159,0.008));
#12733=CARTESIAN_POINT('',(-0.0690505536111897,0.00915976166725159,0.008));
#12734=CARTESIAN_POINT('',(-0.0445505536111898,0.000659761667251591,0.009));
#12735=CARTESIAN_POINT('',(-0.0445505536111898,-0.00784023833274841,0.009));
#12736=CARTESIAN_POINT('',(-0.0445505536111898,-0.00784023833274841,0.008));
#12737=CARTESIAN_POINT('',(-0.0445505536111898,0.00915976166725159,0.008));
#12738=CARTESIAN_POINT('',(-0.0563005536111897,-0.0228402383327484,0.009));
#12739=CARTESIAN_POINT('',(-0.0530505536111897,-0.0228402383327484,0.009));
#12740=CARTESIAN_POINT('',(-0.0530505536111897,-0.0228402383327484,0.008));
#12741=CARTESIAN_POINT('',(-0.0595505536111897,-0.0228402383327484,0.008));
#12742=CARTESIAN_POINT('',(-0.0595505536111897,-0.0228402383327484,0.008));
#12743=CARTESIAN_POINT('',(-0.0595505536111897,-0.0228402383327484,0.009));
#12744=CARTESIAN_POINT('',(-0.0463005536111897,-0.0228402383327484,0.009));
#12745=CARTESIAN_POINT('',(-0.0430505536111897,-0.0228402383327484,0.009));
#12746=CARTESIAN_POINT('',(-0.0430505536111897,-0.0228402383327484,0.008));
#12747=CARTESIAN_POINT('',(-0.0495505536111897,-0.0228402383327484,0.008));
#12748=CARTESIAN_POINT('',(-0.0495505536111897,-0.0228402383327484,0.008));
#12749=CARTESIAN_POINT('',(-0.0495505536111897,-0.0228402383327484,0.009));
#12750=CARTESIAN_POINT('',(-0.0430505536111897,-0.0255902383327484,0.009));
#12751=CARTESIAN_POINT('',(-0.0430505536111897,-0.0283402383327484,0.009));
#12752=CARTESIAN_POINT('',(-0.0430505536111897,-0.0283402383327484,0.008));
#12753=CARTESIAN_POINT('',(-0.0430505536111897,-0.0228402383327484,0.008));
#12754=CARTESIAN_POINT('',(-0.0463005536111897,-0.0283402383327484,0.009));
#12755=CARTESIAN_POINT('',(-0.0495505536111897,-0.0283402383327484,0.009));
#12756=CARTESIAN_POINT('',(-0.0495505536111897,-0.0283402383327484,0.008));
#12757=CARTESIAN_POINT('',(-0.0463005536111897,-0.0283402383327484,0.008));
#12758=CARTESIAN_POINT('',(-0.0563005536111897,-0.0283402383327484,0.009));
#12759=CARTESIAN_POINT('',(-0.0595505536111897,-0.0283402383327484,0.009));
#12760=CARTESIAN_POINT('',(-0.0595505536111897,-0.0283402383327484,0.008));
#12761=CARTESIAN_POINT('',(-0.0563005536111897,-0.0283402383327484,0.008));
#12762=CARTESIAN_POINT('',(-0.0530505536111897,-0.0283402383327484,0.008));
#12763=CARTESIAN_POINT('',(-0.0530505536111897,-0.0283402383327484,0.009));
#12764=CARTESIAN_POINT('',(-0.0673005536111897,-0.0283402383327484,0.009));
#12765=CARTESIAN_POINT('',(-0.0705505536111897,-0.0283402383327484,0.009));
#12766=CARTESIAN_POINT('',(-0.0705505536111897,-0.0283402383327484,0.008));
#12767=CARTESIAN_POINT('',(-0.0673005536111897,-0.0283402383327484,0.008));
#12768=CARTESIAN_POINT('',(-0.0640505536111897,-0.0283402383327484,0.008));
#12769=CARTESIAN_POINT('',(-0.0640505536111897,-0.0283402383327484,0.009));
#12770=CARTESIAN_POINT('',(-0.0705505536111897,-0.0255902383327484,0.009));
#12771=CARTESIAN_POINT('',(-0.0705505536111897,-0.0228402383327484,0.009));
#12772=CARTESIAN_POINT('',(-0.0705505536111897,-0.0228402383327484,0.008));
#12773=CARTESIAN_POINT('',(-0.0705505536111897,-0.0255902383327484,0.008));
#12774=CARTESIAN_POINT('',(-0.0568005536111897,0.0336597616672516,0.009));
#12775=CARTESIAN_POINT('',(-0.0755505536111897,0.0336597616672516,0.009));
#12776=CARTESIAN_POINT('',(-0.0755505536111897,0.0336597616672516,0.008));
#12777=CARTESIAN_POINT('',(-0.0568005536111897,0.0336597616672516,0.008));
#12778=CARTESIAN_POINT('',(-0.0380505536111898,0.0336597616672516,0.008));
#12779=CARTESIAN_POINT('',(-0.0380505536111898,0.0336597616672516,0.009));
#12780=CARTESIAN_POINT('',(-0.0765505536111897,-0.00984023833274841,0.009));
#12781=CARTESIAN_POINT('',(-0.0765505536111897,-0.0523402383327484,0.009));
#12782=CARTESIAN_POINT('',(-0.0765505536111897,-0.0523402383327484,0.008));
#12783=CARTESIAN_POINT('',(-0.0765505536111897,0.0336597616672516,0.008));
#12784=CARTESIAN_POINT('',(-0.0765505536111897,0.0326597616672516,0.008));
#12785=CARTESIAN_POINT('',(-0.0765505536111897,0.0326597616672516,0.));
#12786=CARTESIAN_POINT('',(-0.0673005536111897,-0.0228402383327484,0.009));
#12787=CARTESIAN_POINT('',(-0.0640505536111897,-0.0228402383327484,0.009));
#12788=CARTESIAN_POINT('',(-0.0640505536111897,-0.0228402383327484,0.008));
#12789=CARTESIAN_POINT('',(-0.0705505536111897,-0.0228402383327484,0.008));
#12790=CARTESIAN_POINT('',(-0.0370505536111898,-0.00984023833274841,0.009));
#12791=CARTESIAN_POINT('',(-0.0370505536111898,0.0326597616672516,0.009));
#12792=CARTESIAN_POINT('',(-0.0370505536111898,0.0326597616672516,0.008));
#12793=CARTESIAN_POINT('',(-0.0370505536111898,-0.00984023833274841,0.008));
#12794=CARTESIAN_POINT('',(-0.0370505536111898,-0.0523402383327484,0.008));
#12795=CARTESIAN_POINT('',(-0.0370505536111898,-0.0523402383327484,0.));
#12796=CARTESIAN_POINT('',(-0.0568005536111897,-0.00784023833274841,0.009));
#12797=CARTESIAN_POINT('',(-0.0568005536111897,-0.00784023833274841,0.008));
#12798=CARTESIAN_POINT('',(-0.0745505536111897,-0.00984023833274841,0.007));
#12799=CARTESIAN_POINT('',(-0.0745505536111897,0.0316597616672516,0.007));
#12800=CARTESIAN_POINT('',(-0.0390505536111898,-0.00984023833274841,0.007));
#12801=CARTESIAN_POINT('',(-0.0390505536111898,0.0316597616672516,0.007));
#12802=CARTESIAN_POINT('',(-0.0568005536111897,0.0316597616672516,0.007));
#12803=CARTESIAN_POINT('',(-0.0430505536111897,-0.0333402383327484,0.007));
#12804=CARTESIAN_POINT('',(-0.0430505536111897,-0.0333402383327484,0.001));
#12805=CARTESIAN_POINT('',(-0.0403505536111897,-0.0333402383327484,0.001));
#12806=CARTESIAN_POINT('',(-0.0705505536111897,0.0196597616672516,0.007));
#12807=CARTESIAN_POINT('',(-0.0705505536111897,0.0196597616672516,0.001));
#12808=CARTESIAN_POINT('',(-0.0678505536111897,0.0196597616672516,0.001));
#12809=CARTESIAN_POINT('',(-0.0568005536111897,-0.00684023833274841,0.001));
#12810=CARTESIAN_POINT('',(-0.0705505536111897,0.0196597616672516,0.001));
#12811=CARTESIAN_POINT('',(-0.0688505536111897,0.0196597616672516,0.001));
#12812=CARTESIAN_POINT('',(-0.0568005536111897,-0.0098402383327484,0.007));
#12813=CARTESIAN_POINT('',(-0.0705505536111897,0.0196597616672516,0.007));
#12814=CARTESIAN_POINT('',(-0.0688505536111897,0.0196597616672516,0.007));
#12815=CARTESIAN_POINT('',(-0.0705505536111897,0.0196597616672516,0.007));
#12816=CARTESIAN_POINT('',(-0.0568005536111897,-0.00684023833274841,0.001));
#12817=CARTESIAN_POINT('',(-0.0430505536111897,-0.0333402383327484,0.001));
#12818=CARTESIAN_POINT('',(-0.0413505536111897,-0.0333402383327484,0.001));
#12819=CARTESIAN_POINT('',(-0.0568005536111897,-0.0098402383327484,0.007));
#12820=CARTESIAN_POINT('',(-0.0430505536111897,-0.0333402383327484,0.007));
#12821=CARTESIAN_POINT('',(-0.0430148330935403,-0.0333402383327484,0.007));
#12822=CARTESIAN_POINT('',(-0.0430505536111897,-0.0333402383327484,0.007));
#12823=CARTESIAN_POINT('',(-0.0413505536111897,-0.0333402383327484,0.007));
#12824=CARTESIAN_POINT('',(-0.0430505536111897,-0.0333402383327484,0.007));
#12825=CARTESIAN_POINT('',(-0.0588441664828846,0.0157736427026311,0.006998));
#12826=CARTESIAN_POINT('',(-0.0589972345603997,0.0155344105662664,0.006998));
#12827=CARTESIAN_POINT('',(-0.0586910984053695,0.0160128748389959,0.006998));
#12828=CARTESIAN_POINT('',(-0.0566720249628052,0.0216042870334816,0.006998));
#12829=CARTESIAN_POINT('',(-0.0599884014302564,0.0160139697682331,0.006998));
#12830=CARTESIAN_POINT('',(-0.0590155993039403,0.0165200416139216,0.006998));
#12831=CARTESIAN_POINT('',(-0.0593401002025111,0.0170272083888469,0.006998));
#12832=CARTESIAN_POINT('',(-0.0596642508163837,0.01652058907854,0.006998));
#12833=CARTESIAN_POINT('',(-0.0613036971324599,0.0171944272157802,0.006998));
#12834=CARTESIAN_POINT('',(-0.0613617992999491,0.0171036185646133,0.006998));
#12835=CARTESIAN_POINT('',(-0.0612455949649707,0.0172852358669472,0.006998));
#12836=CARTESIAN_POINT('',(-0.0566720249628051,0.0216042870334816,0.006998));
#12837=CARTESIAN_POINT('',(-0.0620837829899693,0.0180038877423718,0.006998));
#12838=CARTESIAN_POINT('',(-0.0615700958635416,0.0177924026418729,0.006998));
#12839=CARTESIAN_POINT('',(-0.0618945967621126,0.0182995694167986,0.006998));
#12840=CARTESIAN_POINT('',(-0.0619891898760409,0.0181517285795853,0.006998));
#12841=CARTESIAN_POINT('',(-0.0604759347765333,0.0263551374029668,0.006998));
#12842=CARTESIAN_POINT('',(-0.0607001982418463,0.0267056417588481,0.006998));
#12843=CARTESIAN_POINT('',(-0.0602516713112202,0.0260046330470857,0.006998));
#12844=CARTESIAN_POINT('',(-0.0566720249628052,0.0216042870334817,0.006998));
#12845=CARTESIAN_POINT('',(-0.0597880524140523,0.0273087039995767,0.006998));
#12846=CARTESIAN_POINT('',(-0.0599271704126494,0.0265117998220114,0.006998));
#12847=CARTESIAN_POINT('',(-0.0596026695140784,0.0270189665969372,0.006998));
#12848=CARTESIAN_POINT('',(-0.0596953609640654,0.027163835298257,0.006998));
#12849=CARTESIAN_POINT('',(-0.0566720249628055,0.021604287033482,0.006998));
#12850=CARTESIAN_POINT('',(-0.0608805198376957,0.026557929217574,0.006998));
#12851=CARTESIAN_POINT('',(-0.0614663585603118,0.0259934060061023,0.006998));
#12852=CARTESIAN_POINT('',(-0.0606121787921662,0.026138535424704,0.006998));
#12853=CARTESIAN_POINT('',(-0.0603438377466368,0.0257191416318339,0.006998));
#12854=CARTESIAN_POINT('',(-0.0606683386452076,0.0252119748569084,0.006998));
#12855=CARTESIAN_POINT('',(-0.0609928395437784,0.024704808081983,0.006998));
#12856=CARTESIAN_POINT('',(-0.0613173404423492,0.0252119748569085,0.006998));
#12857=CARTESIAN_POINT('',(-0.06164184134092,0.025719141631834,0.006998));
#12858=CARTESIAN_POINT('',(-0.0615540999506159,0.0258562738189681,0.006998));
#12859=CARTESIAN_POINT('',(-0.0589283398137114,0.0265255317905874,0.006998));
#12860=CARTESIAN_POINT('',(-0.0592528407122824,0.0270326985655131,0.006998));
#12861=CARTESIAN_POINT('',(-0.0586038389151405,0.0260183650156617,0.006998));
#12862=CARTESIAN_POINT('',(-0.0590241033669071,0.0273901952081107,0.006998));
#12863=CARTESIAN_POINT('',(-0.0587953660215319,0.0277476918507084,0.006998));
#12864=CARTESIAN_POINT('',(-0.0582793380165696,0.0265255317905873,0.006998));
#12865=CARTESIAN_POINT('',(-0.0579548371179986,0.0270326985655131,0.006998));
#12866=CARTESIAN_POINT('',(-0.0566720249628035,0.021604287033477,0.006998));
#12867=CARTESIAN_POINT('',(-0.0584769221443671,0.0278486722044964,0.006998));
#12868=CARTESIAN_POINT('',(-0.0582158796311828,0.0274406853850047,0.006998));
#12869=CARTESIAN_POINT('',(-0.0620780374436533,0.0182746741401557,0.006998));
#12870=CARTESIAN_POINT('',(-0.0621680849534808,0.0181339376881138,0.006998));
#12871=CARTESIAN_POINT('',(-0.0619879899338259,0.0184154105921976,0.006998));
#12872=CARTESIAN_POINT('',(-0.0566720249628056,0.0216042870334813,0.006998));
#12873=CARTESIAN_POINT('',(-0.0627387109438411,0.0192707658299137,0.006998));
#12874=CARTESIAN_POINT('',(-0.0623124908323967,0.0189225773671231,0.006998));
#12875=CARTESIAN_POINT('',(-0.0626369917309675,0.0194297441420485,0.006998));
#12876=CARTESIAN_POINT('',(-0.0626878513374043,0.0193502549859811,0.006998));
#12877=CARTESIAN_POINT('',(-0.0538651081847261,0.015870417540528,0.006998));
#12878=CARTESIAN_POINT('',(-0.053982615152322,0.0156867643363323,0.006998));
#12879=CARTESIAN_POINT('',(-0.0537476012171301,0.0160540707447237,0.006998));
#12880=CARTESIAN_POINT('',(-0.056672024962806,0.0216042870334838,0.006998));
#12881=CARTESIAN_POINT('',(-0.0546452501767392,0.0154283511556921,0.006998));
#12882=CARTESIAN_POINT('',(-0.0540721021157009,0.0165612375196495,0.006998));
#12883=CARTESIAN_POINT('',(-0.0543966030142718,0.0170684042945747,0.006998));
#12884=CARTESIAN_POINT('',(-0.0548454274940763,0.015741210950208,0.006998));
#12885=CARTESIAN_POINT('',(-0.0550456048114133,0.0160540707447239,0.006998));
#12886=CARTESIAN_POINT('',(-0.0547211039128425,0.0165612375196492,0.006998));
#12887=CARTESIAN_POINT('',(-0.0556277680763643,0.0168329969663253,0.006998));
#12888=CARTESIAN_POINT('',(-0.0559522689749353,0.0173401637412511,0.006998));
#12889=CARTESIAN_POINT('',(-0.0553032671777934,0.0163258301913997,0.006998));
#12890=CARTESIAN_POINT('',(-0.0556277680763644,0.0178473305161766,0.006998));
#12891=CARTESIAN_POINT('',(-0.0553032671777935,0.0183544972911023,0.006998));
#12892=CARTESIAN_POINT('',(-0.0549787662792225,0.0168329969663252,0.006998));
#12893=CARTESIAN_POINT('',(-0.0546542653806515,0.0173401637412511,0.006998));
#12894=CARTESIAN_POINT('',(-0.0549787662792225,0.0178473305161768,0.006998));
#12895=CARTESIAN_POINT('',(-0.0566720249628052,0.0216042870334817,0.006998));
#12896=CARTESIAN_POINT('',(-0.0533612171443488,0.0160106699935647,0.006998));
#12897=CARTESIAN_POINT('',(-0.0524694662498984,0.0166456077471623,0.006998));
#12898=CARTESIAN_POINT('',(-0.0533794947798412,0.0160392363534323,0.006998));
#12899=CARTESIAN_POINT('',(-0.0533977724153336,0.0160678027132999,0.006998));
#12900=CARTESIAN_POINT('',(-0.0530732715167628,0.0165749694882251,0.006998));
#12901=CARTESIAN_POINT('',(-0.052748770618192,0.0170821362631506,0.006998));
#12902=CARTESIAN_POINT('',(-0.0526091184340452,0.0168638720051566,0.006998));
#12903=CARTESIAN_POINT('',(-0.0539799356802846,0.0168467289349013,0.006998));
#12904=CARTESIAN_POINT('',(-0.0543044365788555,0.017353895709827,0.006998));
#12905=CARTESIAN_POINT('',(-0.0536554347817136,0.0163395621599756,0.006998));
#12906=CARTESIAN_POINT('',(-0.0539799356802846,0.0178610624847525,0.006998));
#12907=CARTESIAN_POINT('',(-0.0536554347817137,0.0183682292596782,0.006998));
#12908=CARTESIAN_POINT('',(-0.0533309338831427,0.0168467289349011,0.006998));
#12909=CARTESIAN_POINT('',(-0.0530064329845718,0.017353895709827,0.006998));
#12910=CARTESIAN_POINT('',(-0.0533309338831427,0.0178610624847527,0.006998));
#12911=CARTESIAN_POINT('',(-0.0573689936441574,0.018963773272851,0.006998));
#12912=CARTESIAN_POINT('',(-0.0570444927455866,0.0184566064979253,0.006998));
#12913=CARTESIAN_POINT('',(-0.0576934945427282,0.0194709400477765,0.006998));
#12914=CARTESIAN_POINT('',(-0.0573689936441574,0.0179494397229999,0.006998));
#12915=CARTESIAN_POINT('',(-0.0576934945427282,0.0174422729480745,0.006998));
#12916=CARTESIAN_POINT('',(-0.058017995441299,0.0189637732728509,0.006998));
#12917=CARTESIAN_POINT('',(-0.0583424963398698,0.0184566064979255,0.006998));
#12918=CARTESIAN_POINT('',(-0.058017995441299,0.017949439723,0.006998));
#12919=CARTESIAN_POINT('',(-0.0589246596048208,0.0192355327195269,0.006998));
#12920=CARTESIAN_POINT('',(-0.0592491605033917,0.0197426994944527,0.006998));
#12921=CARTESIAN_POINT('',(-0.0586001587062498,0.0187283659446012,0.006998));
#12922=CARTESIAN_POINT('',(-0.0589246596048208,0.0202498662693782,0.006998));
#12923=CARTESIAN_POINT('',(-0.0586001587062499,0.0207570330443039,0.006998));
#12924=CARTESIAN_POINT('',(-0.058275657807679,0.0192355327195269,0.006998));
#12925=CARTESIAN_POINT('',(-0.057951156909108,0.0197426994944527,0.006998));
#12926=CARTESIAN_POINT('',(-0.0582756578076789,0.0202498662693783,0.006998));
#12927=CARTESIAN_POINT('',(-0.0557211612480776,0.018977505241427,0.006998));
#12928=CARTESIAN_POINT('',(-0.0553966603495068,0.0184703384665013,0.006998));
#12929=CARTESIAN_POINT('',(-0.0560456621466484,0.0194846720163524,0.006998));
#12930=CARTESIAN_POINT('',(-0.0557211612480776,0.0179631716915758,0.006998));
#12931=CARTESIAN_POINT('',(-0.0560456621466484,0.0174560049166505,0.006998));
#12932=CARTESIAN_POINT('',(-0.0563701630452192,0.0189775052414268,0.006998));
#12933=CARTESIAN_POINT('',(-0.05669466394379,0.0184703384665014,0.006998));
#12934=CARTESIAN_POINT('',(-0.0563701630452192,0.017963171691576,0.006998));
#12935=CARTESIAN_POINT('',(-0.0572756004724441,0.0168192649977494,0.006998));
#12936=CARTESIAN_POINT('',(-0.0576001013710151,0.0173264317726751,0.006998));
#12937=CARTESIAN_POINT('',(-0.0569510995738732,0.0163120982228237,0.006998));
#12938=CARTESIAN_POINT('',(-0.0572756004724442,0.0178335985476006,0.006998));
#12939=CARTESIAN_POINT('',(-0.0569510995738733,0.0183407653225264,0.006998));
#12940=CARTESIAN_POINT('',(-0.0566265986753023,0.0168192649977492,0.006998));
#12941=CARTESIAN_POINT('',(-0.0563020977767313,0.0173264317726751,0.006998));
#12942=CARTESIAN_POINT('',(-0.0566265986753023,0.0178335985476008,0.006998));
#12943=CARTESIAN_POINT('',(-0.0506867243607187,0.0217341922527602,0.006998));
#12944=CARTESIAN_POINT('',(-0.0510112252592897,0.0222413590276856,0.006998));
#12945=CARTESIAN_POINT('',(-0.0503622234621478,0.0212270254778345,0.006998));
#12946=CARTESIAN_POINT('',(-0.050694925571497,0.0227357080210915,0.006998));
#12947=CARTESIAN_POINT('',(-0.0503786258837042,0.0232300570144974,0.006998));
#12948=CARTESIAN_POINT('',(-0.0502673752141824,0.0213752650674312,0.006998));
#12949=CARTESIAN_POINT('',(-0.0501725269662169,0.0215235046570283,0.006998));
#12950=CARTESIAN_POINT('',(-0.0566720249628058,0.0216042870334816,0.006998));
#12951=CARTESIAN_POINT('',(-0.0523333300205016,0.0192904605938308,0.006998));
#12952=CARTESIAN_POINT('',(-0.0526578309190726,0.0197976273687565,0.006998));
#12953=CARTESIAN_POINT('',(-0.0520088291219307,0.0187832938189051,0.006998));
#12954=CARTESIAN_POINT('',(-0.0523333300205017,0.0203047941436819,0.006998));
#12955=CARTESIAN_POINT('',(-0.0520088291219308,0.0208119609186076,0.006998));
#12956=CARTESIAN_POINT('',(-0.0516843282233598,0.0192904605938305,0.006998));
#12957=CARTESIAN_POINT('',(-0.0513598273247888,0.0197976273687565,0.006998));
#12958=CARTESIAN_POINT('',(-0.0516843282233598,0.0203047941436822,0.006998));
#12959=CARTESIAN_POINT('',(-0.052425496455918,0.0190049691785789,0.006998));
#12960=CARTESIAN_POINT('',(-0.0521009955573472,0.0184978024036531,0.006998));
#12961=CARTESIAN_POINT('',(-0.0527499973544888,0.0195121359535044,0.006998));
#12962=CARTESIAN_POINT('',(-0.052425496455918,0.0179906356287276,0.006998));
#12963=CARTESIAN_POINT('',(-0.0527499973544888,0.0174834688538024,0.006998));
#12964=CARTESIAN_POINT('',(-0.0530744982530597,0.0190049691785786,0.006998));
#12965=CARTESIAN_POINT('',(-0.0533989991516304,0.0184978024036533,0.006998));
#12966=CARTESIAN_POINT('',(-0.0530744982530596,0.0179906356287278,0.006998));
#12967=CARTESIAN_POINT('',(-0.0540733288519978,0.018991237210003,0.006998));
#12968=CARTESIAN_POINT('',(-0.053748827953427,0.0184840704350772,0.006998));
#12969=CARTESIAN_POINT('',(-0.0543978297505686,0.0194984039849284,0.006998));
#12970=CARTESIAN_POINT('',(-0.0540733288519978,0.0179769036601517,0.006998));
#12971=CARTESIAN_POINT('',(-0.0543978297505686,0.0174697368852264,0.006998));
#12972=CARTESIAN_POINT('',(-0.0547223306491394,0.0189912372100027,0.006998));
#12973=CARTESIAN_POINT('',(-0.0550468315477102,0.0184840704350774,0.006998));
#12974=CARTESIAN_POINT('',(-0.0547223306491394,0.0179769036601519,0.006998));
#12975=CARTESIAN_POINT('',(-0.0566720249628051,0.0216042870334816,0.006998));
#12976=CARTESIAN_POINT('',(-0.0513459805850496,0.0178782635115244,0.006998));
#12977=CARTESIAN_POINT('',(-0.0507366261215956,0.0189545624070781,0.006998));
#12978=CARTESIAN_POINT('',(-0.0515485736703001,0.0181948989418768,0.006998));
#12979=CARTESIAN_POINT('',(-0.0517511667555507,0.0185115343722293,0.006998));
#12980=CARTESIAN_POINT('',(-0.0514266658569799,0.0190187011471546,0.006998));
#12981=CARTESIAN_POINT('',(-0.0511021649584091,0.01952586792208,0.006998));
#12982=CARTESIAN_POINT('',(-0.0509193955400023,0.0192402151645793,0.006998));
#12983=CARTESIAN_POINT('',(-0.0566720249628051,0.0216042870334816,0.006998));
#12984=CARTESIAN_POINT('',(-0.0522935602105811,0.0168002214205312,0.006998));
#12985=CARTESIAN_POINT('',(-0.0515274276429835,0.0176314897297063,0.006998));
#12986=CARTESIAN_POINT('',(-0.0524750821966784,0.0170839245494671,0.006998));
#12987=CARTESIAN_POINT('',(-0.0526566041827757,0.017367627678403,0.006998));
#12988=CARTESIAN_POINT('',(-0.0523321032842048,0.0178747944533284,0.006998));
#12989=CARTESIAN_POINT('',(-0.0520076023856339,0.0183819612282541,0.006998));
#12990=CARTESIAN_POINT('',(-0.0517675150143087,0.0180067254789803,0.006998));
#12991=CARTESIAN_POINT('',(-0.0507788907961351,0.0214487008375084,0.006998));
#12992=CARTESIAN_POINT('',(-0.0504543898975643,0.0209415340625825,0.006998));
#12993=CARTESIAN_POINT('',(-0.0511033916947059,0.0219558676124339,0.006998));
#12994=CARTESIAN_POINT('',(-0.0507788907961351,0.020434367287657,0.006998));
#12995=CARTESIAN_POINT('',(-0.0511033916947059,0.0199272005127318,0.006998));
#12996=CARTESIAN_POINT('',(-0.0514278925932767,0.021448700837508,0.006998));
#12997=CARTESIAN_POINT('',(-0.0517523934918475,0.0209415340625828,0.006998));
#12998=CARTESIAN_POINT('',(-0.0514278925932767,0.0204343672876573,0.006998));
#12999=CARTESIAN_POINT('',(-0.0506854976244219,0.0203185261122578,0.006998));
#13000=CARTESIAN_POINT('',(-0.0503609967258509,0.0208256928871839,0.006998));
#13001=CARTESIAN_POINT('',(-0.0510099985229928,0.0198113593373321,0.006998));
#13002=CARTESIAN_POINT('',(-0.0503023057982292,0.0207339640549668,0.006998));
#13003=CARTESIAN_POINT('',(-0.0502436148706075,0.0206422352227497,0.006998));
#13004=CARTESIAN_POINT('',(-0.0508187982981342,0.0195125299601761,0.006998));
#13005=CARTESIAN_POINT('',(-0.0506275980732755,0.0192137005830198,0.006998));
#13006=CARTESIAN_POINT('',(-0.0566720249628057,0.0216042870334817,0.006998));
#13007=CARTESIAN_POINT('',(-0.0623149443049905,0.022768243197979,0.006998));
#13008=CARTESIAN_POINT('',(-0.0626394452035613,0.0222610764230535,0.006998));
#13009=CARTESIAN_POINT('',(-0.0619904434064197,0.0232754099729045,0.006998));
#13010=CARTESIAN_POINT('',(-0.0628413118732938,0.0225765765289211,0.006998));
#13011=CARTESIAN_POINT('',(-0.0630431785430263,0.0228920766347886,0.006998));
#13012=CARTESIAN_POINT('',(-0.0623008135695044,0.0237604916331961,0.006998));
#13013=CARTESIAN_POINT('',(-0.0626111837325892,0.0242455732934876,0.006998));
#13014=CARTESIAN_POINT('',(-0.0566720249628052,0.0216042870334817,0.006998));
#13015=CARTESIAN_POINT('',(-0.0622215511332772,0.0216380684727285,0.006998));
#13016=CARTESIAN_POINT('',(-0.0625460520318482,0.0221452352476542,0.006998));
#13017=CARTESIAN_POINT('',(-0.0618970502347063,0.0211309016978028,0.006998));
#13018=CARTESIAN_POINT('',(-0.0622215511332773,0.0226524020225798,0.006998));
#13019=CARTESIAN_POINT('',(-0.0618970502347064,0.0231595687975055,0.006998));
#13020=CARTESIAN_POINT('',(-0.0615725493361354,0.0216380684727285,0.006998));
#13021=CARTESIAN_POINT('',(-0.0612480484375644,0.0221452352476542,0.006998));
#13022=CARTESIAN_POINT('',(-0.0615725493361354,0.0226524020225799,0.006998));
#13023=CARTESIAN_POINT('',(-0.0605724920009006,0.019221800750951,0.006998));
#13024=CARTESIAN_POINT('',(-0.0608969928994715,0.0197289675258767,0.006998));
#13025=CARTESIAN_POINT('',(-0.0602479911023296,0.0187146339760252,0.006998));
#13026=CARTESIAN_POINT('',(-0.0605724920009006,0.0202361343008023,0.006998));
#13027=CARTESIAN_POINT('',(-0.0602479911023297,0.020743301075728,0.006998));
#13028=CARTESIAN_POINT('',(-0.0599234902037587,0.0192218007509509,0.006998));
#13029=CARTESIAN_POINT('',(-0.0595989893051878,0.0197289675258767,0.006998));
#13030=CARTESIAN_POINT('',(-0.0599234902037587,0.0202361343008024,0.006998));
#13031=CARTESIAN_POINT('',(-0.0606658851726138,0.0213663090260526,0.006998));
#13032=CARTESIAN_POINT('',(-0.060341384274043,0.0208591422511269,0.006998));
#13033=CARTESIAN_POINT('',(-0.0609903860711846,0.0218734758009781,0.006998));
#13034=CARTESIAN_POINT('',(-0.0606658851726138,0.0203519754762015,0.006998));
#13035=CARTESIAN_POINT('',(-0.0609903860711846,0.019844808701276,0.006998));
#13036=CARTESIAN_POINT('',(-0.0613148869697554,0.0213663090260525,0.006998));
#13037=CARTESIAN_POINT('',(-0.0616393878683262,0.0208591422511271,0.006998));
#13038=CARTESIAN_POINT('',(-0.0613148869697554,0.0203519754762015,0.006998));
#13039=CARTESIAN_POINT('',(-0.0606646584363169,0.0189363093356991,0.006998));
#13040=CARTESIAN_POINT('',(-0.0603401575377461,0.0184291425607735,0.006998));
#13041=CARTESIAN_POINT('',(-0.0609891593348877,0.0194434761106245,0.006998));
#13042=CARTESIAN_POINT('',(-0.0606646584363169,0.017921975785848,0.006998));
#13043=CARTESIAN_POINT('',(-0.0609891593348877,0.0174148090109226,0.006998));
#13044=CARTESIAN_POINT('',(-0.0613136602334586,0.018936309335699,0.006998));
#13045=CARTESIAN_POINT('',(-0.0616381611320294,0.0184291425607736,0.006998));
#13046=CARTESIAN_POINT('',(-0.0613136602334585,0.017921975785848,0.006998));
#13047=CARTESIAN_POINT('',(-0.0605712652646037,0.0167918010605974,0.006998));
#13048=CARTESIAN_POINT('',(-0.0608957661631746,0.0172989678355232,0.006998));
#13049=CARTESIAN_POINT('',(-0.0602467643660327,0.0162846342856718,0.006998));
#13050=CARTESIAN_POINT('',(-0.0605712652646037,0.0178061346104488,0.006998));
#13051=CARTESIAN_POINT('',(-0.0602467643660328,0.0183133013853745,0.006998));
#13052=CARTESIAN_POINT('',(-0.0599222634674619,0.0167918010605974,0.006998));
#13053=CARTESIAN_POINT('',(-0.0595977625688909,0.0172989678355232,0.006998));
#13054=CARTESIAN_POINT('',(-0.0599222634674618,0.0178061346104489,0.006998));
#13055=CARTESIAN_POINT('',(-0.0623137175686936,0.0213525770574766,0.006998));
#13056=CARTESIAN_POINT('',(-0.0619892166701228,0.0208454102825511,0.006998));
#13057=CARTESIAN_POINT('',(-0.0626382184672644,0.0218597438324021,0.006998));
#13058=CARTESIAN_POINT('',(-0.0623137175686936,0.0203382435076255,0.006998));
#13059=CARTESIAN_POINT('',(-0.0626382184672644,0.0198310767327,0.006998));
#13060=CARTESIAN_POINT('',(-0.0628937494128,0.021460371115372,0.006998));
#13061=CARTESIAN_POINT('',(-0.0631492803583355,0.0210609983983419,0.006998));
#13062=CARTESIAN_POINT('',(-0.0628599315811483,0.0201775951103761,0.006998));
#13063=CARTESIAN_POINT('',(-0.0630816446950322,0.0205241134880522,0.006998));
#13064=CARTESIAN_POINT('',(-0.056672024962796,0.0216042870334829,0.006998));
#13065=CARTESIAN_POINT('',(-0.0622203243969803,0.019208068782375,0.006998));
#13066=CARTESIAN_POINT('',(-0.0625448252955513,0.0197152355573007,0.006998));
#13067=CARTESIAN_POINT('',(-0.0618958234984094,0.0187009020074492,0.006998));
#13068=CARTESIAN_POINT('',(-0.0622203243969804,0.0202224023322264,0.006998));
#13069=CARTESIAN_POINT('',(-0.0618958234984095,0.0207295691071521,0.006998));
#13070=CARTESIAN_POINT('',(-0.0615713225998385,0.019208068782375,0.006998));
#13071=CARTESIAN_POINT('',(-0.0612468217012675,0.0197152355573007,0.006998));
#13072=CARTESIAN_POINT('',(-0.0615713225998385,0.0202224023322264,0.006998));
#13073=CARTESIAN_POINT('',(-0.0556827279412514,0.0155913226456874,0.006998));
#13074=CARTESIAN_POINT('',(-0.0559700222692928,0.015142306515227,0.006998));
#13075=CARTESIAN_POINT('',(-0.0553954336132099,0.0160403387761477,0.006998));
#13076=CARTESIAN_POINT('',(-0.0566720249628028,0.0216042870334591,0.006998));
#13077=CARTESIAN_POINT('',(-0.0561100930307969,0.0151286223954858,0.006998));
#13078=CARTESIAN_POINT('',(-0.0557199345117807,0.0165475055510735,0.006998));
#13079=CARTESIAN_POINT('',(-0.0560444354103515,0.0170546723259987,0.006998));
#13080=CARTESIAN_POINT('',(-0.056401765119145,0.0155844805858169,0.006998));
#13081=CARTESIAN_POINT('',(-0.0566934372074931,0.0160403387761479,0.006998));
#13082=CARTESIAN_POINT('',(-0.0563689363089223,0.0165475055510733,0.006998));
#13083=CARTESIAN_POINT('',(-0.0573174168679644,0.0155981327803828,0.006998));
#13084=CARTESIAN_POINT('',(-0.0575915677266391,0.0151696587531938,0.006998));
#13085=CARTESIAN_POINT('',(-0.0570432660092897,0.0160266068075718,0.006998));
#13086=CARTESIAN_POINT('',(-0.0566720249628055,0.0216042870334796,0.006998));
#13087=CARTESIAN_POINT('',(-0.0578160654114414,0.0152057581828876,0.006998));
#13088=CARTESIAN_POINT('',(-0.0573677669078605,0.0165337735824975,0.006998));
#13089=CARTESIAN_POINT('',(-0.0576922678064313,0.0170409403574228,0.006998));
#13090=CARTESIAN_POINT('',(-0.0580786675075072,0.0156161824952298,0.006998));
#13091=CARTESIAN_POINT('',(-0.0583412696035729,0.016026606807572,0.006998));
#13092=CARTESIAN_POINT('',(-0.0580167687050021,0.0165337735824974,0.006998));
#13093=CARTESIAN_POINT('',(-0.0590168260402372,0.0189500413042751,0.006998));
#13094=CARTESIAN_POINT('',(-0.0586923251416664,0.0184428745293494,0.006998));
#13095=CARTESIAN_POINT('',(-0.059341326938808,0.0194572080792005,0.006998));
#13096=CARTESIAN_POINT('',(-0.0590168260402372,0.0179357077544239,0.006998));
#13097=CARTESIAN_POINT('',(-0.059341326938808,0.0174285409794985,0.006998));
#13098=CARTESIAN_POINT('',(-0.0596658278373788,0.0189500413042749,0.006998));
#13099=CARTESIAN_POINT('',(-0.0599903287359496,0.0184428745293495,0.006998));
#13100=CARTESIAN_POINT('',(-0.0596658278373788,0.017935707754424,0.006998));
#13101=CARTESIAN_POINT('',(-0.0589234328685239,0.0168055330291734,0.006998));
#13102=CARTESIAN_POINT('',(-0.0592479337670949,0.0173126998040992,0.006998));
#13103=CARTESIAN_POINT('',(-0.058598931969953,0.0162983662542477,0.006998));
#13104=CARTESIAN_POINT('',(-0.058923432868524,0.0178198665790247,0.006998));
#13105=CARTESIAN_POINT('',(-0.058598931969953,0.0183270333539504,0.006998));
#13106=CARTESIAN_POINT('',(-0.0582744310713821,0.0168055330291733,0.006998));
#13107=CARTESIAN_POINT('',(-0.0579499301728111,0.0173126998040992,0.006998));
#13108=CARTESIAN_POINT('',(-0.058274431071382,0.0178198665790248,0.006998));
#13109=CARTESIAN_POINT('',(-0.0605737187371974,0.0216518004413045,0.006998));
#13110=CARTESIAN_POINT('',(-0.0608982196357684,0.0221589672162302,0.006998));
#13111=CARTESIAN_POINT('',(-0.0602492178386265,0.0211446336663787,0.006998));
#13112=CARTESIAN_POINT('',(-0.0605737187371975,0.0226661339911558,0.006998));
#13113=CARTESIAN_POINT('',(-0.0602492178386266,0.0231733007660814,0.006998));
#13114=CARTESIAN_POINT('',(-0.0599247169400556,0.0216518004413044,0.006998));
#13115=CARTESIAN_POINT('',(-0.0596002160414846,0.0221589672162302,0.006998));
#13116=CARTESIAN_POINT('',(-0.0599247169400556,0.0226661339911558,0.006998));
#13117=CARTESIAN_POINT('',(-0.059018052776534,0.0213800409946285,0.006998));
#13118=CARTESIAN_POINT('',(-0.0586935518779632,0.0208728742197029,0.006998));
#13119=CARTESIAN_POINT('',(-0.0593425536751048,0.021887207769554,0.006998));
#13120=CARTESIAN_POINT('',(-0.059018052776534,0.0203657074447774,0.006998));
#13121=CARTESIAN_POINT('',(-0.0593425536751048,0.019858540669852,0.006998));
#13122=CARTESIAN_POINT('',(-0.0596670545736757,0.0213800409946284,0.006998));
#13123=CARTESIAN_POINT('',(-0.0599915554722465,0.020872874219703,0.006998));
#13124=CARTESIAN_POINT('',(-0.0596670545736756,0.0203657074447775,0.006998));
#13125=CARTESIAN_POINT('',(-0.0621965236147743,0.0240270350386944,0.006998));
#13126=CARTESIAN_POINT('',(-0.0624947702585453,0.0244931686892326,0.006998));
#13127=CARTESIAN_POINT('',(-0.0618982769710032,0.0235609013881562,0.006998));
#13128=CARTESIAN_POINT('',(-0.0566720249628055,0.0216042870334818,0.006998));
#13129=CARTESIAN_POINT('',(-0.061856717268985,0.0255246142762305,0.006998));
#13130=CARTESIAN_POINT('',(-0.0615737760724323,0.0240680681630819,0.006998));
#13131=CARTESIAN_POINT('',(-0.0612492751738613,0.0245752349380077,0.006998));
#13132=CARTESIAN_POINT('',(-0.0615529962214231,0.0250499246071191,0.006998));
#13133=CARTESIAN_POINT('',(-0.0606671119089107,0.0237963087164061,0.006998));
#13134=CARTESIAN_POINT('',(-0.0603426110103399,0.0232891419414805,0.006998));
#13135=CARTESIAN_POINT('',(-0.0609916128074815,0.0243034754913315,0.006998));
#13136=CARTESIAN_POINT('',(-0.0606671119089107,0.0227819751665549,0.006998));
#13137=CARTESIAN_POINT('',(-0.0609916128074815,0.0222748083916295,0.006998));
#13138=CARTESIAN_POINT('',(-0.0613161137060523,0.023796308716406,0.006998));
#13139=CARTESIAN_POINT('',(-0.0616406146046231,0.0232891419414805,0.006998));
#13140=CARTESIAN_POINT('',(-0.0613161137060523,0.022781975166555,0.006998));
#13141=CARTESIAN_POINT('',(-0.0539848426254721,0.0265667276963153,0.006998));
#13142=CARTESIAN_POINT('',(-0.054309343524043,0.027073894471241,0.006998));
#13143=CARTESIAN_POINT('',(-0.0536603417269011,0.0260595609213896,0.006998));
#13144=CARTESIAN_POINT('',(-0.0541615517708376,0.0273048801700907,0.006998));
#13145=CARTESIAN_POINT('',(-0.0540137600176321,0.0275358658689406,0.006998));
#13146=CARTESIAN_POINT('',(-0.0533578299484827,0.0265323606076558,0.006998));
#13147=CARTESIAN_POINT('',(-0.0530553181700643,0.0270051602939222,0.006998));
#13148=CARTESIAN_POINT('',(-0.0566720249628046,0.0216042870334824,0.006998));
#13149=CARTESIAN_POINT('',(-0.0556326750215518,0.0265529957277393,0.006998));
#13150=CARTESIAN_POINT('',(-0.0559571759201228,0.027060162502665,0.006998));
#13151=CARTESIAN_POINT('',(-0.0553081741229809,0.0260458289528136,0.006998));
#13152=CARTESIAN_POINT('',(-0.0556650934812709,0.027516662035262,0.006998));
#13153=CARTESIAN_POINT('',(-0.0553730110424189,0.0279731615678591,0.006998));
#13154=CARTESIAN_POINT('',(-0.05498367322441,0.0265529957277391,0.006998));
#13155=CARTESIAN_POINT('',(-0.054659172325839,0.027060162502665,0.006998));
#13156=CARTESIAN_POINT('',(-0.0566720249628127,0.0216042870334472,0.006998));
#13157=CARTESIAN_POINT('',(-0.055222504788104,0.0279406023083976,0.006998));
#13158=CARTESIAN_POINT('',(-0.0549408385569715,0.0275003824055313,0.006998));
#13159=CARTESIAN_POINT('',(-0.0572792806813347,0.0241092640688098,0.006998));
#13160=CARTESIAN_POINT('',(-0.0576037815799057,0.0246164308437355,0.006998));
#13161=CARTESIAN_POINT('',(-0.0569547797827638,0.0236020972938842,0.006998));
#13162=CARTESIAN_POINT('',(-0.0572792806813348,0.0251235976186611,0.006998));
#13163=CARTESIAN_POINT('',(-0.0569547797827639,0.0256307643935868,0.006998));
#13164=CARTESIAN_POINT('',(-0.0566302788841929,0.0241092640688097,0.006998));
#13165=CARTESIAN_POINT('',(-0.056305777985622,0.0246164308437356,0.006998));
#13166=CARTESIAN_POINT('',(-0.0566302788841929,0.0251235976186613,0.006998));
#13167=CARTESIAN_POINT('',(-0.0557248414569682,0.0262675043124874,0.006998));
#13168=CARTESIAN_POINT('',(-0.0554003405583974,0.0257603375375617,0.006998));
#13169=CARTESIAN_POINT('',(-0.056049342355539,0.0267746710874129,0.006998));
#13170=CARTESIAN_POINT('',(-0.0557248414569682,0.0252531707626363,0.006998));
#13171=CARTESIAN_POINT('',(-0.056049342355539,0.0247460039877109,0.006998));
#13172=CARTESIAN_POINT('',(-0.0563738432541099,0.0262675043124872,0.006998));
#13173=CARTESIAN_POINT('',(-0.0566983441526806,0.0257603375375619,0.006998));
#13174=CARTESIAN_POINT('',(-0.0563738432541098,0.0252531707626364,0.006998));
#13175=CARTESIAN_POINT('',(-0.0557236147206713,0.023837504622134,0.006998));
#13176=CARTESIAN_POINT('',(-0.0553991138221005,0.0233303378472083,0.006998));
#13177=CARTESIAN_POINT('',(-0.0560481156192422,0.0243446713970594,0.006998));
#13178=CARTESIAN_POINT('',(-0.0557236147206713,0.0228231710722827,0.006998));
#13179=CARTESIAN_POINT('',(-0.0560481156192421,0.0223160042973574,0.006998));
#13180=CARTESIAN_POINT('',(-0.056372616517813,0.0238375046221337,0.006998));
#13181=CARTESIAN_POINT('',(-0.0566971174163838,0.0233303378472084,0.006998));
#13182=CARTESIAN_POINT('',(-0.056372616517813,0.0228231710722829,0.006998));
#13183=CARTESIAN_POINT('',(-0.0572780539450379,0.0216792643784563,0.006998));
#13184=CARTESIAN_POINT('',(-0.0576025548436088,0.0221864311533821,0.006998));
#13185=CARTESIAN_POINT('',(-0.0569535530464669,0.0211720976035306,0.006998));
#13186=CARTESIAN_POINT('',(-0.0572780539450379,0.0226935979283077,0.006998));
#13187=CARTESIAN_POINT('',(-0.056953553046467,0.0232007647032333,0.006998));
#13188=CARTESIAN_POINT('',(-0.056629052147896,0.0216792643784562,0.006998));
#13189=CARTESIAN_POINT('',(-0.0563045512493251,0.0221864311533821,0.006998));
#13190=CARTESIAN_POINT('',(-0.056629052147896,0.0226935979283078,0.006998));
#13191=CARTESIAN_POINT('',(-0.0540770090608884,0.0262812362810634,0.006998));
#13192=CARTESIAN_POINT('',(-0.0537525081623176,0.0257740695061376,0.006998));
#13193=CARTESIAN_POINT('',(-0.0544015099594592,0.0267884030559889,0.006998));
#13194=CARTESIAN_POINT('',(-0.0540770090608884,0.0252669027312122,0.006998));
#13195=CARTESIAN_POINT('',(-0.0544015099594592,0.0247597359562868,0.006998));
#13196=CARTESIAN_POINT('',(-0.0547260108580301,0.0262812362810631,0.006998));
#13197=CARTESIAN_POINT('',(-0.0550505117566008,0.0257740695061379,0.006998));
#13198=CARTESIAN_POINT('',(-0.05472601085803,0.0252669027312123,0.006998));
#13199=CARTESIAN_POINT('',(-0.055631448285255,0.0241229960373858,0.006998));
#13200=CARTESIAN_POINT('',(-0.0559559491838259,0.0246301628123116,0.006998));
#13201=CARTESIAN_POINT('',(-0.055306947386684,0.0236158292624601,0.006998));
#13202=CARTESIAN_POINT('',(-0.055631448285255,0.0251373295872371,0.006998));
#13203=CARTESIAN_POINT('',(-0.0553069473866841,0.0256444963621627,0.006998));
#13204=CARTESIAN_POINT('',(-0.0549824464881131,0.0241229960373857,0.006998));
#13205=CARTESIAN_POINT('',(-0.0546579455895422,0.0246301628123116,0.006998));
#13206=CARTESIAN_POINT('',(-0.0549824464881131,0.0251373295872372,0.006998));
#13207=CARTESIAN_POINT('',(-0.0605749454734943,0.0240818001316579,0.006998));
#13208=CARTESIAN_POINT('',(-0.0608994463720653,0.0245889669065836,0.006998));
#13209=CARTESIAN_POINT('',(-0.0602504445749234,0.0235746333567322,0.006998));
#13210=CARTESIAN_POINT('',(-0.0605749454734944,0.0250961336815093,0.006998));
#13211=CARTESIAN_POINT('',(-0.0602504445749235,0.025603300456435,0.006998));
#13212=CARTESIAN_POINT('',(-0.0599259436763525,0.0240818001316579,0.006998));
#13213=CARTESIAN_POINT('',(-0.0596014427777815,0.0245889669065836,0.006998));
#13214=CARTESIAN_POINT('',(-0.0599259436763525,0.0250961336815094,0.006998));
#13215=CARTESIAN_POINT('',(-0.0590205062491278,0.0262400403753355,0.006998));
#13216=CARTESIAN_POINT('',(-0.058696005350557,0.0257328736004099,0.006998));
#13217=CARTESIAN_POINT('',(-0.0593450071476986,0.026747207150261,0.006998));
#13218=CARTESIAN_POINT('',(-0.0590205062491278,0.0252257068254844,0.006998));
#13219=CARTESIAN_POINT('',(-0.0593450071476986,0.024718540050559,0.006998));
#13220=CARTESIAN_POINT('',(-0.0596695080462694,0.0262400403753353,0.006998));
#13221=CARTESIAN_POINT('',(-0.0599940089448402,0.02573287360041,0.006998));
#13222=CARTESIAN_POINT('',(-0.0596695080462694,0.0252257068254845,0.006998));
#13223=CARTESIAN_POINT('',(-0.057372673853048,0.0262537723439114,0.006998));
#13224=CARTESIAN_POINT('',(-0.0570481729544772,0.0257466055689858,0.006998));
#13225=CARTESIAN_POINT('',(-0.0576971747516188,0.0267609391188369,0.006998));
#13226=CARTESIAN_POINT('',(-0.057372673853048,0.0252394387940603,0.006998));
#13227=CARTESIAN_POINT('',(-0.0576971747516188,0.0247322720191349,0.006998));
#13228=CARTESIAN_POINT('',(-0.0580216756501896,0.0262537723439113,0.006998));
#13229=CARTESIAN_POINT('',(-0.0583461765487604,0.0257466055689859,0.006998));
#13230=CARTESIAN_POINT('',(-0.0580216756501896,0.0252394387940604,0.006998));
#13231=CARTESIAN_POINT('',(-0.0572805074176316,0.0265392637591634,0.006998));
#13232=CARTESIAN_POINT('',(-0.0576050083162026,0.0270464305340891,0.006998));
#13233=CARTESIAN_POINT('',(-0.0569560065190607,0.0260320969842376,0.006998));
#13234=CARTESIAN_POINT('',(-0.0572805074176317,0.0275535973090146,0.006998));
#13235=CARTESIAN_POINT('',(-0.0569560065190608,0.0280607640839403,0.006998));
#13236=CARTESIAN_POINT('',(-0.0566315056204898,0.0265392637591632,0.006998));
#13237=CARTESIAN_POINT('',(-0.0563070047219188,0.0270464305340891,0.006998));
#13238=CARTESIAN_POINT('',(-0.0566315056204898,0.0275535973090148,0.006998));
#13239=CARTESIAN_POINT('',(-0.0589258863411177,0.0216655324098804,0.006998));
#13240=CARTESIAN_POINT('',(-0.0592503872396886,0.0221726991848061,0.006998));
#13241=CARTESIAN_POINT('',(-0.0586013854425467,0.0211583656349547,0.006998));
#13242=CARTESIAN_POINT('',(-0.0589258863411177,0.0226798659597317,0.006998));
#13243=CARTESIAN_POINT('',(-0.0586013854425468,0.0231870327346574,0.006998));
#13244=CARTESIAN_POINT('',(-0.0582768845439758,0.0216655324098803,0.006998));
#13245=CARTESIAN_POINT('',(-0.0579523836454049,0.0221726991848062,0.006998));
#13246=CARTESIAN_POINT('',(-0.0582768845439758,0.0226798659597318,0.006998));
#13247=CARTESIAN_POINT('',(-0.0573714471167511,0.023823772653558,0.006998));
#13248=CARTESIAN_POINT('',(-0.0570469462181803,0.0233166058786323,0.006998));
#13249=CARTESIAN_POINT('',(-0.0576959480153219,0.0243309394284835,0.006998));
#13250=CARTESIAN_POINT('',(-0.0573714471167511,0.0228094391037068,0.006998));
#13251=CARTESIAN_POINT('',(-0.0576959480153219,0.0223022723287814,0.006998));
#13252=CARTESIAN_POINT('',(-0.0580204489138928,0.0238237726535578,0.006998));
#13253=CARTESIAN_POINT('',(-0.0583449498124635,0.0233166058786325,0.006998));
#13254=CARTESIAN_POINT('',(-0.0580204489138927,0.022809439103707,0.006998));
#13255=CARTESIAN_POINT('',(-0.0589271130774145,0.0240955321002339,0.006998));
#13256=CARTESIAN_POINT('',(-0.0592516139759855,0.0246026988751596,0.006998));
#13257=CARTESIAN_POINT('',(-0.0586026121788436,0.0235883653253082,0.006998));
#13258=CARTESIAN_POINT('',(-0.0589271130774146,0.0251098656500852,0.006998));
#13259=CARTESIAN_POINT('',(-0.0586026121788437,0.0256170324250109,0.006998));
#13260=CARTESIAN_POINT('',(-0.0582781112802727,0.0240955321002338,0.006998));
#13261=CARTESIAN_POINT('',(-0.0579536103817017,0.0246026988751596,0.006998));
#13262=CARTESIAN_POINT('',(-0.0582781112802727,0.0251098656500853,0.006998));
#13263=CARTESIAN_POINT('',(-0.0590192795128309,0.023810040684982,0.006998));
#13264=CARTESIAN_POINT('',(-0.0586947786142601,0.0233028739100564,0.006998));
#13265=CARTESIAN_POINT('',(-0.0593437804114017,0.0243172074599075,0.006998));
#13266=CARTESIAN_POINT('',(-0.0590192795128309,0.0227957071351309,0.006998));
#13267=CARTESIAN_POINT('',(-0.0593437804114017,0.0222885403602055,0.006998));
#13268=CARTESIAN_POINT('',(-0.0596682813099725,0.0238100406849819,0.006998));
#13269=CARTESIAN_POINT('',(-0.0599927822085433,0.0233028739100565,0.006998));
#13270=CARTESIAN_POINT('',(-0.0596682813099725,0.022795707135131,0.006998));
#13271=CARTESIAN_POINT('',(-0.0556289948126612,0.0192629966566788,0.006998));
#13272=CARTESIAN_POINT('',(-0.0559534957112322,0.0197701634316046,0.006998));
#13273=CARTESIAN_POINT('',(-0.0553044939140903,0.0187558298817531,0.006998));
#13274=CARTESIAN_POINT('',(-0.0556289948126613,0.02027733020653,0.006998));
#13275=CARTESIAN_POINT('',(-0.0553044939140904,0.0207844969814557,0.006998));
#13276=CARTESIAN_POINT('',(-0.0549799930155194,0.0192629966566787,0.006998));
#13277=CARTESIAN_POINT('',(-0.0546554921169484,0.0197701634316046,0.006998));
#13278=CARTESIAN_POINT('',(-0.0549799930155194,0.0202773302065303,0.006998));
#13279=CARTESIAN_POINT('',(-0.057276827208741,0.0192492646881029,0.006998));
#13280=CARTESIAN_POINT('',(-0.0576013281073119,0.0197564314630286,0.006998));
#13281=CARTESIAN_POINT('',(-0.0569523263101701,0.0187420979131772,0.006998));
#13282=CARTESIAN_POINT('',(-0.0572768272087411,0.0202635982379542,0.006998));
#13283=CARTESIAN_POINT('',(-0.0569523263101701,0.0207707650128798,0.006998));
#13284=CARTESIAN_POINT('',(-0.0566278254115992,0.0192492646881028,0.006998));
#13285=CARTESIAN_POINT('',(-0.0563033245130282,0.0197564314630286,0.006998));
#13286=CARTESIAN_POINT('',(-0.0566278254115991,0.0202635982379543,0.006998));
#13287=CARTESIAN_POINT('',(-0.0539823891528783,0.0217067283156083,0.006998));
#13288=CARTESIAN_POINT('',(-0.0543068900514493,0.022213895090534,0.006998));
#13289=CARTESIAN_POINT('',(-0.0536578882543074,0.0211995615406825,0.006998));
#13290=CARTESIAN_POINT('',(-0.0539823891528784,0.0227210618654595,0.006998));
#13291=CARTESIAN_POINT('',(-0.0536578882543075,0.0232282286403852,0.006998));
#13292=CARTESIAN_POINT('',(-0.0533333873557365,0.0217067283156081,0.006998));
#13293=CARTESIAN_POINT('',(-0.0530088864571655,0.022213895090534,0.006998));
#13294=CARTESIAN_POINT('',(-0.0533333873557364,0.0227210618654597,0.006998));
#13295=CARTESIAN_POINT('',(-0.0540745555882947,0.0214212369003564,0.006998));
#13296=CARTESIAN_POINT('',(-0.0537500546897239,0.0209140701254306,0.006998));
#13297=CARTESIAN_POINT('',(-0.0543990564868655,0.0219284036752819,0.006998));
#13298=CARTESIAN_POINT('',(-0.0540745555882947,0.0204069033505052,0.006998));
#13299=CARTESIAN_POINT('',(-0.0543990564868655,0.0198997365755799,0.006998));
#13300=CARTESIAN_POINT('',(-0.0547235573854363,0.0214212369003562,0.006998));
#13301=CARTESIAN_POINT('',(-0.0550480582840071,0.0209140701254309,0.006998));
#13302=CARTESIAN_POINT('',(-0.0547235573854363,0.0204069033505054,0.006998));
#13303=CARTESIAN_POINT('',(-0.0524267231922149,0.0214349688689324,0.006998));
#13304=CARTESIAN_POINT('',(-0.0521022222936441,0.0209278020940066,0.006998));
#13305=CARTESIAN_POINT('',(-0.0527512240907857,0.0219421356438579,0.006998));
#13306=CARTESIAN_POINT('',(-0.0524267231922149,0.0204206353190811,0.006998));
#13307=CARTESIAN_POINT('',(-0.0527512240907857,0.0199134685441558,0.006998));
#13308=CARTESIAN_POINT('',(-0.0530757249893565,0.0214349688689321,0.006998));
#13309=CARTESIAN_POINT('',(-0.0534002258879273,0.0209278020940068,0.006998));
#13310=CARTESIAN_POINT('',(-0.0530757249893565,0.0204206353190814,0.006998));
#13311=CARTESIAN_POINT('',(-0.0539811624165814,0.0192767286252548,0.006998));
#13312=CARTESIAN_POINT('',(-0.0543056633151524,0.0197838954001805,0.006998));
#13313=CARTESIAN_POINT('',(-0.0536566615180105,0.0187695618503291,0.006998));
#13314=CARTESIAN_POINT('',(-0.0539811624165815,0.020291062175106,0.006998));
#13315=CARTESIAN_POINT('',(-0.0536566615180106,0.0207982289500316,0.006998));
#13316=CARTESIAN_POINT('',(-0.0533321606194396,0.0192767286252546,0.006998));
#13317=CARTESIAN_POINT('',(-0.0530076597208686,0.0197838954001806,0.006998));
#13318=CARTESIAN_POINT('',(-0.0533321606194396,0.0202910621751062,0.006998));
#13319=CARTESIAN_POINT('',(-0.050780117532432,0.0238787005278619,0.006998));
#13320=CARTESIAN_POINT('',(-0.0504556166338612,0.023371533752936,0.006998));
#13321=CARTESIAN_POINT('',(-0.0511046184310028,0.0243858673027873,0.006998));
#13322=CARTESIAN_POINT('',(-0.050780117532432,0.0228643669780105,0.006998));
#13323=CARTESIAN_POINT('',(-0.0511046184310028,0.0223572002030853,0.006998));
#13324=CARTESIAN_POINT('',(-0.0514291193295736,0.0238787005278615,0.006998));
#13325=CARTESIAN_POINT('',(-0.0517536202281444,0.0233715337529363,0.006998));
#13326=CARTESIAN_POINT('',(-0.0514291193295736,0.0228643669780108,0.006998));
#13327=CARTESIAN_POINT('',(-0.0523345567567985,0.0217204602841842,0.006998));
#13328=CARTESIAN_POINT('',(-0.0526590576553695,0.0222276270591099,0.006998));
#13329=CARTESIAN_POINT('',(-0.0520100558582276,0.0212132935092585,0.006998));
#13330=CARTESIAN_POINT('',(-0.0523345567567986,0.0227347938340354,0.006998));
#13331=CARTESIAN_POINT('',(-0.0520100558582277,0.0232419606089611,0.006998));
#13332=CARTESIAN_POINT('',(-0.0516855549596567,0.021720460284184,0.006998));
#13333=CARTESIAN_POINT('',(-0.0513610540610857,0.02222762705911,0.006998));
#13334=CARTESIAN_POINT('',(-0.0516855549596567,0.0227347938340357,0.006998));
#13335=CARTESIAN_POINT('',(-0.0539836158891752,0.0241367280059617,0.006998));
#13336=CARTESIAN_POINT('',(-0.0543081167877461,0.0246438947808875,0.006998));
#13337=CARTESIAN_POINT('',(-0.0536591149906042,0.023629561231036,0.006998));
#13338=CARTESIAN_POINT('',(-0.0539836158891753,0.025151061555813,0.006998));
#13339=CARTESIAN_POINT('',(-0.0536591149906043,0.0256582283307386,0.006998));
#13340=CARTESIAN_POINT('',(-0.0533346140920334,0.0241367280059616,0.006998));
#13341=CARTESIAN_POINT('',(-0.0530101131934624,0.0246438947808875,0.006998));
#13342=CARTESIAN_POINT('',(-0.0533346140920333,0.0251510615558132,0.006998));
#13343=CARTESIAN_POINT('',(-0.0540757823245916,0.0238512365907099,0.006998));
#13344=CARTESIAN_POINT('',(-0.0537512814260208,0.0233440698157841,0.006998));
#13345=CARTESIAN_POINT('',(-0.0544002832231624,0.0243584033656354,0.006998));
#13346=CARTESIAN_POINT('',(-0.0540757823245916,0.0228369030408586,0.006998));
#13347=CARTESIAN_POINT('',(-0.0544002832231623,0.0223297362659333,0.006998));
#13348=CARTESIAN_POINT('',(-0.0547247841217332,0.0238512365907097,0.006998));
#13349=CARTESIAN_POINT('',(-0.055049285020304,0.0233440698157844,0.006998));
#13350=CARTESIAN_POINT('',(-0.0547247841217332,0.0228369030408588,0.006998));
#13351=CARTESIAN_POINT('',(-0.0566720249619573,0.0216042870346,0.006998));
#13352=CARTESIAN_POINT('',(-0.0527391972727025,0.0267795035854688,0.006998));
#13353=CARTESIAN_POINT('',(-0.0527587081174023,0.0267942727047033,0.006998));
#13354=CARTESIAN_POINT('',(-0.0524219365194702,0.0262836525300914,0.006998));
#13355=CARTESIAN_POINT('',(-0.0521046757662379,0.0257878014747136,0.006998));
#13356=CARTESIAN_POINT('',(-0.0524291766648087,0.0252806346997881,0.006998));
#13357=CARTESIAN_POINT('',(-0.0527536775633794,0.0247734679248628,0.006998));
#13358=CARTESIAN_POINT('',(-0.0530781784619503,0.0252806346997883,0.006998));
#13359=CARTESIAN_POINT('',(-0.0534026793605211,0.0257878014747138,0.006998));
#13360=CARTESIAN_POINT('',(-0.0530806937389617,0.0262910370897084,0.006998));
#13361=CARTESIAN_POINT('',(-0.0573702203804543,0.0213937729632045,0.006998));
#13362=CARTESIAN_POINT('',(-0.0570457194818834,0.0208866061882788,0.006998));
#13363=CARTESIAN_POINT('',(-0.0576947212790251,0.02190093973813,0.006998));
#13364=CARTESIAN_POINT('',(-0.0573702203804542,0.0203794394133533,0.006998));
#13365=CARTESIAN_POINT('',(-0.057694721279025,0.0198722726384279,0.006998));
#13366=CARTESIAN_POINT('',(-0.0580192221775959,0.0213937729632043,0.006998));
#13367=CARTESIAN_POINT('',(-0.0583437230761667,0.0208866061882789,0.006998));
#13368=CARTESIAN_POINT('',(-0.0580192221775959,0.0203794394133534,0.006998));
#13369=CARTESIAN_POINT('',(-0.0557223879843745,0.0214075049317805,0.006998));
#13370=CARTESIAN_POINT('',(-0.0553978870858037,0.0209003381568547,0.006998));
#13371=CARTESIAN_POINT('',(-0.0560468888829453,0.0219146717067059,0.006998));
#13372=CARTESIAN_POINT('',(-0.0557223879843745,0.0203931713819292,0.006998));
#13373=CARTESIAN_POINT('',(-0.0560468888829453,0.0198860046070039,0.006998));
#13374=CARTESIAN_POINT('',(-0.0563713897815161,0.0214075049317803,0.006998));
#13375=CARTESIAN_POINT('',(-0.0566958906800869,0.0209003381568549,0.006998));
#13376=CARTESIAN_POINT('',(-0.0563713897815161,0.0203931713819294,0.006998));
#13377=CARTESIAN_POINT('',(-0.0556302215489581,0.0216929963470323,0.006998));
#13378=CARTESIAN_POINT('',(-0.055954722447529,0.022200163121958,0.006998));
#13379=CARTESIAN_POINT('',(-0.0553057206503871,0.0211858295721066,0.006998));
#13380=CARTESIAN_POINT('',(-0.0556302215489582,0.0227073298968835,0.006998));
#13381=CARTESIAN_POINT('',(-0.0553057206503872,0.0232144966718092,0.006998));
#13382=CARTESIAN_POINT('',(-0.0549812197518163,0.0216929963470321,0.006998));
#13383=CARTESIAN_POINT('',(-0.0546567188532453,0.022200163121958,0.006998));
#13384=CARTESIAN_POINT('',(-0.0549812197518162,0.0227073298968837,0.006998));
#13385=CARTESIAN_POINT('',(-0.0524279499285118,0.0238649685592859,0.006998));
#13386=CARTESIAN_POINT('',(-0.052103449029941,0.0233578017843601,0.006998));
#13387=CARTESIAN_POINT('',(-0.0527524508270826,0.0243721353342113,0.006998));
#13388=CARTESIAN_POINT('',(-0.0524279499285118,0.0228506350094346,0.006998));
#13389=CARTESIAN_POINT('',(-0.0527524508270826,0.0223434682345094,0.006998));
#13390=CARTESIAN_POINT('',(-0.0530769517256534,0.0238649685592856,0.006998));
#13391=CARTESIAN_POINT('',(-0.0534014526242242,0.0233578017843603,0.006998));
#13392=CARTESIAN_POINT('',(-0.0530769517256534,0.0228506350094348,0.006998));
#13393=CARTESIAN_POINT('',(-0.0523357834930954,0.0241504599745378,0.006998));
#13394=CARTESIAN_POINT('',(-0.0526602843916664,0.0246576267494635,0.006998));
#13395=CARTESIAN_POINT('',(-0.0520112825945244,0.023643293199612,0.006998));
#13396=CARTESIAN_POINT('',(-0.0523357834930955,0.0251647935243889,0.006998));
#13397=CARTESIAN_POINT('',(-0.0520112825945246,0.0256719602993145,0.006998));
#13398=CARTESIAN_POINT('',(-0.0516867816959536,0.0241504599745375,0.006998));
#13399=CARTESIAN_POINT('',(-0.0513622807973826,0.0246576267494635,0.006998));
#13400=CARTESIAN_POINT('',(-0.0516867816959535,0.0251647935243892,0.006998));
#13401=CARTESIAN_POINT('',(-0.0380505536111898,-0.0483402383327484,-0.0005));
#13402=CARTESIAN_POINT('',(-0.0380505536111898,-0.0483402383327484,-0.0005));
#13403=CARTESIAN_POINT('',(-0.0373005536111898,-0.0483402383327484,-0.0005));
#13404=CARTESIAN_POINT('',(-0.0568005536111897,-0.00984023833274841,-0.0005));
#13405=CARTESIAN_POINT('',(-0.0755505536111897,0.0316597616672516,-0.0005));
#13406=CARTESIAN_POINT('',(-0.0755505536111897,0.0316597616672516,-0.0005));
#13407=CARTESIAN_POINT('',(-0.0748005536111897,0.0316597616672516,-0.0005));
#13408=CARTESIAN_POINT('',(-0.0568005536111897,-0.00984023833274841,-0.0005));
#13409=CARTESIAN_POINT('',(-0.0755505536111897,0.0116597616672516,-0.0005));
#13410=CARTESIAN_POINT('',(-0.0755505536111897,0.0116597616672516,-0.0005));
#13411=CARTESIAN_POINT('',(-0.0748005536111897,0.0116597616672516,-0.0005));
#13412=CARTESIAN_POINT('',(-0.0568005536111897,-0.00984023833274841,-0.0005));
#13413=CARTESIAN_POINT('',(-0.0755505536111897,-0.00834023833274842,-0.0005));
#13414=CARTESIAN_POINT('',(-0.0755505536111897,-0.00834023833274842,-0.0005));
#13415=CARTESIAN_POINT('',(-0.0748005536111897,-0.00834023833274842,-0.0005));
#13416=CARTESIAN_POINT('',(-0.0568005536111897,-0.00984023833274841,-0.0005));
#13417=CARTESIAN_POINT('',(-0.0755505536111897,-0.0283402383327484,-0.0005));
#13418=CARTESIAN_POINT('',(-0.0755505536111897,-0.0283402383327484,-0.0005));
#13419=CARTESIAN_POINT('',(-0.0748005536111897,-0.0283402383327484,-0.0005));
#13420=CARTESIAN_POINT('',(-0.0568005536111897,-0.00984023833274841,-0.0005));
#13421=CARTESIAN_POINT('',(-0.0755505536111897,-0.0483402383327484,-0.0005));
#13422=CARTESIAN_POINT('',(-0.0755505536111897,-0.0483402383327484,-0.0005));
#13423=CARTESIAN_POINT('',(-0.0748005536111897,-0.0483402383327484,-0.0005));
#13424=CARTESIAN_POINT('',(-0.0568005536111897,-0.00984023833274841,-0.0005));
#13425=CARTESIAN_POINT('',(-0.0380505536111898,0.0316597616672516,-0.0005));
#13426=CARTESIAN_POINT('',(-0.0380505536111898,0.0316597616672516,-0.0005));
#13427=CARTESIAN_POINT('',(-0.0373005536111898,0.0316597616672516,-0.0005));
#13428=CARTESIAN_POINT('',(-0.0568005536111897,-0.00984023833274841,-0.0005));
#13429=CARTESIAN_POINT('',(-0.0380505536111898,0.0116597616672516,-0.0005));
#13430=CARTESIAN_POINT('',(-0.0380505536111898,0.0116597616672516,-0.0005));
#13431=CARTESIAN_POINT('',(-0.0373005536111898,0.0116597616672516,-0.0005));
#13432=CARTESIAN_POINT('',(-0.0568005536111897,-0.00984023833274841,-0.0005));
#13433=CARTESIAN_POINT('',(-0.0380505536111898,-0.00834023833274842,-0.0005));
#13434=CARTESIAN_POINT('',(-0.0380505536111898,-0.00834023833274842,-0.0005));
#13435=CARTESIAN_POINT('',(-0.0373005536111898,-0.00834023833274842,-0.0005));
#13436=CARTESIAN_POINT('',(-0.0568005536111897,-0.00984023833274841,-0.0005));
#13437=CARTESIAN_POINT('',(-0.0380505536111898,-0.0283402383327484,-0.0005));
#13438=CARTESIAN_POINT('',(-0.0380505536111898,-0.0283402383327484,-0.0005));
#13439=CARTESIAN_POINT('',(-0.0373005536111898,-0.0283402383327484,-0.0005));
#13440=CARTESIAN_POINT('',(-0.0568005536111897,-0.00984023833274841,-0.0005));
#13441=CARTESIAN_POINT('',(-0.0563005536111897,-0.0513402383327484,0.0062));
#13442=CARTESIAN_POINT('',(-0.0520505536111897,-0.0513402383327484,0.0062));
#13443=CARTESIAN_POINT('',(-0.0520505536111897,-0.0523402383327484,0.0062));
#13444=CARTESIAN_POINT('',(-0.0605505536111897,-0.0523402383327484,0.0062));
#13445=CARTESIAN_POINT('',(-0.0605505536111897,-0.0523402383327484,0.0062));
#13446=CARTESIAN_POINT('',(-0.0605505536111897,-0.0513402383327484,0.0062));
#13447=CARTESIAN_POINT('',(-0.0605505536111897,-0.0513402383327484,0.0041));
#13448=CARTESIAN_POINT('',(-0.0605505536111897,-0.0523402383327484,0.0041));
#13449=CARTESIAN_POINT('',(-0.0605505536111897,-0.0523402383327484,0.002));
#13450=CARTESIAN_POINT('',(-0.0605505536111897,-0.0513402383327484,0.002));
#13451=CARTESIAN_POINT('',(-0.0563005536111897,-0.0513402383327484,0.002));
#13452=CARTESIAN_POINT('',(-0.0563005536111897,-0.0523402383327484,0.002));
#13453=CARTESIAN_POINT('',(-0.0520505536111897,-0.0523402383327484,0.002));
#13454=CARTESIAN_POINT('',(-0.0520505536111897,-0.0513402383327484,0.002));
#13455=CARTESIAN_POINT('',(-0.0520505536111897,-0.0513402383327484,0.0041));
#13456=CARTESIAN_POINT('',(-0.0520505536111897,-0.0523402383327484,0.0062));
#13457=CARTESIAN_POINT('',(-0.0568005536111897,-0.0218402383327484,0.008));
#13458=CARTESIAN_POINT('',(-0.0505505536111897,-0.0218402383327484,0.008));
#13459=CARTESIAN_POINT('',(-0.0420505536111897,-0.0218402383327484,0.008));
#13460=CARTESIAN_POINT('',(-0.0463005536111897,-0.0293402383327484,0.008));
#13461=CARTESIAN_POINT('',(-0.0505505536111897,-0.0293402383327484,0.008));
#13462=CARTESIAN_POINT('',(-0.0420505536111897,-0.0293402383327484,0.008));
#13463=CARTESIAN_POINT('',(-0.0420505536111897,-0.0098402383327484,0.008));
#13464=CARTESIAN_POINT('',(-0.0568005536111897,-0.0218402383327484,0.008));
#13465=CARTESIAN_POINT('',(-0.0630505536111897,-0.0218402383327484,0.008));
#13466=CARTESIAN_POINT('',(-0.0715505536111897,-0.0218402383327484,0.008));
#13467=CARTESIAN_POINT('',(-0.0715505536111897,-0.0255902383327484,0.008));
#13468=CARTESIAN_POINT('',(-0.0715505536111897,-0.0293402383327484,0.008));
#13469=CARTESIAN_POINT('',(-0.0673005536111897,-0.0293402383327484,0.008));
#13470=CARTESIAN_POINT('',(-0.0630505536111897,-0.0293402383327484,0.008));
#13471=CARTESIAN_POINT('',(-0.0568005536111897,-0.0218402383327484,0.008));
#13472=CARTESIAN_POINT('',(-0.0605505536111897,-0.0218402383327484,0.008));
#13473=CARTESIAN_POINT('',(-0.0520505536111897,-0.0218402383327484,0.008));
#13474=CARTESIAN_POINT('',(-0.0615505536111897,-0.0523402383327484,0.0041));
#13475=CARTESIAN_POINT('',(-0.0615505536111897,-0.0523402383327484,0.001));
#13476=CARTESIAN_POINT('',(-0.0615505536111897,-0.0523402383327484,0.0072));
#13477=CARTESIAN_POINT('',(-0.0568005536111897,-0.0523402383327484,0.0072));
#13478=CARTESIAN_POINT('',(-0.0510505536111897,-0.0523402383327484,0.0072));
#13479=CARTESIAN_POINT('',(-0.0563005536111897,-0.0523402383327484,0.001));
#13480=CARTESIAN_POINT('',(-0.0510505536111897,-0.0523402383327484,0.001));
#13481=CARTESIAN_POINT('',(-0.0510505536111897,-0.0523402383327484,0.009));
#13482=CARTESIAN_POINT('',(-0.0380505536111898,0.0326597616672516,0.009));
#13483=CARTESIAN_POINT('',(-0.0380505536111898,0.0326597616672516,0.008));
#13484=CARTESIAN_POINT('',(-0.0380505536111898,0.0326597616672516,0.008));
#13485=CARTESIAN_POINT('',(-0.0380505536111898,0.0326597616672516,0.008));
#13486=CARTESIAN_POINT('',(-0.0380505536111898,0.0326597616672516,0.008));
#13487=CARTESIAN_POINT('',(-0.0755505536111897,0.0326597616672516,0.009));
#13488=CARTESIAN_POINT('',(-0.0755505536111897,0.0326597616672516,0.008));
#13489=CARTESIAN_POINT('',(-0.0568005536111897,0.0326597616672516,0.008));
#13490=CARTESIAN_POINT('',(-0.0755505536111897,0.0326597616672516,0.008));
#13491=CARTESIAN_POINT('',(-0.0380505536111898,-0.00984023833274841,0.008));
#13492=CARTESIAN_POINT('',(-0.0380505536111898,-0.0523402383327484,0.008));
#13493=CARTESIAN_POINT('',(-0.0380505536111898,-0.0523402383327484,0.009));
#13494=CARTESIAN_POINT('',(-0.0380505536111898,-0.0523402383327484,0.008));
#13495=CARTESIAN_POINT('',(-0.0755505536111897,0.0326597616672516,0.008));
#13496=CARTESIAN_POINT('',(-0.0755505536111897,0.0326597616672516,0.008));
#13497=CARTESIAN_POINT('',(-0.0380505536111898,-0.0523402383327484,0.008));
#13498=CARTESIAN_POINT('',(-0.0380505536111898,-0.0523402383327484,0.008));
#13499=CARTESIAN_POINT('',(-0.0755505536111897,-0.0098402383327484,0.008));
#13500=CARTESIAN_POINT('',(-0.0755505536111897,-0.0523402383327484,0.008));
#13501=CARTESIAN_POINT('',(-0.0568005536111897,-0.0523402383327484,0.008));
#13502=CARTESIAN_POINT('',(-0.0755505536111897,-0.0523402383327484,0.008));
#13503=CARTESIAN_POINT('',(-0.0755505536111897,-0.0523402383327484,0.008));
#13504=CARTESIAN_POINT('',(-0.0755505536111897,-0.0523402383327484,0.008));
#13505=CARTESIAN_POINT('',(-0.0755505536111897,-0.0523402383327484,0.009));
#13506=CARTESIAN_POINT('',(-0.0640505536111897,-0.0218713363483548,0.009));
#13507=CARTESIAN_POINT('',(-0.0640505536111897,-0.0218402383327484,0.008));
#13508=CARTESIAN_POINT('',(-0.0595505536111897,-0.0218713363483548,0.009));
#13509=CARTESIAN_POINT('',(-0.0595505536111897,-0.0283402383327484,0.008));
#13510=CARTESIAN_POINT('',(-0.0495505536111897,-0.0218713363483548,0.009));
#13511=CARTESIAN_POINT('',(-0.0495505536111897,-0.0293402383327484,0.008));
#13512=CARTESIAN_POINT('',(-0.0530505536111897,-0.0218713363483548,0.009));
#13513=CARTESIAN_POINT('',(-0.0530505536111897,-0.0218402383327484,0.008));
#13514=CARTESIAN_POINT('',(-0.0700505536111897,0.000659761667251591,0.008));
#13515=CARTESIAN_POINT('',(-0.0700505536111897,-0.00884023833274841,0.008));
#13516=CARTESIAN_POINT('',(-0.0700505536111897,0.0101597616672516,0.008));
#13517=CARTESIAN_POINT('',(-0.0568005536111897,0.0101597616672516,0.008));
#13518=CARTESIAN_POINT('',(-0.0435505536111898,0.0101597616672516,0.008));
#13519=CARTESIAN_POINT('',(-0.0568005536111897,-0.00884023833274841,0.008));
#13520=CARTESIAN_POINT('',(-0.0435505536111898,-0.00884023833274841,0.008));
#13521=CARTESIAN_POINT('',(-0.0435505536111898,-0.0098402383327484,0.008));
#13522=CARTESIAN_POINT('',(-0.0505505536111897,-0.0098402383327484,0.008));
#13523=CARTESIAN_POINT('',(-0.0605505536111897,-0.0098402383327484,0.008));
#13524=CARTESIAN_POINT('',(-0.0605505536111897,-0.0293402383327484,0.008));
#13525=CARTESIAN_POINT('',(-0.0563005536111897,-0.0293402383327484,0.008));
#13526=CARTESIAN_POINT('',(-0.0520505536111897,-0.0293402383327484,0.008));
#13527=CARTESIAN_POINT('',(-0.0520505536111897,-0.0098402383327484,0.008));
#13528=CARTESIAN_POINT('',(-0.0630505536111897,-0.0098402383327484,0.008));
#13529=CARTESIAN_POINT('',(-0.0430505536111897,-0.0333402383327484,0.006));
#13530=CARTESIAN_POINT('',(-0.0430505536111897,-0.0333402383327484,0.00702146305234685));
#13531=CARTESIAN_POINT('',(-0.0681618318429175,-0.0491300988479418,0.008));
#13532=CARTESIAN_POINT('',(-0.0681618318429175,-0.0491300988479418,0.008));
#13533=CARTESIAN_POINT('',(-0.0680829755566113,-0.0491300988479418,0.008));
#13534=CARTESIAN_POINT('',(-0.0682406881292237,-0.0491300988479418,0.008));
#13535=CARTESIAN_POINT('',(-0.0680829755566113,-0.0491300988479418,0.008));
#13536=CARTESIAN_POINT('',(-0.0680829755566113,-0.0491300988479418,0.0088));
#13537=CARTESIAN_POINT('',(-0.0684406881292237,-0.0491300988479418,0.0088));
#13538=CARTESIAN_POINT('',(-0.0682406881292237,-0.0491300988479418,0.0088));
#13539=CARTESIAN_POINT('',(-0.0682406881292237,-0.0491300988479418,0.008));
#13540=CARTESIAN_POINT('',(-0.0684406881292237,-0.0479394523538097,0.008));
#13541=CARTESIAN_POINT('',(-0.0684406881292237,-0.0479394523538097,0.008));
#13542=CARTESIAN_POINT('',(-0.0684406881292237,-0.0489300988479418,0.008));
#13543=CARTESIAN_POINT('',(-0.0684406881292237,-0.0467488058596776,0.008));
#13544=CARTESIAN_POINT('',(-0.0684406881292237,-0.0489300988479418,0.008));
#13545=CARTESIAN_POINT('',(-0.0684406881292237,-0.0489300988479418,0.0088));
#13546=CARTESIAN_POINT('',(-0.0684406881292237,-0.0467488058596776,0.0088));
#13547=CARTESIAN_POINT('',(-0.0684406881292237,-0.0467488058596776,0.0088));
#13548=CARTESIAN_POINT('',(-0.0684406881292237,-0.0467488058596776,0.008));
#13549=CARTESIAN_POINT('',(-0.0684406881292237,-0.0467488058596776,0.008));
#13550=CARTESIAN_POINT('',(-0.0684406881292237,-0.0467488058596776,0.0088));
#13551=CARTESIAN_POINT('',(-0.0684406881292237,-0.0464493532516467,0.008));
#13552=CARTESIAN_POINT('',(-0.0684406881292237,-0.0464493532516467,0.0088));
#13553=CARTESIAN_POINT('',(-0.0685089246385896,-0.0462256592878725,0.008));
#13554=CARTESIAN_POINT('',(-0.0685089246385896,-0.0462256592878725,0.0088));
#13555=CARTESIAN_POINT('',(-0.0686453976573213,-0.0460777239683549,0.008));
#13556=CARTESIAN_POINT('',(-0.0686453976573213,-0.0460777239683549,0.0088));
#13557=CARTESIAN_POINT('',(-0.0684406881292237,-0.0467488058596776,0.0088));
#13558=CARTESIAN_POINT('',(-0.0684406917832448,-0.0465087256461184,0.0088));
#13559=CARTESIAN_POINT('',(-0.0684810773373328,-0.0462558454700747,0.0088));
#13560=CARTESIAN_POINT('',(-0.0686453976573213,-0.0460777239683549,0.0088));
#13561=CARTESIAN_POINT('',(-0.0686453976573213,-0.0460777239683549,0.0088));
#13562=CARTESIAN_POINT('',(-0.0686453976573213,-0.0460777239683549,0.008));
#13563=CARTESIAN_POINT('',(-0.0686453976573213,-0.0460777239683549,0.008));
#13564=CARTESIAN_POINT('',(-0.0684406881292237,-0.0467488058596776,0.008));
#13565=CARTESIAN_POINT('',(-0.0684406881292237,-0.0462996269476313,0.008));
#13566=CARTESIAN_POINT('',(-0.0686453976573213,-0.0460777239683549,0.008));
#13567=CARTESIAN_POINT('',(-0.0686453976573213,-0.0460777239683549,0.008));
#13568=CARTESIAN_POINT('',(-0.0686453976573213,-0.0460777239683549,0.0088));
#13569=CARTESIAN_POINT('',(-0.0687818706760531,-0.0459297886488373,0.008));
#13570=CARTESIAN_POINT('',(-0.0687818706760531,-0.0459297886488373,0.0088));
#13571=CARTESIAN_POINT('',(-0.0689958933235393,-0.0458558209890785,0.008));
#13572=CARTESIAN_POINT('',(-0.0689958933235393,-0.0458558209890785,0.0088));
#13573=CARTESIAN_POINT('',(-0.0692874655997798,-0.0458558209890785,0.008));
#13574=CARTESIAN_POINT('',(-0.0692874655997798,-0.0458558209890785,0.0088));
#13575=CARTESIAN_POINT('',(-0.0686453976573213,-0.0460777239683549,0.0088));
#13576=CARTESIAN_POINT('',(-0.0688034496498395,-0.0459064154530083,0.0088));
#13577=CARTESIAN_POINT('',(-0.06905350483744,-0.0458558209890785,0.0088));
#13578=CARTESIAN_POINT('',(-0.0692874655997798,-0.0458558209890785,0.0088));
#13579=CARTESIAN_POINT('',(-0.0692874655997798,-0.0458558209890785,0.0088));
#13580=CARTESIAN_POINT('',(-0.0692874655997798,-0.0458558209890785,0.008));
#13581=CARTESIAN_POINT('',(-0.0692874655997798,-0.0458558209890785,0.008));
#13582=CARTESIAN_POINT('',(-0.0686453976573213,-0.0460777239683549,0.008));
#13583=CARTESIAN_POINT('',(-0.068850107185419,-0.0458558209890785,0.008));
#13584=CARTESIAN_POINT('',(-0.0692874655997798,-0.0458558209890785,0.008));
#13585=CARTESIAN_POINT('',(-0.0692874655997798,-0.0458558209890785,0.008));
#13586=CARTESIAN_POINT('',(-0.0692874655997798,-0.0458558209890785,0.0088));
#13587=CARTESIAN_POINT('',(-0.0696743182513029,-0.0458558209890785,0.008));
#13588=CARTESIAN_POINT('',(-0.0696743182513029,-0.0458558209890785,0.0088));
#13589=CARTESIAN_POINT('',(-0.0699567565066047,-0.0459611308775487,0.008));
#13590=CARTESIAN_POINT('',(-0.0699567565066047,-0.0459611308775487,0.0088));
#13591=CARTESIAN_POINT('',(-0.0701347803656852,-0.046171750654489,0.008));
#13592=CARTESIAN_POINT('',(-0.0701347803656852,-0.046171750654489,0.0088));
#13593=CARTESIAN_POINT('',(-0.0692874655997798,-0.0458558209890785,0.0088));
#13594=CARTESIAN_POINT('',(-0.0695980969657966,-0.0458558253607021,0.0088));
#13595=CARTESIAN_POINT('',(-0.0699317862105412,-0.0459315885554454,0.0088));
#13596=CARTESIAN_POINT('',(-0.0701347803656852,-0.046171750654489,0.0088));
#13597=CARTESIAN_POINT('',(-0.0701347803656852,-0.046171750654489,0.0088));
#13598=CARTESIAN_POINT('',(-0.0701347803656852,-0.046171750654489,0.008));
#13599=CARTESIAN_POINT('',(-0.0701347803656852,-0.046171750654489,0.008));
#13600=CARTESIAN_POINT('',(-0.0692874655997798,-0.0458558209890785,0.008));
#13601=CARTESIAN_POINT('',(-0.0698677445770644,-0.0458558209890785,0.008));
#13602=CARTESIAN_POINT('',(-0.0701347803656852,-0.046171750654489,0.008));
#13603=CARTESIAN_POINT('',(-0.0701347803656852,-0.046171750654489,0.008));
#13604=CARTESIAN_POINT('',(-0.0701347803656852,-0.046171750654489,0.0088));
#13605=CARTESIAN_POINT('',(-0.0703128042247657,-0.0463823704314293,0.008));
#13606=CARTESIAN_POINT('',(-0.0703128042247657,-0.0463823704314293,0.0088));
#13607=CARTESIAN_POINT('',(-0.0704018161543059,-0.0467269558488045,0.008));
#13608=CARTESIAN_POINT('',(-0.0704018161543059,-0.0467269558488045,0.0088));
#13609=CARTESIAN_POINT('',(-0.0704018161543059,-0.0472055069066145,0.008));
#13610=CARTESIAN_POINT('',(-0.0704018161543059,-0.0472055069066145,0.0088));
#13611=CARTESIAN_POINT('',(-0.0701347803656852,-0.046171750654489,0.0088));
#13612=CARTESIAN_POINT('',(-0.0703714708610732,-0.0464518019182361,0.0088));
#13613=CARTESIAN_POINT('',(-0.0704018161543059,-0.0468418097163711,0.0088));
#13614=CARTESIAN_POINT('',(-0.0704018161543059,-0.0472055069066145,0.0088));
#13615=CARTESIAN_POINT('',(-0.0704018161543059,-0.0472055069066145,0.0088));
#13616=CARTESIAN_POINT('',(-0.0704018161543059,-0.0472055069066145,0.008));
#13617=CARTESIAN_POINT('',(-0.0704018161543059,-0.0472055069066145,0.008));
#13618=CARTESIAN_POINT('',(-0.0701347803656852,-0.046171750654489,0.008));
#13619=CARTESIAN_POINT('',(-0.0704018161543059,-0.0464876803198995,0.008));
#13620=CARTESIAN_POINT('',(-0.0704018161543059,-0.0472055069066145,0.008));
#13621=CARTESIAN_POINT('',(-0.0704018161543059,-0.0481678028772782,0.008));
#13622=CARTESIAN_POINT('',(-0.0704018161543059,-0.0491300988479418,0.0088));
#13623=CARTESIAN_POINT('',(-0.0704018161543059,-0.0489300988479418,0.0088));
#13624=CARTESIAN_POINT('',(-0.0704018161543059,-0.0489300988479418,0.008));
#13625=CARTESIAN_POINT('',(-0.0704018161543059,-0.0489300988479418,0.008));
#13626=CARTESIAN_POINT('',(-0.0704018161543059,-0.0481678028772782,0.008));
#13627=CARTESIAN_POINT('',(-0.0706806724406122,-0.0491300988479418,0.008));
#13628=CARTESIAN_POINT('',(-0.0709595287269184,-0.0491300988479418,0.0088));
#13629=CARTESIAN_POINT('',(-0.0706018161543059,-0.0491300988479418,0.0088));
#13630=CARTESIAN_POINT('',(-0.0707595287269184,-0.0491300988479418,0.0088));
#13631=CARTESIAN_POINT('',(-0.0707595287269184,-0.0491300988479418,0.008));
#13632=CARTESIAN_POINT('',(-0.0707595287269184,-0.0491300988479418,0.008));
#13633=CARTESIAN_POINT('',(-0.0706806724406122,-0.0491300988479418,0.008));
#13634=CARTESIAN_POINT('',(-0.0706018161543059,-0.0491300988479418,0.008));
#13635=CARTESIAN_POINT('',(-0.0706018161543059,-0.0491300988479418,0.008));
#13636=CARTESIAN_POINT('',(-0.0709595287269184,-0.046517231564113,0.008));
#13637=CARTESIAN_POINT('',(-0.0709595287269184,-0.046517231564113,0.008));
#13638=CARTESIAN_POINT('',(-0.0709595287269184,-0.0489300988479418,0.008));
#13639=CARTESIAN_POINT('',(-0.0709595287269184,-0.0441542418781942,0.008));
#13640=CARTESIAN_POINT('',(-0.0709595287269184,-0.0489300988479418,0.008));
#13641=CARTESIAN_POINT('',(-0.0709595287269184,-0.0489300988479418,0.0088));
#13642=CARTESIAN_POINT('',(-0.0709595287269184,-0.0439043642802843,0.0088));
#13643=CARTESIAN_POINT('',(-0.0709595287269184,-0.0441043642802843,0.0088));
#13644=CARTESIAN_POINT('',(-0.0709595287269184,-0.0441043642802843,0.008));
#13645=CARTESIAN_POINT('',(-0.0709595287269184,-0.0441043642802843,0.00800124466197835));
#13646=CARTESIAN_POINT('',(-0.0709595287269184,-0.0441542418781942,0.009));
#13647=CARTESIAN_POINT('',(-0.0706806724406122,-0.0439043642802843,0.008));
#13648=CARTESIAN_POINT('',(-0.0704018161543059,-0.0439043642802843,0.00803172256761669));
#13649=CARTESIAN_POINT('',(-0.0706018161543059,-0.0439043642802843,0.00803172256761669));
#13650=CARTESIAN_POINT('',(-0.0707595287269184,-0.0439043642802843,0.00803172256761669));
#13651=CARTESIAN_POINT('',(-0.0707595287269184,-0.0439043642802843,0.008));
#13652=CARTESIAN_POINT('',(-0.0707595287269184,-0.0439043642802843,0.0088));
#13653=CARTESIAN_POINT('',(-0.0704018161543059,-0.0439043642802843,0.0088));
#13654=CARTESIAN_POINT('',(-0.0706018161543059,-0.0439043642802843,0.0088));
#13655=CARTESIAN_POINT('',(-0.0706018161543059,-0.0439043642802843,0.008));
#13656=CARTESIAN_POINT('',(-0.0704018161543059,-0.0446952630345092,0.008));
#13657=CARTESIAN_POINT('',(-0.0704018161543059,-0.0441043642802843,0.008));
#13658=CARTESIAN_POINT('',(-0.0704018161543059,-0.0441043642802843,0.00800124466197835));
#13659=CARTESIAN_POINT('',(-0.0704018161543059,-0.0441043642802843,0.0088));
#13660=CARTESIAN_POINT('',(-0.0704018161543059,-0.0454861617887342,0.0088));
#13661=CARTESIAN_POINT('',(-0.0704020712502491,-0.0454861651901685,0.00879999975));
#13662=CARTESIAN_POINT('',(-0.0704018161543059,-0.0454861617887342,0.008));
#13663=CARTESIAN_POINT('',(-0.0704020712502491,-0.0454861651901685,0.00800000025));
#13664=CARTESIAN_POINT('',(-0.0704018161543059,-0.0446952630345092,0.008));
#13665=CARTESIAN_POINT('',(-0.0704018161543059,-0.0441542418781942,0.008));
#13666=CARTESIAN_POINT('',(-0.0704018161543059,-0.0441542418781942,0.009));
#13667=CARTESIAN_POINT('',(-0.073913629950116,-0.0455329881070322,0.008));
#13668=CARTESIAN_POINT('',(-0.0704018161543059,-0.0454861617887342,0.0088));
#13669=CARTESIAN_POINT('',(-0.0704018169355226,-0.0456445094591932,0.0088));
#13670=CARTESIAN_POINT('',(-0.0704062784771197,-0.0458032391742781,0.0088));
#13671=CARTESIAN_POINT('',(-0.0704286809217728,-0.04596005628685,0.0088));
#13672=CARTESIAN_POINT('',(-0.0704286809217728,-0.04596005628685,0.0088));
#13673=CARTESIAN_POINT('',(-0.0704280800887972,-0.04596005628685,0.008));
#13674=CARTESIAN_POINT('',(-0.0704280800887972,-0.04596005628685,0.008));
#13675=CARTESIAN_POINT('',(-0.073913629950116,-0.0455329881070322,0.008));
#13676=CARTESIAN_POINT('',(-0.0704120247659434,-0.04596005628685,0.008));
#13677=CARTESIAN_POINT('',(-0.0703953686101139,-0.04596005628685,0.0088));
#13678=CARTESIAN_POINT('',(-0.0703953686101139,-0.04596005628685,0.0088));
#13679=CARTESIAN_POINT('',(-0.070396025796593,-0.04596005628685,0.008));
#13680=CARTESIAN_POINT('',(-0.070396025796593,-0.04596005628685,0.008));
#13681=CARTESIAN_POINT('',(-0.0704120247659434,-0.04596005628685,0.008));
#13682=CARTESIAN_POINT('',(-0.0694376730366011,-0.0465655998358655,0.008));
#13683=CARTESIAN_POINT('',(-0.0703953686101139,-0.04596005628685,0.0088));
#13684=CARTESIAN_POINT('',(-0.070283425544296,-0.0457793488097973,0.0088));
#13685=CARTESIAN_POINT('',(-0.0701167259025938,-0.0456373153985937,0.0088));
#13686=CARTESIAN_POINT('',(-0.0699268470654915,-0.0455420405050653,0.0088));
#13687=CARTESIAN_POINT('',(-0.0699268470654915,-0.0455420405050653,0.0088));
#13688=CARTESIAN_POINT('',(-0.0699268470654915,-0.0455420405050653,0.008));
#13689=CARTESIAN_POINT('',(-0.0699268470654915,-0.0455420405050653,0.008));
#13690=CARTESIAN_POINT('',(-0.0694376730366011,-0.0465655998358655,0.008));
#13691=CARTESIAN_POINT('',(-0.0699268470654915,-0.0455420405050653,0.008));
#13692=CARTESIAN_POINT('',(-0.0699268470654915,-0.0455420405050653,0.0088));
#13693=CARTESIAN_POINT('',(-0.0697241076203414,-0.0454403125855907,0.008));
#13694=CARTESIAN_POINT('',(-0.0697241076203414,-0.0454403125855907,0.0088));
#13695=CARTESIAN_POINT('',(-0.0694930706201263,-0.0453894486258534,0.008));
#13696=CARTESIAN_POINT('',(-0.0694930706201263,-0.0453894486258534,0.0088));
#13697=CARTESIAN_POINT('',(-0.069233736064846,-0.0453894486258534,0.008));
#13698=CARTESIAN_POINT('',(-0.069233736064846,-0.0453894486258534,0.0088));
#13699=CARTESIAN_POINT('',(-0.0699268470654915,-0.0455420405050653,0.0088));
#13700=CARTESIAN_POINT('',(-0.0697137876362898,-0.0454351403891309,0.0088));
#13701=CARTESIAN_POINT('',(-0.0694728668694734,-0.0453894486258534,0.0088));
#13702=CARTESIAN_POINT('',(-0.069233736064846,-0.0453894486258534,0.0088));
#13703=CARTESIAN_POINT('',(-0.069233736064846,-0.0453894486258534,0.0088));
#13704=CARTESIAN_POINT('',(-0.069233736064846,-0.0453894486258534,0.008));
#13705=CARTESIAN_POINT('',(-0.069233736064846,-0.0453894486258534,0.008));
#13706=CARTESIAN_POINT('',(-0.0699268470654915,-0.0455420405050653,0.008));
#13707=CARTESIAN_POINT('',(-0.0696227378977664,-0.0453894486258534,0.008));
#13708=CARTESIAN_POINT('',(-0.069233736064846,-0.0453894486258534,0.008));
#13709=CARTESIAN_POINT('',(-0.069233736064846,-0.0453894486258534,0.008));
#13710=CARTESIAN_POINT('',(-0.069233736064846,-0.0453894486258534,0.0088));
#13711=CARTESIAN_POINT('',(-0.0687838407590007,-0.0453894486258534,0.008));
#13712=CARTESIAN_POINT('',(-0.0687838407590007,-0.0453894486258534,0.0088));
#13713=CARTESIAN_POINT('',(-0.0684462401811669,-0.0454963704003716,0.008));
#13714=CARTESIAN_POINT('',(-0.0684462401811669,-0.0454963704003716,0.0088));
#13715=CARTESIAN_POINT('',(-0.0682209343313446,-0.045710213949408,0.008));
#13716=CARTESIAN_POINT('',(-0.0682209343313446,-0.045710213949408,0.0088));
#13717=CARTESIAN_POINT('',(-0.069233736064846,-0.0453894486258534,0.0088));
#13718=CARTESIAN_POINT('',(-0.0688696774120953,-0.0453894524721071,0.0088));
#13719=CARTESIAN_POINT('',(-0.0684873102339394,-0.0454573897620486,0.0088));
#13720=CARTESIAN_POINT('',(-0.0682209343313446,-0.045710213949408,0.0088));
#13721=CARTESIAN_POINT('',(-0.0682209343313446,-0.045710213949408,0.0088));
#13722=CARTESIAN_POINT('',(-0.0682209343313446,-0.045710213949408,0.008));
#13723=CARTESIAN_POINT('',(-0.0682209343313446,-0.045710213949408,0.008));
#13724=CARTESIAN_POINT('',(-0.069233736064846,-0.0453894486258534,0.008));
#13725=CARTESIAN_POINT('',(-0.068558893106078,-0.0453894486258534,0.008));
#13726=CARTESIAN_POINT('',(-0.0682209343313446,-0.045710213949408,0.008));
#13727=CARTESIAN_POINT('',(-0.0682209343313446,-0.045710213949408,0.008));
#13728=CARTESIAN_POINT('',(-0.0682209343313446,-0.045710213949408,0.0088));
#13729=CARTESIAN_POINT('',(-0.0679956284815224,-0.0459240574984443,0.008));
#13730=CARTESIAN_POINT('',(-0.0679956284815224,-0.0459240574984443,0.0088));
#13731=CARTESIAN_POINT('',(-0.0678829755566113,-0.0462638072576755,0.008));
#13732=CARTESIAN_POINT('',(-0.0678829755566113,-0.0462638072576755,0.0088));
#13733=CARTESIAN_POINT('',(-0.0678829755566113,-0.0467294632271014,0.008));
#13734=CARTESIAN_POINT('',(-0.0678829755566113,-0.0467294632271014,0.0088));
#13735=CARTESIAN_POINT('',(-0.0682209343313446,-0.045710213949408,0.0088));
#13736=CARTESIAN_POINT('',(-0.0679524485749658,-0.0459650585174119,0.0088));
#13737=CARTESIAN_POINT('',(-0.0678829755566113,-0.0463604304591988,0.0088));
#13738=CARTESIAN_POINT('',(-0.0678829755566113,-0.0467294632271014,0.0088));
#13739=CARTESIAN_POINT('',(-0.0678829755566113,-0.0467294632271014,0.0088));
#13740=CARTESIAN_POINT('',(-0.0678829755566113,-0.0467294632271014,0.008));
#13741=CARTESIAN_POINT('',(-0.0678829755566113,-0.0467294632271014,0.008));
#13742=CARTESIAN_POINT('',(-0.0682209343313446,-0.045710213949408,0.008));
#13743=CARTESIAN_POINT('',(-0.0678829755566113,-0.0460309792729625,0.008));
#13744=CARTESIAN_POINT('',(-0.0678829755566113,-0.0467294632271014,0.008));
#13745=CARTESIAN_POINT('',(-0.0678829755566113,-0.0479297810375216,0.008));
#13746=CARTESIAN_POINT('',(-0.0678829755566113,-0.0491300988479418,0.0088));
#13747=CARTESIAN_POINT('',(-0.0678829755566113,-0.0489300988479418,0.0088));
#13748=CARTESIAN_POINT('',(-0.0678829755566113,-0.0489300988479418,0.008));
#13749=CARTESIAN_POINT('',(-0.0678829755566113,-0.0489300988479418,0.008));
#13750=CARTESIAN_POINT('',(-0.0678829755566113,-0.0479297810375216,0.008));
#13751=CARTESIAN_POINT('',(-0.0568005536111897,-0.0098402383327484,0.008));
#13752=CARTESIAN_POINT('',(-0.0669937870139254,-0.0431542418781942,0.008));
#13753=CARTESIAN_POINT('',(-0.0669937870139254,-0.0491542418781941,0.008));
#13754=CARTESIAN_POINT('',(-0.0669937870139254,-0.0441542418781942,0.008));
#13755=CARTESIAN_POINT('',(-0.0568005536111897,-0.0441542418781942,0.008));
#13756=CARTESIAN_POINT('',(-0.0680829755566113,-0.0489300988479418,0.008));
#13757=CARTESIAN_POINT('',(-0.0682406881292237,-0.0489300988479418,0.008));
#13758=CARTESIAN_POINT('',(-0.0706018161543059,-0.0489300988479418,0.008));
#13759=CARTESIAN_POINT('',(-0.0707595287269184,-0.0489300988479418,0.008));
#13760=CARTESIAN_POINT('',(-0.0568005536111897,-0.0441542418781942,0.008));
#13761=CARTESIAN_POINT('',(-0.0719937870139254,-0.0441542418781942,0.008));
#13762=CARTESIAN_POINT('',(-0.0719937870139254,-0.0098402383327484,0.008));
#13763=CARTESIAN_POINT('',(-0.0719937870139254,-0.0491542418781941,0.008));
#13764=CARTESIAN_POINT('',(-0.0659937870139254,-0.0491542418781941,0.008));
#13765=CARTESIAN_POINT('',(-0.0568005536111897,-0.0098402383327484,0.009));
#13766=CARTESIAN_POINT('',(-0.0682406881292237,-0.0491300988479418,0.009));
#13767=CARTESIAN_POINT('',(-0.0682406881292237,-0.0467488058596776,0.009));
#13768=CARTESIAN_POINT('',(-0.0682406881292237,-0.0489300988479418,0.009));
#13769=CARTESIAN_POINT('',(-0.0678829755566113,-0.0489300988479418,0.009));
#13770=CARTESIAN_POINT('',(-0.0680829755566113,-0.0489300988479418,0.009));
#13771=CARTESIAN_POINT('',(-0.0680829755566113,-0.0467294632271014,0.009));
#13772=CARTESIAN_POINT('',(-0.0680829755566113,-0.0467294632271014,0.009));
#13773=CARTESIAN_POINT('',(-0.0680829755566113,-0.0467294632271014,0.009));
#13774=CARTESIAN_POINT('',(-0.0680829755566113,-0.0464148197330962,0.009));
#13775=CARTESIAN_POINT('',(-0.0681286576898274,-0.0460735379364022,0.009));
#13776=CARTESIAN_POINT('',(-0.0683586175369847,-0.0458552771593705,0.009));
#13777=CARTESIAN_POINT('',(-0.0683586175369848,-0.0458552771593706,0.009));
#13778=CARTESIAN_POINT('',(-0.0683586175369848,-0.0458552771593706,0.009));
#13779=CARTESIAN_POINT('',(-0.0685880318996375,-0.0456375341156446,0.009));
#13780=CARTESIAN_POINT('',(-0.068920354216269,-0.0455894486258534,0.009));
#13781=CARTESIAN_POINT('',(-0.069233736064846,-0.0455894486258534,0.009));
#13782=CARTESIAN_POINT('',(-0.069233736064846,-0.0455894486258534,0.009));
#13783=CARTESIAN_POINT('',(-0.069233736064846,-0.0455894486258534,0.009));
#13784=CARTESIAN_POINT('',(-0.0694418009157207,-0.0455894486258534,0.009));
#13785=CARTESIAN_POINT('',(-0.069651023741097,-0.0456274065694626,0.009));
#13786=CARTESIAN_POINT('',(-0.0698371517728123,-0.0457207994334328,0.009));
#13787=CARTESIAN_POINT('',(-0.0698371517728123,-0.0457207994334331,0.009));
#13788=CARTESIAN_POINT('',(-0.0698371517728123,-0.0457207994334331,0.009));
#13789=CARTESIAN_POINT('',(-0.0698759996175951,-0.0457402919915927,0.009));
#13790=CARTESIAN_POINT('',(-0.0699136174876854,-0.0457617665747541,0.009));
#13791=CARTESIAN_POINT('',(-0.069949809775906,-0.045785538391286,0.009));
#13792=CARTESIAN_POINT('',(-0.0699498097759081,-0.0457855383912826,0.009));
#13793=CARTESIAN_POINT('',(-0.0699498097759081,-0.0457855383912826,0.009));
#13794=CARTESIAN_POINT('',(-0.0697448909302841,-0.0456886067303354,0.009));
#13795=CARTESIAN_POINT('',(-0.0695151622217886,-0.0456558209890785,0.009));
#13796=CARTESIAN_POINT('',(-0.0692874655997798,-0.0456558209890785,0.009));
#13797=CARTESIAN_POINT('',(-0.0692874655997798,-0.0456558209890785,0.009));
#13798=CARTESIAN_POINT('',(-0.0692874655997798,-0.0456558209890785,0.009));
#13799=CARTESIAN_POINT('',(-0.0689980636222842,-0.0456558209890785,0.009));
#13800=CARTESIAN_POINT('',(-0.0686959223185665,-0.0457279958881292,0.009));
#13801=CARTESIAN_POINT('',(-0.0684983960367473,-0.0459421123038544,0.009));
#13802=CARTESIAN_POINT('',(-0.0684983960367473,-0.0459421123038544,0.009));
#13803=CARTESIAN_POINT('',(-0.0684983960367473,-0.0459421123038544,0.009));
#13804=CARTESIAN_POINT('',(-0.0683001594592105,-0.0461569986726804,0.009));
#13805=CARTESIAN_POINT('',(-0.0682406881292237,-0.0464585044619826,0.009));
#13806=CARTESIAN_POINT('',(-0.0682406881292237,-0.0467488058596776,0.009));
#13807=CARTESIAN_POINT('',(-0.0669937870139254,-0.0441542418781942,0.009));
#13808=CARTESIAN_POINT('',(-0.0669937870139254,-0.0441542418781942,0.009));
#13809=CARTESIAN_POINT('',(-0.0669937870139254,-0.0441542418781942,0.009));
#13810=CARTESIAN_POINT('',(-0.0568005536111897,-0.0441542418781942,0.009));
#13811=CARTESIAN_POINT('',(-0.0719937870139254,-0.0441542418781942,0.009));
#13812=CARTESIAN_POINT('',(-0.0709595287269184,-0.0441043642802843,0.00800124466197835));
#13813=CARTESIAN_POINT('',(-0.0709595287269184,-0.0439982577022964,0.00800654359859575));
#13814=CARTESIAN_POINT('',(-0.0708657802186216,-0.0439043642802843,0.00803172256761669));
#13815=CARTESIAN_POINT('',(-0.0707595287269184,-0.0439043642802843,0.00803172256761669));
#13816=CARTESIAN_POINT('',(-0.0706018161543059,-0.0439043642802843,0.00803172256761669));
#13817=CARTESIAN_POINT('',(-0.0704955739631502,-0.0439043642802843,0.00803172256761669));
#13818=CARTESIAN_POINT('',(-0.070401816154303,-0.0439982746574999,0.00800654275185647));
#13819=CARTESIAN_POINT('',(-0.0704018161543025,-0.0441043642802834,0.00800124466197775));
#13820=CARTESIAN_POINT('',(-0.0669937870139254,-0.0466542418781941,0.009));
#13821=CARTESIAN_POINT('',(-0.0669937870139254,-0.0491542418781941,0.009));
#13822=CARTESIAN_POINT('',(-0.0719937870139254,-0.0441542418781942,0.009));
#13823=CARTESIAN_POINT('',(-0.0719937870139254,-0.0441542418781942,0.009));
#13824=CARTESIAN_POINT('',(-0.0669937870139254,-0.0491542418781941,0.009));
#13825=CARTESIAN_POINT('',(-0.0669937870139254,-0.0491542418781941,0.009));
#13826=CARTESIAN_POINT('',(-0.0719937870139254,-0.0098402383327484,0.009));
#13827=CARTESIAN_POINT('',(-0.0719937870139254,-0.0491542418781941,0.009));
#13828=CARTESIAN_POINT('',(-0.0694937870139254,-0.0491542418781941,0.009));
#13829=CARTESIAN_POINT('',(-0.0719937870139254,-0.0491542418781941,0.009));
#13830=CARTESIAN_POINT('',(-0.0719937870139254,-0.0491542418781941,0.009));
#13831=CARTESIAN_POINT('',(-0.0707595287269184,-0.0441043642802843,0.008));
#13832=CARTESIAN_POINT('',(-0.0707595287269184,-0.0441043642802843,0.0088));
#13833=CARTESIAN_POINT('',(-0.0707595287269184,-0.0489300988479418,0.008));
#13834=CARTESIAN_POINT('',(-0.0707595287269184,-0.0489300988479418,0.0088));
#13835=CARTESIAN_POINT('',(-0.0707595287269184,-0.046517231564113,0.0088));
#13836=CARTESIAN_POINT('',(-0.0707595287269184,-0.0441043642802843,0.0088));
#13837=CARTESIAN_POINT('',(-0.0707595287269184,-0.0489300988479418,0.0088));
#13838=CARTESIAN_POINT('',(-0.0707595287269184,-0.0441043642802843,0.0088));
#13839=CARTESIAN_POINT('',(-0.0707595287269184,-0.0441043642802843,0.0088));
#13840=CARTESIAN_POINT('',(-0.0707595287269184,-0.0489300988479418,0.0088));
#13841=CARTESIAN_POINT('',(-0.0707595287269184,-0.0489300988479418,0.0088));
#13842=CARTESIAN_POINT('',(-0.0706806724406122,-0.0441043642802843,0.0088));
#13843=CARTESIAN_POINT('',(-0.0706018161543059,-0.0441043642802843,0.0088));
#13844=CARTESIAN_POINT('',(-0.0706018161543059,-0.0441043642802843,0.008));
#13845=CARTESIAN_POINT('',(-0.0706018161543059,-0.0441043642802843,0.0088));
#13846=CARTESIAN_POINT('',(-0.0706018161543059,-0.0489300988479418,0.008));
#13847=CARTESIAN_POINT('',(-0.0706018161543059,-0.0489300988479418,0.0088));
#13848=CARTESIAN_POINT('',(-0.0706806724406122,-0.0489300988479418,0.0088));
#13849=CARTESIAN_POINT('',(-0.0706018161543059,-0.0489300988479418,0.0088));
#13850=CARTESIAN_POINT('',(-0.0706018161543059,-0.0441043642802843,0.0088));
#13851=CARTESIAN_POINT('',(-0.0706018161543059,-0.0441043642802843,0.0088));
#13852=CARTESIAN_POINT('',(-0.0706018161543059,-0.0489300988479418,0.0088));
#13853=CARTESIAN_POINT('',(-0.0706018161543059,-0.0489300988479418,0.0088));
#13854=CARTESIAN_POINT('',(-0.0706018161543059,-0.0446952630345092,0.0088));
#13855=CARTESIAN_POINT('',(-0.0706018161543059,-0.0454861617887342,0.0088));
#13856=CARTESIAN_POINT('',(-0.0706018161543059,-0.0481678028772782,0.0088));
#13857=CARTESIAN_POINT('',(-0.0706018161543059,-0.0472055069066145,0.0088));
#13858=CARTESIAN_POINT('',(-0.0706018161543059,-0.0454861617887342,0.009));
#13859=CARTESIAN_POINT('',(-0.0704018161543059,-0.0454861617887342,0.009));
#13860=CARTESIAN_POINT('',(-0.0704018161543059,-0.0454861617887342,0.0088));
#13861=CARTESIAN_POINT('',(-0.0706018161296383,-0.0457132731892655,0.009));
#13862=CARTESIAN_POINT('',(-0.0704018161270795,-0.0457209945063983,0.00899999999999624));
#13863=CARTESIAN_POINT('',(-0.0704018161543059,-0.0457209945064214,0.00880000000000039));
#13864=CARTESIAN_POINT('',(-0.0706277330252839,-0.0459392074490527,0.009));
#13865=CARTESIAN_POINT('',(-0.0704297431266297,-0.0459674917203546,0.00900000000000892));
#13866=CARTESIAN_POINT('',(-0.0704297431265514,-0.0459674917203003,0.0088));
#13867=CARTESIAN_POINT('',(-0.0706598576538007,-0.0461640798486722,0.009));
#13868=CARTESIAN_POINT('',(-0.0704618677550685,-0.0461923641199197,0.009));
#13869=CARTESIAN_POINT('',(-0.0704618677550685,-0.0461923641199197,0.0088));
#13870=CARTESIAN_POINT('',(-0.0704286809217728,-0.04596005628685,0.0088));
#13871=CARTESIAN_POINT('',(-0.0704286809217728,-0.04596005628685,0.00886784554966362));
#13872=CARTESIAN_POINT('',(-0.0705081311749797,-0.0460289631261204,0.00897597304509434));
#13873=CARTESIAN_POINT('',(-0.0706089677324897,-0.0461164182087699,0.009));
#13874=CARTESIAN_POINT('',(-0.0706592828592547,-0.04616005628685,0.009));
#13875=CARTESIAN_POINT('',(-0.0701347803656852,-0.046171750654489,0.0088));
#13876=CARTESIAN_POINT('',(-0.0701347803656852,-0.046171750654489,0.009));
#13877=CARTESIAN_POINT('',(-0.0702875265750668,-0.0460426437394164,0.009));
#13878=CARTESIAN_POINT('',(-0.0699436342381642,-0.0459456059402388,0.0088));
#13879=CARTESIAN_POINT('',(-0.0699436342034736,-0.04594560596801,0.00899999999987516));
#13880=CARTESIAN_POINT('',(-0.0700468760693809,-0.0457579305291701,0.009));
#13881=CARTESIAN_POINT('',(-0.0696265051828398,-0.0458558209890785,0.0088));
#13882=CARTESIAN_POINT('',(-0.0696265051837275,-0.0458558209507197,0.00900000000011009));
#13883=CARTESIAN_POINT('',(-0.069658315420465,-0.0456558209348439,0.009));
#13884=CARTESIAN_POINT('',(-0.0692874655997798,-0.0458558209890785,0.0088));
#13885=CARTESIAN_POINT('',(-0.0692874655997798,-0.0458558209890785,0.009));
#13886=CARTESIAN_POINT('',(-0.0692874655997798,-0.0456558209890785,0.009));
#13887=CARTESIAN_POINT('',(-0.0702875265750668,-0.0460426437394164,0.0088));
#13888=CARTESIAN_POINT('',(-0.0702626351280469,-0.0460636829386669,0.00899732655158432));
#13889=CARTESIAN_POINT('',(-0.0692874655997798,-0.0456558209890785,0.0088));
#13890=CARTESIAN_POINT('',(-0.0702626351280469,-0.0460636829386669,0.00899732655158431));
#13891=CARTESIAN_POINT('',(-0.0701795306398172,-0.0459492599866001,0.0089990433824952));
#13892=CARTESIAN_POINT('',(-0.0700712457001455,-0.0458542691924035,0.00899999999999999));
#13893=CARTESIAN_POINT('',(-0.0699498097758824,-0.0457855383912704,0.009));
#13894=CARTESIAN_POINT('',(-0.0704018161543059,-0.0472055069066145,0.0088));
#13895=CARTESIAN_POINT('',(-0.0704018161543059,-0.0472055069066145,0.009));
#13896=CARTESIAN_POINT('',(-0.0706018161543059,-0.0472055069066145,0.009));
#13897=CARTESIAN_POINT('',(-0.0704018161543059,-0.0468150053241126,0.0088));
#13898=CARTESIAN_POINT('',(-0.0704018161835601,-0.0468150053241059,0.009));
#13899=CARTESIAN_POINT('',(-0.0706018161887861,-0.0467947680064464,0.009));
#13900=CARTESIAN_POINT('',(-0.0703450104229783,-0.0464204735391736,0.0088));
#13901=CARTESIAN_POINT('',(-0.0703450103819618,-0.0464204735721262,0.00899999999986141));
#13902=CARTESIAN_POINT('',(-0.0705546856323256,-0.0463587194368181,0.009));
#13903=CARTESIAN_POINT('',(-0.0701347803656852,-0.046171750654489,0.0088));
#13904=CARTESIAN_POINT('',(-0.0701347803656852,-0.046171750654489,0.009));
#13905=CARTESIAN_POINT('',(-0.0702875265750668,-0.0460426437394164,0.009));
#13906=CARTESIAN_POINT('',(-0.0703726593494399,-0.04616005628685,0.009));
#13907=CARTESIAN_POINT('',(-0.0703502385440896,-0.0461476120636932,0.009));
#13908=CARTESIAN_POINT('',(-0.0703271550238857,-0.0461352369466527,0.00899881038999541));
#13909=CARTESIAN_POINT('',(-0.0703043296333869,-0.0461235386110126,0.00899663788890148));
#13910=CARTESIAN_POINT('',(-0.0703043296333869,-0.0461235386110127,0.00899663788890101));
#13911=CARTESIAN_POINT('',(-0.070304329633382,-0.0461235386110161,0.00899663788890246));
#13912=CARTESIAN_POINT('',(-0.0702908195503588,-0.0461033208268871,0.00899679363588137));
#13913=CARTESIAN_POINT('',(-0.0702769291247463,-0.0460833637204654,0.00899703125615703));
#13914=CARTESIAN_POINT('',(-0.0702626351280469,-0.0460636829386669,0.00899732655158431));
#13915=CARTESIAN_POINT('',(-0.0704120247659434,-0.04616005628685,0.0088));
#13916=CARTESIAN_POINT('',(-0.0703953686101139,-0.04596005628685,0.0088));
#13917=CARTESIAN_POINT('',(-0.0703953686101139,-0.04596005628685,0.00889939925617317));
#13918=CARTESIAN_POINT('',(-0.0703514042828546,-0.0460390047840651,0.00898093908890365));
#13919=CARTESIAN_POINT('',(-0.0703043296333869,-0.0461235386110127,0.008996637888901));
#13920=CARTESIAN_POINT('',(-0.0692874655997798,-0.0458558209890785,0.0088));
#13921=CARTESIAN_POINT('',(-0.0692874655997798,-0.0458558209890785,0.009));
#13922=CARTESIAN_POINT('',(-0.0692874655997798,-0.0456558209890785,0.009));
#13923=CARTESIAN_POINT('',(-0.0690281466759423,-0.0458558209890785,0.0088));
#13924=CARTESIAN_POINT('',(-0.0690281466761163,-0.0458558209438584,0.00900000000002166));
#13925=CARTESIAN_POINT('',(-0.0689980636172153,-0.0456558209213865,0.009));
#13926=CARTESIAN_POINT('',(-0.0687914228692927,-0.0459194341716512,0.0088));
#13927=CARTESIAN_POINT('',(-0.0687914229095876,-0.0459194342088228,0.009));
#13928=CARTESIAN_POINT('',(-0.068695922362837,-0.0457279959437433,0.009));
#13929=CARTESIAN_POINT('',(-0.0686453976573213,-0.0460777239683549,0.0088));
#13930=CARTESIAN_POINT('',(-0.0686453976573213,-0.0460777239683549,0.009));
#13931=CARTESIAN_POINT('',(-0.0684983960367473,-0.0459421123038544,0.009));
#13932=CARTESIAN_POINT('',(-0.0684983960367473,-0.0459421123038544,0.0088));
#13933=CARTESIAN_POINT('',(-0.0699268470654915,-0.0455420405050653,0.0088));
#13934=CARTESIAN_POINT('',(-0.0699268470654915,-0.0455420405050653,0.009));
#13935=CARTESIAN_POINT('',(-0.0698371517728123,-0.0457207994334331,0.009));
#13936=CARTESIAN_POINT('',(-0.070034664705724,-0.045596139815712,0.0088));
#13937=CARTESIAN_POINT('',(-0.0700346647274765,-0.04559613977295,0.00900000000002745));
#13938=CARTESIAN_POINT('',(-0.0699297421465812,-0.0457672581731542,0.009));
#13939=CARTESIAN_POINT('',(-0.0702465364094101,-0.0457338198982687,0.0088));
#13940=CARTESIAN_POINT('',(-0.0702465363985339,-0.0457338199196502,0.00899999999998627));
#13941=CARTESIAN_POINT('',(-0.0701055272385725,-0.0458827384866039,0.009));
#13942=CARTESIAN_POINT('',(-0.0703906886282061,-0.0459525010219401,0.0088));
#13943=CARTESIAN_POINT('',(-0.070390688628206,-0.0459525010219391,0.009));
#13944=CARTESIAN_POINT('',(-0.0702206649451947,-0.0460578193357083,0.009));
#13945=CARTESIAN_POINT('',(-0.0704452618875105,-0.0460406029503596,0.0088));
#13946=CARTESIAN_POINT('',(-0.0704452618875105,-0.0460406029503596,0.009));
#13947=CARTESIAN_POINT('',(-0.0702752382044985,-0.0461459212641281,0.009));
#13948=CARTESIAN_POINT('',(-0.0698371517728123,-0.0457207994334331,0.0088));
#13949=CARTESIAN_POINT('',(-0.0686453976573213,-0.0460777239683549,0.0088));
#13950=CARTESIAN_POINT('',(-0.0686453976573213,-0.0460777239683549,0.009));
#13951=CARTESIAN_POINT('',(-0.0684983960367473,-0.0459421123038544,0.009));
#13952=CARTESIAN_POINT('',(-0.0684968115492365,-0.0462387897495597,0.0088));
#13953=CARTESIAN_POINT('',(-0.0684968116010128,-0.046238789797322,0.009));
#13954=CARTESIAN_POINT('',(-0.0683001595585025,-0.0461569987354956,0.009));
#13955=CARTESIAN_POINT('',(-0.0684406881292237,-0.0464852455425214,0.0088));
#13956=CARTESIAN_POINT('',(-0.0684406880864312,-0.0464852455425159,0.009));
#13957=CARTESIAN_POINT('',(-0.0682406880694553,-0.0464585044595922,0.009));
#13958=CARTESIAN_POINT('',(-0.0684406881292237,-0.0467488058596776,0.0088));
#13959=CARTESIAN_POINT('',(-0.0684406881292237,-0.0467488058596776,0.009));
#13960=CARTESIAN_POINT('',(-0.0682406881292237,-0.0467488058596776,0.009));
#13961=CARTESIAN_POINT('',(-0.0682406881292237,-0.0467488058596776,0.0088));
#13962=CARTESIAN_POINT('',(-0.069233736064846,-0.0453894486258534,0.0088));
#13963=CARTESIAN_POINT('',(-0.069233736064846,-0.0453894486258534,0.009));
#13964=CARTESIAN_POINT('',(-0.069233736064846,-0.0455894486258534,0.009));
#13965=CARTESIAN_POINT('',(-0.0694651349201147,-0.0453894486258534,0.0088));
#13966=CARTESIAN_POINT('',(-0.0694651349199914,-0.0453894485764868,0.00899999999998456));
#13967=CARTESIAN_POINT('',(-0.0694418009181348,-0.045589448589718,0.009));
#13968=CARTESIAN_POINT('',(-0.06970769289328,-0.0454320762207755,0.0088));
#13969=CARTESIAN_POINT('',(-0.0697076928798877,-0.0454320762474612,0.009));
#13970=CARTESIAN_POINT('',(-0.069651023732684,-0.045627406590772,0.009));
#13971=CARTESIAN_POINT('',(-0.0699268470654915,-0.0455420405050653,0.0088));
#13972=CARTESIAN_POINT('',(-0.0699268470654915,-0.0455420405050653,0.009));
#13973=CARTESIAN_POINT('',(-0.0698371517728123,-0.0457207994334331,0.009));
#13974=CARTESIAN_POINT('',(-0.069233736064846,-0.0455894486258534,0.0088));
#13975=CARTESIAN_POINT('',(-0.0682406881292237,-0.0489300988479418,0.008));
#13976=CARTESIAN_POINT('',(-0.0682406881292237,-0.0489300988479418,0.0088));
#13977=CARTESIAN_POINT('',(-0.0682406881292237,-0.0479394523538097,0.0088));
#13978=CARTESIAN_POINT('',(-0.0682406881292237,-0.0489300988479418,0.0088));
#13979=CARTESIAN_POINT('',(-0.0682209343313446,-0.045710213949408,0.0088));
#13980=CARTESIAN_POINT('',(-0.0682209343313446,-0.045710213949408,0.009));
#13981=CARTESIAN_POINT('',(-0.0683586175369848,-0.0458552771593706,0.009));
#13982=CARTESIAN_POINT('',(-0.0685128041929345,-0.0454331927930182,0.0088));
#13983=CARTESIAN_POINT('',(-0.068512804340505,-0.0454331929485001,0.009));
#13984=CARTESIAN_POINT('',(-0.0685880319827321,-0.0456375342461684,0.009));
#13985=CARTESIAN_POINT('',(-0.0688966090489836,-0.0453894486258534,0.0088));
#13986=CARTESIAN_POINT('',(-0.0688966090489869,-0.0453894485654096,0.009));
#13987=CARTESIAN_POINT('',(-0.0689203542147966,-0.0455894485768483,0.009));
#13988=CARTESIAN_POINT('',(-0.069233736064846,-0.0453894486258534,0.0088));
#13989=CARTESIAN_POINT('',(-0.069233736064846,-0.0453894486258534,0.009));
#13990=CARTESIAN_POINT('',(-0.069233736064846,-0.0455894486258534,0.009));
#13991=CARTESIAN_POINT('',(-0.0683586175369848,-0.0458552771593706,0.0088));
#13992=CARTESIAN_POINT('',(-0.0682406881292237,-0.0489300988479418,0.0088));
#13993=CARTESIAN_POINT('',(-0.0682406881292237,-0.0489300988479418,0.0088));
#13994=CARTESIAN_POINT('',(-0.0678829755566113,-0.0467294632271014,0.0088));
#13995=CARTESIAN_POINT('',(-0.0678829755566113,-0.0467294632271014,0.009));
#13996=CARTESIAN_POINT('',(-0.0680829755566113,-0.0467294632271014,0.009));
#13997=CARTESIAN_POINT('',(-0.0678829755566113,-0.0465604325836771,0.0088));
#13998=CARTESIAN_POINT('',(-0.0678829755259397,-0.0465604325836781,0.009));
#13999=CARTESIAN_POINT('',(-0.0680829755317001,-0.046572141479703,0.009));
#14000=CARTESIAN_POINT('',(-0.0679069738612967,-0.0462169786489363,0.00880000000000014));
#14001=CARTESIAN_POINT('',(-0.0679069738538775,-0.046216978624952,0.00900000000000292));
#14002=CARTESIAN_POINT('',(-0.0681076530429129,-0.0462562746131238,0.009));
#14003=CARTESIAN_POINT('',(-0.0680709568375405,-0.0458525614276292,0.00879999999999973));
#14004=CARTESIAN_POINT('',(-0.0680709568830506,-0.0458525614755967,0.00899999999999417));
#14005=CARTESIAN_POINT('',(-0.0682436376461039,-0.0459644075772106,0.009));
#14006=CARTESIAN_POINT('',(-0.0682209343313446,-0.045710213949408,0.0088));
#14007=CARTESIAN_POINT('',(-0.0682209343313446,-0.045710213949408,0.009));
#14008=CARTESIAN_POINT('',(-0.0683586175369848,-0.0458552771593706,0.009));
#14009=CARTESIAN_POINT('',(-0.0680829755566113,-0.0467294632271014,0.0088));
#14010=CARTESIAN_POINT('',(-0.0681618318429175,-0.0489300988479418,0.0088));
#14011=CARTESIAN_POINT('',(-0.0680829755566113,-0.0489300988479418,0.0088));
#14012=CARTESIAN_POINT('',(-0.0680829755566113,-0.0479297810375216,0.0088));
#14013=CARTESIAN_POINT('',(-0.0680829755566113,-0.0489300988479418,0.0088));
#14014=CARTESIAN_POINT('',(-0.0680829755566113,-0.0489300988479418,0.0088));
#14015=CARTESIAN_POINT('',(-0.0680829755566113,-0.0489300988479418,0.0088));
#14016=CARTESIAN_POINT('',(-0.0680829755566113,-0.0489300988479418,0.008));
#14017=CARTESIAN_POINT('',(-0.00650862650261789,-0.00354741110652686,0.0015461248680852));
#14018=MECHANICAL_DESIGN_GEOMETRIC_PRESENTATION_REPRESENTATION('',(#8633),
#14019);
#14019=(
GEOMETRIC_REPRESENTATION_CONTEXT(3)
GLOBAL_UNCERTAINTY_ASSIGNED_CONTEXT((#14021))
GLOBAL_UNIT_ASSIGNED_CONTEXT((#14025,#14024,#14023))
REPRESENTATION_CONTEXT('Assembly 1','TOP_LEVEL_ASSEMBLY_PART')
);
#14020=(
GEOMETRIC_REPRESENTATION_CONTEXT(3)
GLOBAL_UNCERTAINTY_ASSIGNED_CONTEXT((#14022))
GLOBAL_UNIT_ASSIGNED_CONTEXT((#14025,#14024,#14023))
REPRESENTATION_CONTEXT('Part 1','COMPONENT_PART')
);
#14021=UNCERTAINTY_MEASURE_WITH_UNIT(LENGTH_MEASURE(1.E-8),#14025,
'DISTANCE_ACCURACY_VALUE','Maximum Tolerance applied to model');
#14022=UNCERTAINTY_MEASURE_WITH_UNIT(LENGTH_MEASURE(2.E-5),#14025,
'DISTANCE_ACCURACY_VALUE','Maximum Tolerance applied to model');
#14023=(
NAMED_UNIT(*)
SI_UNIT($,.STERADIAN.)
SOLID_ANGLE_UNIT()
);
#14024=(
NAMED_UNIT(*)
PLANE_ANGLE_UNIT()
SI_UNIT($,.RADIAN.)
);
#14025=(
LENGTH_UNIT()
NAMED_UNIT(*)
SI_UNIT($,.METRE.)
);
#14026=PRODUCT_DEFINITION_SHAPE('','',#14029);
#14027=PRODUCT_DEFINITION_SHAPE('','',#14030);
#14028=PRODUCT_DEFINITION_SHAPE(' ','NAUO PRDDFN',#11);
#14029=PRODUCT_DEFINITION('','',#14033,#14031);
#14030=PRODUCT_DEFINITION('','',#14034,#14032);
#14031=PRODUCT_DEFINITION_CONTEXT('',#14044,'design');
#14032=PRODUCT_DEFINITION_CONTEXT('',#14044,'design');
#14033=PRODUCT_DEFINITION_FORMATION_WITH_SPECIFIED_SOURCE('','',#14037,
 .NOT_KNOWN.);
#14034=PRODUCT_DEFINITION_FORMATION_WITH_SPECIFIED_SOURCE('','',#14038,
 .NOT_KNOWN.);
#14035=PRODUCT_RELATED_PRODUCT_CATEGORY('','',(#14037));
#14036=PRODUCT_RELATED_PRODUCT_CATEGORY('','',(#14038));
#14037=PRODUCT('Assembly 1','Assembly 1','Assembly 1',(#14041));
#14038=PRODUCT('Part 1','Part 1','Part 1',(#14042));
#14039=PRODUCT_CATEGORY('','');
#14040=PRODUCT_CATEGORY('','');
#14041=PRODUCT_CONTEXT('',#14044,'mechanical');
#14042=PRODUCT_CONTEXT('',#14044,'mechanical');
#14043=APPLICATION_PROTOCOL_DEFINITION('international standard',
'ap242_managed_model_based_3d_engineering',2020,#14044);
#14044=APPLICATION_CONTEXT('managed model based 3d engineering');
ENDSEC;
END-ISO-10303-21;
